id,first_name,last_name,email,department,phone_number,city
3001,Penn,Dable,pdable0@liveinternet.ru,Sales,678-207-0263,Atlanta
3002,Demetris,Dreschler,ddreschler1@oakley.com,Training,935-437-2949,Cantagallo
3003,Delphinia,Cicerone,dcicerone2@reuters.com,Services,515-955-0126,Urazovka
3004,Bondon,Isham,bisham3@dedecms.com,Product Management,719-758-1156,Sampangan
3005,Kylila,Pilkington,kpilkington4@quantcast.com,Legal,925-558-3792,Hoopstad
3006,Lela,Shew,lshew5@princeton.edu,Product Management,137-393-9645,Buayan
3007,Colette,Ramey,cramey6@seattletimes.com,Services,412-113-1446,Rozsypne
3008,Daria,Bennit,dbennit7@biglobe.ne.jp,Engineering,362-462-8484,Polen
3009,Renelle,Tilson,rtilson8@desdev.cn,Product Management,645-411-0115,Baiba
3010,Merl,Linscott,mlinscott9@de.vu,Accounting,595-866-8093,Nyurba
3011,Robina,Node,rnodea@comsenz.com,Human Resources,765-531-6462,Santa Justina
3012,Friedrich,Limming,flimmingb@over-blog.com,Sales,500-123-9834,Yongfeng
3013,Maddie,Sennett,msennettc@dyndns.org,Product Management,613-237-8347,Strážná
3014,Delcine,Aronsohn,daronsohnd@cmu.edu,Marketing,214-335-2655,Jinping
3015,Ladonna,Leborgne,lleborgnee@plala.or.jp,Legal,161-737-5158,Huertas
3016,Britt,Bummfrey,bbummfreyf@sourceforge.net,Services,959-633-1582,Cangkringan
3017,Friedrick,Pawlicki,fpawlickig@123-reg.co.uk,Legal,414-651-4533,El Almendro
3018,Christen,Tippler,ctipplerh@zimbio.com,Engineering,333-869-8999,Kalchevaya
3019,Ron,Dunnan,rdunnani@google.ca,Support,990-943-8264,Stanisław Dolny
3020,Hildy,Vitte,hvittej@ted.com,Engineering,692-911-2203,Landivisiau
3021,Tedie,Babst,tbabstk@ask.com,Engineering,311-287-7967,Dongting
3022,George,Pollock,gpollockl@goodreads.com,Human Resources,545-290-9002,Guangshan Chengguanzhen
3023,Tansy,Meddings,tmeddingsm@google.ru,Sales,290-333-7021,Bani
3024,Benjamin,Checchetelli,bchecchetellin@stanford.edu,Training,755-709-8385,Qitan
3025,Milton,Fancutt,mfancutto@howstuffworks.com,Research and Development,235-323-6298,Cikulina
3026,Stanleigh,Kitchinham,skitchinhamp@hexun.com,Engineering,206-296-4541,Tha Uthen
3027,Ros,McGuiness,rmcguinessq@tamu.edu,Business Development,833-876-9790,Bassano
3028,Dorise,Juszczak,djuszczakr@archive.org,Engineering,111-503-3319,Solna
3029,Hilda,MacGinley,hmacginleys@nps.gov,Services,668-107-7396,Adelaide Mail Centre
3030,Dexter,Osgar,dosgart@imgur.com,Human Resources,768-565-7227,Chengxi
3031,Barbie,Reilingen,breilingenu@bloomberg.com,Accounting,909-905-1164,Chenjiaba
3032,Davon,Wastie,dwastiev@slate.com,Sales,590-859-6206,Huyuan
3033,Rodina,Gooddy,rgooddyw@cmu.edu,Legal,618-401-9264,Ebute Ikorodu
3034,Cart,Chirm,cchirmx@moonfruit.com,Services,156-931-7602,Argavand
3035,Armando,Scading,ascadingy@github.io,Legal,600-655-2660,Siaya
3036,Timothea,Cauley,tcauleyz@ning.com,Human Resources,917-865-4914,Taclobo
3037,Courtney,Bletsoe,cbletsoe10@microsoft.com,Sales,261-873-7358,Sennoy
3038,Fernande,Sunner,fsunner11@cnbc.com,Accounting,341-675-0590,Boshof
3039,Axel,Jore,ajore12@samsung.com,Human Resources,543-644-2885,Antsiranana
3040,Ian,Digges,idigges13@tmall.com,Business Development,861-947-3817,Mirecourt
3041,Tobye,Mantha,tmantha14@com.com,Training,874-770-0488,Balaoang
3042,Ripley,McRonald,rmcronald15@ow.ly,Engineering,118-147-5914,Chodová Planá
3043,Tiler,Silcocks,tsilcocks16@google.com.au,Accounting,843-920-1017,Chama
3044,Angela,Enderson,aenderson17@comsenz.com,Accounting,154-817-6643,Auriflama
3045,Emera,Piechnik,epiechnik18@tumblr.com,Training,716-348-9287,Greytown
3046,Dael,Craig,dcraig19@paginegialle.it,Business Development,907-781-7062,Tozeur
3047,Dewie,Mountjoy,dmountjoy1a@1688.com,Human Resources,149-559-5409,Марино
3048,Erinn,Peppett,epeppett1b@issuu.com,Training,593-243-2050,Wādī al ‘Uyūn
3049,Kerby,Giannotti,kgiannotti1c@blogger.com,Accounting,465-859-0345,Paris 08
3050,Coleman,Claw,cclaw1d@wikipedia.org,Support,323-189-2227,Shimonoseki
3051,Tamiko,Disbury,tdisbury1e@addthis.com,Legal,608-978-7598,Brooklyn
3052,Helsa,Couttes,hcouttes1f@soup.io,Services,824-310-5506,Vila
3053,Juieta,Vaneschi,jvaneschi1g@geocities.jp,Marketing,222-914-3903,Potiskum
3054,Levin,Titterton,ltitterton1h@fda.gov,Research and Development,367-700-3686,Pedraza
3055,Law,Polon,lpolon1i@sciencedaily.com,Human Resources,581-713-4796,Kislyakovskaya
3056,Giulia,Waplington,gwaplington1j@pbs.org,Training,556-696-4586,Jovellanos
3057,Gerianna,Farnin,gfarnin1k@quantcast.com,Engineering,741-704-6283,Nunutba
3058,Hortense,Corner,hcorner1l@msn.com,Engineering,917-661-5828,Dasheng
3059,Stan,Uren,suren1m@soup.io,Business Development,849-552-9005,Konispol
3060,Violetta,Klisch,vklisch1n@studiopress.com,Research and Development,572-660-5021,Ciguna
3061,Ainsley,Gertray,agertray1o@diigo.com,Product Management,647-622-7945,Shuimen
3062,Kacie,Canavan,kcanavan1p@eventbrite.com,Research and Development,239-809-7825,Kraśniczyn
3063,Terri-jo,Orbell,torbell1q@discuz.net,Services,153-242-1496,Zbiroh
3064,Cairistiona,Jorat,cjorat1r@redcross.org,Marketing,420-654-9042,Cértegui
3065,Tomas,Tondeur,ttondeur1s@mysql.com,Training,989-661-3170,Saginaw
3066,Jannelle,Thying,jthying1t@godaddy.com,Services,198-961-6472,Pirallahı
3067,Stavros,Brignall,sbrignall1u@yahoo.com,Business Development,306-514-8759,Tapon
3068,Bobette,Rhead,brhead1v@usda.gov,Product Management,666-273-7146,Jiḩānah
3069,Marney,Ovell,movell1w@over-blog.com,Legal,510-277-1280,Andovoranto
3070,Nissy,Rugg,nrugg1x@mtv.com,Support,886-599-3565,Baoquanshan
3071,Justus,Flippen,jflippen1y@wufoo.com,Engineering,589-965-8644,Bergen
3072,Joannes,Donavan,jdonavan1z@mashable.com,Accounting,178-799-7424,Qiryat Yam
3073,Sean,Matieu,smatieu20@cdc.gov,Research and Development,794-536-1214,Konëvo
3074,Lenci,Gurner,lgurner21@ucla.edu,Accounting,133-790-1896,Pingyao
3075,Lanita,Furlong,lfurlong22@google.it,Training,489-179-1307,Samphanthawong
3076,Saundra,Broszkiewicz,sbroszkiewicz23@jigsy.com,Marketing,257-137-9510,Payao
3077,Anson,Morffew,amorffew24@wix.com,Product Management,861-707-1337,Butterworth
3078,August,Slaight,aslaight25@pen.io,Sales,101-169-6137,Xinzhou
3079,Davon,Sever,dsever26@yahoo.com,Legal,790-947-7728,Karangsari
3080,Tomas,Overall,toverall27@sourceforge.net,Product Management,644-621-2580,Qinshan
3081,Alyss,Carlone,acarlone28@europa.eu,Product Management,830-946-1410,Contraalmirante Cordero
3082,Hildegaard,Pietron,hpietron29@microsoft.com,Legal,883-567-9766,Miribanteng
3083,Izzy,Dennerly,idennerly2a@cmu.edu,Product Management,713-663-3456,Zabłocie
3084,Pren,Placido,pplacido2b@salon.com,Research and Development,313-904-9244,Anton
3085,Sofie,Fitt,sfitt2c@eventbrite.com,Product Management,230-865-1857,Xumu
3086,Corri,Sillito,csillito2d@yelp.com,Business Development,695-346-4243,Aguitu
3087,Moshe,Keneforde,mkeneforde2e@theguardian.com,Legal,571-320-7846,Peñarrubia
3088,Darline,MacGilmartin,dmacgilmartin2f@com.com,Services,773-784-5717,Mae Lao
3089,Auria,Samarth,asamarth2g@lycos.com,Marketing,654-328-8487,Cabean
3090,Katha,Bladge,kbladge2h@ask.com,Research and Development,156-301-1335,Loga
3091,Georgine,Urrey,gurrey2i@biblegateway.com,Marketing,257-996-1247,Urek-urek
3092,Reeva,MacConneely,rmacconneely2j@prlog.org,Accounting,112-128-6278,Tianguá
3093,Jilli,Lemoir,jlemoir2k@yahoo.com,Support,525-676-1924,Hīrna
3094,Kandace,Schottli,kschottli2l@java.com,Training,779-270-9019,Sobral
3095,Rycca,Kordas,rkordas2m@pbs.org,Support,640-152-0047,Marsa Alam
3096,Dyane,Voyce,dvoyce2n@dmoz.org,Training,731-508-1572,Cergy-Pontoise
3097,Maurice,Pessel,mpessel2o@xing.com,Training,862-744-5679,Baiyushan
3098,Dewitt,Bernuzzi,dbernuzzi2p@mail.ru,Research and Development,822-507-9933,Stadtbredimus
3099,Sallee,Pawels,spawels2q@state.tx.us,Training,591-143-7170,Povedniki
3100,Dolley,Tunney,dtunney2r@blog.com,Business Development,776-852-8232,Kalahang
3101,Sig,Poynton,spoynton2s@uol.com.br,Marketing,991-290-2377,Trinidad
3102,Carolee,Sprowell,csprowell2t@earthlink.net,Services,617-934-4075,Stanisław Dolny
3103,Penrod,Stainburn,pstainburn2u@free.fr,Human Resources,177-767-0749,San Miguel de Tucumán
3104,Garey,Tarborn,gtarborn2v@cornell.edu,Legal,327-833-3791,Cernay
3105,Kayne,Domone,kdomone2w@domainmarket.com,Research and Development,612-398-5668,Itiruçu
3106,Fielding,Denacamp,fdenacamp2x@miitbeian.gov.cn,Research and Development,701-604-4033,Khrebtovaya
3107,Tulley,Tozer,ttozer2y@icio.us,Product Management,482-756-8903,Sukorejo
3108,Jeannette,Scrivener,jscrivener2z@va.gov,Research and Development,994-133-7903,Telgawah
3109,Misty,Salkeld,msalkeld30@unicef.org,Engineering,501-560-4467,Mainri
3110,Kaela,McInally,kmcinally31@fda.gov,Sales,817-945-2606,Denton
3111,Hettie,Maevela,hmaevela32@tmall.com,Legal,981-155-6376,Petrovice u Karviné
3112,Adamo,Worsalls,aworsalls33@slashdot.org,Product Management,792-443-6593,Kentau
3113,Jody,Marielle,jmarielle34@va.gov,Research and Development,488-306-2396,Youguzhuang
3114,Meggi,Tarbet,mtarbet35@merriam-webster.com,Accounting,578-782-5868,Katrineholm
3115,Philippe,Reggio,preggio36@columbia.edu,Marketing,953-799-4088,Monte Novo
3116,Erin,Macura,emacura37@example.com,Accounting,254-109-5890,Moncada
3117,Maurizio,Girardengo,mgirardengo38@angelfire.com,Support,991-922-9807,Cajueiro
3118,Pansie,Tuckwell,ptuckwell39@cornell.edu,Human Resources,967-872-2066,Paris 13
3119,Raddie,Leinster,rleinster3a@com.com,Support,294-151-3157,Tambaksari
3120,Jerrie,Letchford,jletchford3b@woothemes.com,Services,571-641-6934,Vienna
3121,Rolando,Hutchings,rhutchings3c@eepurl.com,Product Management,657-672-3907,Petrodvorets
3122,Bonni,Bool,bbool3d@booking.com,Sales,124-995-2547,Recreio
3123,Daryle,Edens,dedens3e@vkontakte.ru,Accounting,598-924-5437,Latung
3124,Annmarie,Nazaret,anazaret3f@last.fm,Sales,380-812-1701,Shibata
3125,Harmon,Billingsly,hbillingsly3g@moonfruit.com,Legal,383-158-0181,Marfino
3126,Derril,Janaszewski,djanaszewski3h@rakuten.co.jp,Support,595-190-9463,Linxi
3127,Ibrahim,Aikin,iaikin3i@disqus.com,Business Development,163-356-2507,Toroy
3128,Jewell,MacMychem,jmacmychem3j@mapquest.com,Engineering,993-177-9309,Xingfu
3129,Abigail,Mulrean,amulrean3k@amazon.co.jp,Product Management,177-836-5494,Bastia
3130,Braden,Sharkey,bsharkey3l@livejournal.com,Training,227-878-8513,Liurenba
3131,Ursa,Causton,ucauston3m@psu.edu,Marketing,131-274-3240,Boto
3132,Valaria,Slyne,vslyne3n@wp.com,Product Management,658-426-8562,Sobeok
3133,Johna,Lorey,jlorey3o@accuweather.com,Human Resources,415-791-0302,Hidalgo
3134,Elfrida,Waber,ewaber3p@npr.org,Services,275-520-1364,Onomichi
3135,Gloriane,Heam,gheam3q@java.com,Engineering,957-695-1658,Hetou
3136,Faye,Ivashev,fivashev3r@accuweather.com,Human Resources,842-288-0150,Remolino
3137,Meryl,Delph,mdelph3s@wikia.com,Research and Development,393-265-5887,Abrantes
3138,Troy,Whiteson,twhiteson3t@unesco.org,Services,795-210-9292,Xike
3139,Myra,Ashwood,mashwood3u@jigsy.com,Legal,498-473-0739,Kyzylorda
3140,Thorn,Cuxon,tcuxon3v@slate.com,Human Resources,460-511-6713,Xilaiqiao
3141,Thoma,Mingardi,tmingardi3w@comcast.net,Accounting,401-530-6451,Ouangani
3142,Bink,Ondrich,bondrich3x@infoseek.co.jp,Support,949-129-3792,Almere Haven
3143,Patience,Don,pdon3y@linkedin.com,Product Management,525-726-1156,Russkaya Polyana
3144,Alano,Dibdale,adibdale3z@wiley.com,Sales,394-637-4707,Varva
3145,Horst,Fontaine,hfontaine40@t.co,Business Development,956-808-6913,Tai’an
3146,Gavra,Jaggli,gjaggli41@360.cn,Research and Development,814-421-9353,Maghār
3147,Law,Haselhurst,lhaselhurst42@devhub.com,Training,889-690-2170,Malax
3148,Garwin,Ketch,gketch43@pbs.org,Business Development,221-355-6552,Wangcun
3149,Winfield,Sussans,wsussans44@hp.com,Accounting,356-524-0187,Kauran
3150,Stefania,Lilbourne,slilbourne45@craigslist.org,Training,319-172-5146,Matnah
3151,Estele,Lowater,elowater46@nasa.gov,Training,471-568-1114,Mayskiy
3152,Aguistin,Bilyard,abilyard47@nasa.gov,Legal,623-499-0047,Copa
3153,Kirsti,Benbow,kbenbow48@taobao.com,Sales,523-876-7057,Kananga
3154,Berty,Lince,blince49@fc2.com,Accounting,113-610-8679,Slovenj Gradec
3155,Bridget,Castells,bcastells4a@china.com.cn,Sales,670-149-6795,Đạ Tẻh
3156,Merridie,Dibsdale,mdibsdale4b@vistaprint.com,Services,892-594-4930,Goiânia
3157,Dniren,Burrells,dburrells4c@sciencedaily.com,Services,948-375-9096,Xinye
3158,Karleen,Elliman,kelliman4d@slate.com,Human Resources,832-348-1372,Primero de Mayo
3159,Jacinda,Oliver-Paull,joliverpaull4e@facebook.com,Engineering,128-216-8889,Náfplio
3160,Greer,Boerderman,gboerderman4f@imgur.com,Marketing,749-546-2597,Águas Formosas
3161,Travus,Tiron,ttiron4g@google.it,Services,592-625-0993,Casillas
3162,Christophe,Choulerton,cchoulerton4h@behance.net,Training,830-922-6822,Farafangana
3163,Mart,Grotty,mgrotty4i@vimeo.com,Research and Development,302-475-8537,Awsīm
3164,Karim,Ackeroyd,kackeroyd4j@opensource.org,Sales,725-923-8025,Cordon
3165,Vivianne,Kedge,vkedge4k@goo.gl,Product Management,904-284-6923,Qŭshkŭpir
3166,Amelia,Huke,ahuke4l@nymag.com,Research and Development,518-502-4183,Zhuxi
3167,Betsey,Willcot,bwillcot4m@techcrunch.com,Human Resources,481-933-1010,Nonohonis
3168,Donnell,Tidman,dtidman4n@friendfeed.com,Accounting,480-194-2224,Komoro
3169,Laraine,Dalwood,ldalwood4o@parallels.com,Engineering,892-504-9391,Shangtianba
3170,Gaylor,Wheal,gwheal4p@sohu.com,Legal,565-124-3387,Gubeikou
3171,Borg,Brooker,bbrooker4q@mac.com,Engineering,847-396-1504,San José
3172,Griffith,Keveren,gkeveren4r@archive.org,Marketing,194-793-3319,Añelo
3173,Dorice,Gosland,dgosland4s@pagesperso-orange.fr,Sales,699-755-8220,Mukacheve
3174,Patrick,Cello,pcello4t@foxnews.com,Services,768-237-7060,Kara-Balta
3175,Claus,Holby,cholby4u@nih.gov,Product Management,696-140-6592,Goge
3176,Donella,Dewbury,ddewbury4v@wikispaces.com,Accounting,606-857-5772,Casa Nova
3177,Ariadne,Mayes,amayes4w@mashable.com,Human Resources,110-651-5880,Pánormos
3178,Rosalynd,Dewing,rdewing4x@i2i.jp,Human Resources,624-473-1579,Mojimán
3179,Megan,Burgis,mburgis4y@ehow.com,Human Resources,319-448-0986,Minzheng
3180,Cad,Whitsun,cwhitsun4z@i2i.jp,Marketing,916-298-4075,Chiţcani
3181,Estelle,Antoni,eantoni50@google.es,Business Development,261-183-2717,Atalhada
3182,Corrie,Bissell,cbissell51@technorati.com,Sales,518-487-4452,Qukuhu
3183,Vere,O'Concannon,voconcannon52@sitemeter.com,Product Management,236-742-4870,Pacarkeling
3184,Raleigh,McTurk,rmcturk53@cam.ac.uk,Business Development,761-234-6923,Srostki
3185,Bryana,Cordoba,bcordoba54@google.nl,Accounting,394-174-4300,Elliot
3186,Meredithe,Berryann,mberryann55@yale.edu,Services,562-135-8315,Ropa
3187,Moira,Vellacott,mvellacott56@google.pl,Sales,957-165-3665,Drásov
3188,Theobald,Shackesby,tshackesby57@cloudflare.com,Business Development,263-664-5168,Nagoselo do Douro
3189,Eada,Feeney,efeeney58@nature.com,Engineering,417-196-2148,Lyntupy
3190,Christos,Granville,cgranville59@eepurl.com,Services,608-592-2125,Longju
3191,Octavia,Mussen,omussen5a@wufoo.com,Training,663-812-9440,Micheng
3192,Huey,Rundle,hrundle5b@house.gov,Product Management,352-482-4442,Sarykemer
3193,Hollis,Strettle,hstrettle5c@purevolume.com,Accounting,907-776-4403,Ust’-Labinsk
3194,Fraser,Guillot,fguillot5d@cdbaby.com,Support,326-827-0761,Calvão
3195,Robby,Capstack,rcapstack5e@oakley.com,Marketing,355-446-8325,Jugezhuang
3196,Lula,Verrall,lverrall5f@xing.com,Business Development,619-332-1257,Beitan
3197,Bryanty,Boatright,bboatright5g@netlog.com,Sales,999-872-0863,Efeng
3198,Sibyl,Granger,sgranger5h@over-blog.com,Training,194-305-8176,Jianxincun
3199,Raff,Wackley,rwackley5i@arizona.edu,Research and Development,154-152-4983,Yushu
3200,Skipper,Disbury,sdisbury5j@huffingtonpost.com,Human Resources,110-411-2968,Moscavide
3201,Nickolai,Bauer,nbauer5k@cornell.edu,Training,922-320-6372,Piña
3202,Vincenty,Iskow,viskow5l@drupal.org,Training,641-626-9205,Żarów
3203,Florette,Iverson,fiverson5m@so-net.ne.jp,Business Development,343-803-0830,Baguim do Monte
3204,Jocelin,Dennert,jdennert5n@weebly.com,Training,972-919-6945,Hirado
3205,Bernete,Tommaseo,btommaseo5o@ca.gov,Research and Development,851-501-3638,Mjölby
3206,Humfrey,Brickner,hbrickner5p@networkadvertising.org,Support,375-808-1663,Bočar
3207,Janos,Garrioch,jgarrioch5q@discuz.net,Product Management,862-807-9681,Kampong Speu
3208,Renault,Engelbrecht,rengelbrecht5r@ted.com,Human Resources,237-115-4522,Lalupon
3209,Ky,Brinkler,kbrinkler5s@aol.com,Business Development,881-694-0171,Zhoutou
3210,Lydon,Dorot,ldorot5t@xrea.com,Product Management,454-714-7220,Jāndiāla Sher Khān
3211,Morten,Sutherley,msutherley5u@shop-pro.jp,Research and Development,886-193-5605,Har Nur
3212,Christoforo,Duckinfield,cduckinfield5v@slate.com,Engineering,614-970-2266,Italó
3213,Adan,Ayris,aayris5w@networkadvertising.org,Human Resources,273-414-4270,Tala
3214,Morrie,Akerman,makerman5x@moonfruit.com,Training,222-215-1562,Sliema
3215,Vicky,Antic,vantic5y@blinklist.com,Engineering,936-488-7522,Panitan
3216,Gill,Kildale,gkildale5z@soup.io,Support,308-224-9987,Richmond
3217,Nettie,Marden,nmarden60@usda.gov,Sales,557-743-5038,Adigeni
3218,Griffin,Crosbie,gcrosbie61@lulu.com,Services,435-112-5457,Ning’an
3219,Vicki,Cohalan,vcohalan62@nifty.com,Accounting,118-973-7089,Souto
3220,Noland,Hares,nhares63@jalbum.net,Product Management,288-949-0684,Shenshu
3221,Demetri,Jedrzejewski,djedrzejewski64@webmd.com,Accounting,295-283-3093,Vylkove
3222,Raviv,Spendlove,rspendlove65@army.mil,Sales,734-674-9440,Cornillon
3223,Burlie,Verma,bverma66@ocn.ne.jp,Human Resources,774-376-4750,Yashio-shi
3224,Shanta,Canon,scanon67@live.com,Support,211-979-1179,Jambu
3225,Goldina,Biaggioni,gbiaggioni68@twitter.com,Human Resources,395-295-9804,Barrī ash Sharqī
3226,Lesley,Inde,linde69@eventbrite.com,Marketing,270-521-7118,Morondava
3227,Lari,Skala,lskala6a@posterous.com,Engineering,745-330-5878,Compiègne
3228,Seka,William,swilliam6b@harvard.edu,Services,126-448-6976,Soloma
3229,Thelma,Perelli,tperelli6c@japanpost.jp,Services,398-462-0010,Tân An
3230,Donaugh,Ham,dham6d@usatoday.com,Legal,844-674-7778,Altunemil
3231,Albina,Moorcroft,amoorcroft6e@wired.com,Marketing,612-718-0762,Minneapolis
3232,Amalee,Boggs,aboggs6f@studiopress.com,Services,424-802-9431,Bandarlampung
3233,Merola,Cooksley,mcooksley6g@wikispaces.com,Accounting,886-831-6922,Chishtiān Mandi
3234,Dell,Deniso,ddeniso6h@pcworld.com,Accounting,424-873-6710,Itápolis
3235,Noell,Ivons,nivons6i@cam.ac.uk,Training,484-932-9579,Tuchola
3236,Woody,Renad,wrenad6j@reddit.com,Product Management,640-647-7762,Malitbog
3237,Sanderson,Binstead,sbinstead6k@networkadvertising.org,Support,219-288-3825,Tonghu
3238,Pavia,Colum,pcolum6l@joomla.org,Support,417-965-9942,Hatogaya-honchō
3239,Dniren,Vittery,dvittery6m@slideshare.net,Engineering,537-905-1845,Taluncemara
3240,Edvard,Saterweyte,esaterweyte6n@networkadvertising.org,Legal,932-635-3204,Pīrgaaj
3241,Luca,Gallehock,lgallehock6o@1688.com,Research and Development,324-660-6488,Osa
3242,Dorey,Lathom,dlathom6p@prnewswire.com,Product Management,810-227-3249,Nakusp
3243,Shannon,Adlard,sadlard6q@booking.com,Engineering,528-264-9550,Tanakawu Dua
3244,Lolly,Toppas,ltoppas6r@eventbrite.com,Legal,976-677-9070,Marialva
3245,Creigh,Lagden,clagden6s@kickstarter.com,Human Resources,705-417-0035,Negoslavci
3246,Dori,Brasted,dbrasted6t@1und1.de,Legal,447-144-2280,Hostěradice
3247,Franky,Largen,flargen6u@meetup.com,Support,808-756-2444,Sudikampir
3248,Sonnnie,Mowday,smowday6v@vistaprint.com,Human Resources,731-895-3592,Lewoluo
3249,Flossy,Walburn,fwalburn6w@archive.org,Engineering,500-795-0659,Mangseng
3250,Urban,Laurens,ulaurens6x@hao123.com,Services,621-914-1665,Kolmården
3251,Nevins,Kaines,nkaines6y@ow.ly,Legal,256-824-5638,Yezhu
3252,Adrianne,Roblou,aroblou6z@craigslist.org,Research and Development,909-898-5647,Granja do Tedo
3253,Valerye,Snaith,vsnaith70@addtoany.com,Business Development,462-119-8439,Airdrie
3254,Bradford,Maclaine,bmaclaine71@typepad.com,Business Development,854-370-1392,Lameira
3255,Cecilius,Houston,chouston72@ow.ly,Training,612-179-8311,Oemofa
3256,Kimble,MacInerney,kmacinerney73@zimbio.com,Services,829-151-8061,Göteborg
3257,Emlen,Hopewell,ehopewell74@webs.com,Sales,895-385-7966,Palykavichy Pyershyya
3258,Dominga,Credland,dcredland75@miitbeian.gov.cn,Training,661-929-1915,München
3259,Adiana,Ielden,aielden76@marriott.com,Sales,353-969-3343,São Luís do Quitunde
3260,Austine,Cereceres,acereceres77@va.gov,Marketing,713-659-8218,Saint-Brieuc
3261,Eirena,Finker,efinker78@nature.com,Research and Development,387-141-1170,Santa Teresita
3262,Darnell,Cathesyed,dcathesyed79@yale.edu,Services,419-799-4096,Port-aux-Français
3263,Ward,Spary,wspary7a@goo.gl,Human Resources,344-892-3945,Daping
3264,Zonnya,Laslett,zlaslett7b@liveinternet.ru,Research and Development,530-157-7158,Borgo Maggiore
3265,Prisca,Hallowes,phallowes7c@shop-pro.jp,Marketing,997-240-8652,Velykyy Klyuchiv
3266,Lilian,Scutchin,lscutchin7d@twitpic.com,Accounting,544-370-6129,Lhoknga
3267,Kendricks,Rasher,krasher7e@reddit.com,Engineering,526-757-7347,Pokrzywnica
3268,Penrod,Leal,pleal7f@microsoft.com,Legal,914-467-1519,Roi Et
3269,Linnell,Loeber,lloeber7g@springer.com,Product Management,509-262-6833,Matozinhos
3270,Shirley,Devin,sdevin7h@si.edu,Research and Development,637-251-5991,Rostov-na-Donu
3271,Ally,Bolger,abolger7i@a8.net,Training,783-339-6790,Uubulan
3272,Shandra,Barnett,sbarnett7j@mediafire.com,Legal,294-163-1246,Oslo
3273,Audie,Ianetti,aianetti7k@barnesandnoble.com,Services,113-228-7993,Novyye Cherëmushki
3274,Talbot,Rubartelli,trubartelli7l@drupal.org,Legal,392-935-0236,Fryazino
3275,Bronson,Bohlsen,bbohlsen7m@mail.ru,Accounting,685-167-7006,Brdów
3276,Lay,Tille,ltille7n@craigslist.org,Services,128-979-5761,Xiangtan
3277,Bryan,Saipy,bsaipy7o@printfriendly.com,Engineering,378-299-1353,Xiahan
3278,Brandice,Luckin,bluckin7p@cpanel.net,Human Resources,601-264-0981,Fenglu
3279,Lynn,Albery,lalbery7q@jimdo.com,Engineering,944-699-6468,San Francisco
3280,Ania,Marioneau,amarioneau7r@networksolutions.com,Support,230-917-9984,Granja
3281,Elaina,Cumberpatch,ecumberpatch7s@pen.io,Business Development,276-215-0106,Kozhevnikovo
3282,Egan,Hunnicutt,ehunnicutt7t@nasa.gov,Research and Development,510-662-7223,Rungis
3283,Mercedes,Wringe,mwringe7u@wp.com,Accounting,822-747-3121,Cimitarra
3284,Ross,Quade,rquade7v@cbsnews.com,Training,538-497-4648,Ariquemes
3285,Tiphanie,Howels,thowels7w@bloomberg.com,Research and Development,306-110-5270,Xam Nua
3286,Heath,Barcke,hbarcke7x@jugem.jp,Support,967-412-7669,Lagayan
3287,Christye,Abrahmer,cabrahmer7y@slate.com,Training,275-550-6163,Nýřany
3288,Hersh,Dowse,hdowse7z@weather.com,Training,558-237-8046,Santa Valha
3289,Margery,Balcombe,mbalcombe80@pagesperso-orange.fr,Human Resources,668-989-1482,Győr
3290,Elmira,Biswell,ebiswell81@wordpress.com,Product Management,583-214-8182,Gent
3291,Bria,Everett,beverett82@nih.gov,Product Management,150-625-6881,Maralik
3292,Cloe,Gowry,cgowry83@over-blog.com,Support,890-310-0542,Haysyn
3293,Tamera,Cissell,tcissell84@umn.edu,Engineering,998-839-8463,Néa Flogitá
3294,Annabelle,Flori,aflori85@fotki.com,Product Management,879-527-9066,Turbo
3295,Gunther,Mackness,gmackness86@cnn.com,Product Management,298-665-9865,Kondangrege
3296,Justinian,Rutledge,jrutledge87@washington.edu,Product Management,253-904-8830,Taquara
3297,Bennett,Lockyer,blockyer88@facebook.com,Engineering,341-647-4932,Santi Suk
3298,Chantal,Waldera,cwaldera89@woothemes.com,Training,779-536-2814,Mrkonjić Grad
3299,Elsi,Beernt,ebeernt8a@yellowbook.com,Engineering,643-454-0411,Fangxiang
3300,Karie,Reyson,kreyson8b@furl.net,Accounting,698-771-9738,Dalinhe
3301,Starlene,Human,shuman8c@studiopress.com,Services,452-731-4337,Tarvasjoki
3302,Bernice,Rollings,brollings8d@wired.com,Sales,504-853-2045,Sancti Spíritus
3303,Dani,Letherbury,dletherbury8e@si.edu,Sales,969-102-1396,Česká Skalice
3304,Shantee,Caplan,scaplan8f@patch.com,Accounting,582-534-9831,Paseyan
3305,Dee,Ciccotto,dciccotto8g@hexun.com,Training,472-401-5730,Sokolac
3306,Mirella,Scherme,mscherme8h@springer.com,Support,876-591-7574,Vasyshcheve
3307,Michaella,Gautrey,mgautrey8i@oracle.com,Marketing,747-588-7526,Clichy
3308,Mortie,Greenstock,mgreenstock8j@illinois.edu,Services,907-677-0455,Bayt Maqdūm
3309,Trula,Edelheid,tedelheid8k@webnode.com,Sales,872-167-0814,Sheshan
3310,Drusilla,Jansson,djansson8l@hatena.ne.jp,Legal,502-329-6516,Phayao
3311,Guillermo,Heifer,gheifer8m@mozilla.com,Business Development,317-960-3413,Palompon
3312,Rodi,Showl,rshowl8n@sciencedaily.com,Support,366-500-4658,Yaring
3313,Forester,Howison,fhowison8o@vkontakte.ru,Marketing,250-713-3923,San Juan
3314,Eulalie,Ducker,educker8p@sfgate.com,Product Management,471-436-2915,Sernovodsk
3315,Chandra,Johansson,cjohansson8q@sina.com.cn,Sales,195-457-1430,Jaguarari
3316,Charlotte,Bruty,cbruty8r@sfgate.com,Accounting,827-906-6790,Thị Trấn Nho Quan
3317,Jillian,Mathew,jmathew8s@comcast.net,Services,415-363-9174,Damasak
3318,Paulette,Aleksashin,paleksashin8t@biglobe.ne.jp,Product Management,336-115-2509,Cuijiaqiao
3319,Pen,Treffry,ptreffry8u@tuttocitta.it,Sales,324-127-7984,Maanĭt
3320,Saw,McClintock,smcclintock8v@youku.com,Sales,932-274-2018,Sandaohezi
3321,Peirce,Rosina,prosina8w@dot.gov,Training,971-926-9569,Kanoya
3322,Adele,Surcomb,asurcomb8x@drupal.org,Human Resources,360-291-4955,Yampil’
3323,Aloysius,Sindall,asindall8y@meetup.com,Services,919-440-7923,Suzuka
3324,Nicolette,Burwood,nburwood8z@cbc.ca,Human Resources,613-366-1728,Yamoto
3325,Trudi,Longhorne,tlonghorne90@surveymonkey.com,Product Management,392-396-2434,Rumyantsevo
3326,Genevieve,Bernaldo,gbernaldo91@newsvine.com,Sales,802-900-0831,Iporá
3327,Arlina,Wayon,awayon92@xinhuanet.com,Services,663-183-5946,Mabini
3328,Herbert,Vasse,hvasse93@aol.com,Training,251-711-7631,Vinces
3329,Kirby,Dolden,kdolden94@va.gov,Accounting,574-696-9449,Assiniboia
3330,Moss,Fairhead,mfairhead95@flavors.me,Sales,746-801-1535,Yanqi
3331,Justinian,Twinterman,jtwinterman96@senate.gov,Legal,267-275-6125,Ḏânan
3332,Tiff,Leithgoe,tleithgoe97@jigsy.com,Legal,621-629-3270,Tala
3333,Pierre,Costi,pcosti98@friendfeed.com,Support,466-107-1257,Benisheikh
3334,Jannelle,Dudson,jdudson99@toplist.cz,Support,112-421-2980,Santo Tomé
3335,Dorie,Gouldbourn,dgouldbourn9a@ox.ac.uk,Product Management,618-946-4383,Banaybanay
3336,Tomas,Bladon,tbladon9b@tiny.cc,Support,282-206-8556,Diónysos
3337,Cinnamon,Belliard,cbelliard9c@cam.ac.uk,Accounting,302-208-1658,Villa del Rosario
3338,Clay,Penas,cpenas9d@blogtalkradio.com,Legal,218-528-7637,Llocllapampa
3339,Valentine,Keepe,vkeepe9e@blogs.com,Services,511-320-8497,Alto del Espino
3340,Garwood,Matous,gmatous9f@nifty.com,Research and Development,225-245-2981,Baton Rouge
3341,Humfried,Petigrew,hpetigrew9g@forbes.com,Human Resources,981-930-3834,Verona
3342,Madeline,Shills,mshills9h@51.la,Sales,885-899-9956,Shicheng
3343,Donall,Greaser,dgreaser9i@reuters.com,Research and Development,946-961-9718,Banjar Kawan
3344,Erik,Biner,ebiner9j@gizmodo.com,Accounting,430-789-9995,Ust’-Labinsk
3345,Nicolis,Robke,nrobke9k@pcworld.com,Engineering,106-422-5254,Ujsoły
3346,Eimile,Emmanuel,eemmanuel9l@smh.com.au,Marketing,430-526-4077,Bagaces
3347,Rudd,Frackiewicz,rfrackiewicz9m@facebook.com,Business Development,943-213-1665,Jiuxi
3348,Brianne,Wickens,bwickens9n@java.com,Engineering,428-801-9353,Campamento
3349,Sarge,Garrand,sgarrand9o@toplist.cz,Services,300-178-5637,Tomislavgrad
3350,Fidelia,Melland,fmelland9p@cargocollective.com,Marketing,688-916-3210,Sayán
3351,Dianemarie,Stride,dstride9q@gnu.org,Human Resources,900-725-2027,Kuala Lumpur
3352,Tiphanie,Seath,tseath9r@discuz.net,Research and Development,198-487-6765,Sydney
3353,Laverna,Radborn,lradborn9s@irs.gov,Accounting,898-804-2366,Ipoti
3354,Mair,Faulkener,mfaulkener9t@indiatimes.com,Human Resources,875-346-6059,Szydłowo
3355,Tiffi,Plumbe,tplumbe9u@sphinn.com,Accounting,830-670-7530,Ondores
3356,Drusie,Kemmish,dkemmish9v@webmd.com,Research and Development,197-753-4878,Ranambeling
3357,Kimberlee,Gabe,kgabe9w@theglobeandmail.com,Marketing,277-846-4447,Lianpeng
3358,Dur,Robbings,drobbings9x@marketwatch.com,Support,128-270-4830,Lwengo
3359,Butch,Seint,bseint9y@bbb.org,Business Development,446-310-0877,Huangma
3360,Heinrick,Lisciardelli,hlisciardelli9z@google.nl,Sales,218-139-0089,Dmitriyevka
3361,Phip,Halliberton,phallibertona0@multiply.com,Marketing,694-232-4737,Crasto
3362,Rowe,Spinello,rspinelloa1@fotki.com,Services,595-468-2192,Campo Belo
3363,Cull,Ondricek,condriceka2@statcounter.com,Business Development,735-352-1850,Vitina
3364,Opaline,Saward,osawarda3@bigcartel.com,Accounting,761-184-9272,Patos de Minas
3365,Carlina,Soffe,csoffea4@auda.org.au,Engineering,928-400-4059,Suchy Dąb
3366,Estrella,Cleal,ecleala5@people.com.cn,Training,849-365-9339,Panamá
3367,Guglielmo,Taysbil,gtaysbila6@php.net,Human Resources,448-805-2570,San Agustin
3368,Liana,Mewett,lmewetta7@yandex.ru,Sales,305-148-4446,Bhunya
3369,Solomon,Betteriss,sbetterissa8@ibm.com,Training,668-441-2227,Xique Xique
3370,Alexio,Manilove,amanilovea9@usa.gov,Human Resources,567-646-8043,Tubuhue
3371,Ned,Cessford,ncessfordaa@ning.com,Business Development,389-338-5532,Leloboko
3372,Suzann,Wheadon,swheadonab@usa.gov,Engineering,616-231-7809,Ukrainka
3373,Aloisia,Vauls,avaulsac@redcross.org,Research and Development,281-961-9329,Gugut
3374,Donny,Rookledge,drookledgead@elegantthemes.com,Support,722-902-4889,Épernay
3375,Tilda,Keatley,tkeatleyae@blinklist.com,Training,415-577-7521,Siguinon
3376,Ardelle,Dennison,adennisonaf@odnoklassniki.ru,Product Management,910-125-8486,Tabant
3377,Rae,Keegan,rkeeganag@unesco.org,Training,205-135-6204,Būrkah
3378,Ailsun,Lamburne,alamburneah@epa.gov,Marketing,193-492-9032,Madrid
3379,Gert,Cluley,gcluleyai@homestead.com,Human Resources,974-679-7745,Yeghegnut
3380,Jo-anne,Jugging,jjuggingaj@wordpress.org,Support,267-956-9808,Tiabaya
3381,Octavia,Crinage,ocrinageak@surveymonkey.com,Sales,304-956-5073,Madalena
3382,Renell,Darwin,rdarwinal@tamu.edu,Legal,729-631-7990,Jietou
3383,Rutledge,Gwyn,rgwynam@flavors.me,Legal,492-109-4372,Tan-Tan
3384,Melisande,Buckoke,mbuckokean@virginia.edu,Engineering,121-627-5859,Greater Napanee
3385,Isaac,Shakespear,ishakespearao@yahoo.co.jp,Sales,150-513-1786,Gansa
3386,Petunia,Giraux,pgirauxap@examiner.com,Research and Development,735-573-9801,Santa Venera
3387,Duky,Guillart,dguillartaq@jalbum.net,Training,126-224-0129,Thomassique
3388,Sean,Tremoille,stremoillear@friendfeed.com,Marketing,872-890-0043,Xiongji
3389,Allsun,Fautley,afautleyas@bizjournals.com,Human Resources,168-567-2453,U Minh
3390,Agnesse,Andrelli,aandrelliat@bloomberg.com,Engineering,170-680-7909,Bordeaux
3391,Heywood,Beccera,hbecceraau@princeton.edu,Services,103-586-0631,Bela-Bela
3392,Sheilah,Younglove,syoungloveav@nbcnews.com,Services,255-506-8479,Pefkochóri
3393,Cad,Macey,cmaceyaw@sciencedirect.com,Product Management,994-581-1639,Krasnokholmskiy
3394,Jens,Scourfield,jscourfieldax@baidu.com,Support,828-202-8788,Biting
3395,Ned,Eeles,neelesay@imageshack.us,Product Management,368-652-7255,Enskede
3396,Adelheid,Stansall,astansallaz@telegraph.co.uk,Services,666-439-6449,Caluya
3397,Euell,McKearnen,emckearnenb0@hexun.com,Sales,645-876-9816,Zapolyarnyy
3398,Ban,Hartington,bhartingtonb1@dedecms.com,Services,699-204-7870,Kuršėnai
3399,Odelle,Abelovitz,oabelovitzb2@webs.com,Product Management,431-298-5659,Las Parejas
3400,Nicoline,Hawkridge,nhawkridgeb3@godaddy.com,Training,358-491-8912,Fengshan
3401,Darleen,Janicijevic,djanicijevicb4@buzzfeed.com,Research and Development,578-746-4722,Wasogolo
3402,Alexandros,Outridge,aoutridgeb5@miitbeian.gov.cn,Human Resources,937-297-1339,Strasbourg
3403,Klara,Dilland,kdillandb6@samsung.com,Marketing,734-703-6283,Grand Bois
3404,Bram,Ewbank,bewbankb7@flickr.com,Product Management,401-281-7293,Banyulegi
3405,Willy,Alliban,wallibanb8@booking.com,Research and Development,883-738-2655,Gradačac
3406,Caroljean,Enrrico,cenrricob9@ocn.ne.jp,Marketing,123-536-4407,Danyang
3407,Melessa,Richford,mrichfordba@deviantart.com,Sales,816-447-1382,Calape
3408,Vin,Winger,vwingerbb@cnet.com,Support,922-887-7593,Fenghuangdong
3409,Daloris,Burgan,dburganbc@buzzfeed.com,Product Management,293-569-1775,Rodniki
3410,Jennifer,Egerton,jegertonbd@princeton.edu,Research and Development,419-901-9540,Huangtu
3411,Brian,Walkowski,bwalkowskibe@youtu.be,Product Management,850-584-1559,Pokój
3412,Pauly,Mullett,pmullettbf@behance.net,Business Development,658-981-1003,Granard
3413,Rosy,Daniello,rdaniellobg@macromedia.com,Business Development,836-990-1711,Yangon
3414,Gretchen,Sudron,gsudronbh@instagram.com,Legal,687-149-6737,Blois
3415,Jose,Pryn,jprynbi@mozilla.org,Human Resources,254-750-7460,Mt Peto
3416,Creighton,Daw,cdawbj@drupal.org,Support,134-496-2166,Infantas
3417,Mariya,Giannoni,mgiannonibk@etsy.com,Human Resources,673-177-8389,Thap Than
3418,Dominik,Brauninger,dbrauningerbl@cbc.ca,Support,302-223-4541,Sam Chuk
3419,Lenna,Wahncke,lwahnckebm@prnewswire.com,Support,404-767-2328,Casal do Sapo
3420,Frances,Panons,fpanonsbn@wordpress.com,Accounting,802-174-1540,Port-aux-Français
3421,Dolly,Wasielewski,dwasielewskibo@constantcontact.com,Product Management,692-340-7071,Konggar
3422,Gerda,Daine,gdainebp@wiley.com,Training,282-990-9768,Valdice
3423,Perry,Dunckley,pdunckleybq@nationalgeographic.com,Legal,690-704-4471,Livádion
3424,Alexis,Yo,ayobr@accuweather.com,Engineering,902-100-0496,Barra
3425,Glynn,Monkman,gmonkmanbs@facebook.com,Business Development,638-918-2077,Berlin
3426,Wade,Paddock,wpaddockbt@toplist.cz,Sales,939-260-5478,Geneina
3427,Cirilo,McIlveen,cmcilveenbu@amazonaws.com,Marketing,402-979-9827,Picoto
3428,Eugenia,Dodshun,edodshunbv@barnesandnoble.com,Sales,466-269-4546,Zhuxing Chaoxianzu
3429,Lazar,Pain,lpainbw@sogou.com,Legal,958-265-7120,Laoqiao
3430,Alaric,MacIlurick,amacilurickbx@businessinsider.com,Sales,462-729-8166,Wuhao
3431,Taddeo,Zambonini,tzamboniniby@dropbox.com,Training,351-700-4752,Camp Diable
3432,Starlin,Sainte Paul,ssaintepaulbz@over-blog.com,Research and Development,553-276-6608,Vila Verde
3433,Leif,Walder,lwalderc0@so-net.ne.jp,Marketing,848-670-2940,Masape
3434,Felice,Titcom,ftitcomc1@blog.com,Accounting,602-117-4227,Tarui
3435,Stefanie,Fanti,sfantic2@imdb.com,Services,266-591-9938,Jönköping
3436,Koo,Baselio,kbaselioc3@rediff.com,Product Management,779-141-7171,Portariá
3437,Anders,Ferbrache,aferbrachec4@amazon.co.jp,Services,168-854-7504,Bolboc
3438,Brandice,Warnes,bwarnesc5@mlb.com,Business Development,258-395-6661,Huayuan
3439,Waylon,Bloys,wbloysc6@tinyurl.com,Legal,951-844-8282,Honglan
3440,Lorrie,Poppy,lpoppyc7@boston.com,Product Management,979-518-9603,Nastola
3441,Grissel,Ciciura,gciciurac8@alibaba.com,Services,986-428-4662,Arosbaya
3442,Anissa,Fibbitts,afibbittsc9@whitehouse.gov,Accounting,672-730-4212,Chơn Thành
3443,Vivienne,Godbald,vgodbaldca@jimdo.com,Engineering,774-552-1745,Casais de Vera Cruz
3444,Stephi,Austing,saustingcb@gov.uk,Research and Development,308-413-1117,Klippan
3445,Norina,Pidcock,npidcockcc@desdev.cn,Business Development,316-405-5441,Drakhtik
3446,Em,Haveline,ehavelinecd@state.gov,Business Development,568-726-6819,Varberg
3447,Jojo,Joe,jjoece@google.com,Engineering,470-603-4628,Sawang Daen Din
3448,Charleen,Cleen,ccleencf@ocn.ne.jp,Human Resources,472-991-6448,Jiangkou
3449,Andre,Jedrzejkiewicz,ajedrzejkiewiczcg@ihg.com,Accounting,752-743-1157,Yamazakichō-nakabirose
3450,Nikki,Cooksey,ncookseych@sfgate.com,Services,107-819-6530,Scholkine
3451,Tabatha,Minghetti,tminghettici@e-recht24.de,Business Development,575-609-6181,Linqu
3452,Lona,Clitherow,lclitherowcj@yellowpages.com,Marketing,567-126-3911,Beijós
3453,Kalli,Fontaine,kfontaineck@huffingtonpost.com,Research and Development,989-988-0283,Urachiche
3454,Kata,Alelsandrowicz,kalelsandrowiczcl@narod.ru,Marketing,840-610-6568,Saint George's
3455,Faustine,Blackston,fblackstoncm@joomla.org,Research and Development,490-818-4035,Longford
3456,Urson,Garard,ugarardcn@shinystat.com,Support,100-931-2542,Santa Cruz de Barahona
3457,Everett,Malbon,emalbonco@wufoo.com,Legal,324-145-8279,Tambo Grande
3458,Kalie,Bernardes,kbernardescp@yelp.com,Business Development,942-252-0202,Baoshan
3459,Fraze,Hartington,fhartingtoncq@cafepress.com,Sales,255-369-0893,Dois Vizinhos
3460,Ive,Stephens,istephenscr@quantcast.com,Support,896-787-1620,Przasnysz
3461,Huey,Millington,hmillingtoncs@mlb.com,Legal,537-392-3690,Long Thành
3462,Sharline,Simons,ssimonsct@linkedin.com,Engineering,419-686-4024,Acevedo
3463,Peter,Chavrin,pchavrincu@senate.gov,Sales,293-837-2512,Gangkoujie
3464,Consuelo,Jedrzej,cjedrzejcv@ow.ly,Accounting,511-590-9576,Rano
3465,Hodge,Fayerbrother,hfayerbrothercw@theglobeandmail.com,Services,473-790-9736,Kalodzishchy
3466,Dominique,Pavic,dpaviccx@harvard.edu,Marketing,194-188-9839,Praszka
3467,Madelene,Norbury,mnorburycy@archive.org,Training,601-137-9214,Šventoji
3468,Sue,Brendeke,sbrendekecz@ox.ac.uk,Support,359-250-4498,Bungo-Takada-shi
3469,Maggie,Trymme,mtrymmed0@taobao.com,Engineering,248-142-2078,Basel
3470,Gwen,McDonough,gmcdonoughd1@uol.com.br,Business Development,412-858-9409,Oslo
3471,Christean,Chetwin,cchetwind2@facebook.com,Engineering,351-820-5103,Chishan
3472,Gerianna,Aldam,galdamd3@globo.com,Product Management,750-555-6414,Yanagawa
3473,Hubie,Petrakov,hpetrakovd4@newsvine.com,Product Management,682-891-1284,Al Wajh
3474,Marcelle,Cellier,mcellierd5@wsj.com,Marketing,386-281-4653,Matam
3475,Fergus,De Carlo,fdecarlod6@cmu.edu,Legal,103-320-2632,Banjar Ponggang
3476,Dion,Sheach,dsheachd7@economist.com,Support,626-633-3222,Pasadena
3477,Amity,Ralls,arallsd8@ed.gov,Engineering,774-465-7446,Strančice
3478,Trixie,Parman,tparmand9@imageshack.us,Services,912-294-1306,Lacombe
3479,Flinn,Shilladay,fshilladayda@infoseek.co.jp,Sales,511-967-3535,Batuna Satu
3480,Annnora,Hamerton,ahamertondb@washington.edu,Marketing,643-839-0561,Dizangué
3481,Aymer,Brundale,abrundaledc@rambler.ru,Marketing,190-837-9230,Reiko
3482,Ninnette,Wheway,nwhewaydd@wikimedia.org,Accounting,436-210-2552,Stěbořice
3483,Dyana,Slatter,dslatterde@cbc.ca,Business Development,366-589-8368,Rawaglagah
3484,Pablo,Kerrich,pkerrichdf@qq.com,Accounting,206-571-0694,Wangtuan
3485,Peta,Keeting,pkeetingdg@ca.gov,Engineering,374-665-3653,Artémida
3486,Deana,Juggings,djuggingsdh@twitter.com,Business Development,460-200-5299,Kukawa
3487,Devondra,Sigge,dsiggedi@geocities.com,Product Management,136-372-1884,Cocieri
3488,Frasquito,Coe,fcoedj@123-reg.co.uk,Support,880-699-3083,Visby
3489,Rosemarie,Guare,rguaredk@columbia.edu,Business Development,442-653-4565,Žagarė
3490,Zulema,Tickle,ztickledl@hugedomains.com,Research and Development,775-846-6717,Su’ao
3491,Kliment,Wardroper,kwardroperdm@alexa.com,Legal,156-276-6104,Tamansari
3492,Gwenni,Ivkovic,givkovicdn@columbia.edu,Human Resources,338-954-0278,Xinlin
3493,Chuck,Cahan,ccahando@blinklist.com,Engineering,717-498-7098,Nanshao
3494,Nancey,Larsen,nlarsendp@telegraph.co.uk,Training,855-573-5748,Tofa
3495,Roda,Mortlock,rmortlockdq@wikipedia.org,Marketing,362-246-6736,Molochnoye
3496,Thatch,Baniard,tbaniarddr@hud.gov,Product Management,130-799-4756,Aizi
3497,Theobald,Salmon,tsalmonds@virginia.edu,Business Development,526-220-8677,Oslo
3498,Brent,Craigmyle,bcraigmyledt@reference.com,Human Resources,458-559-9675,Caçapava do Sul
3499,Ermentrude,Olive,eolivedu@sphinn.com,Services,233-468-2866,Herīs
3500,Ignacius,Dolligon,idolligondv@reference.com,Accounting,445-680-3658,Obikiik
3501,Dru,Mc Gorley,dmcgorleydw@msn.com,Accounting,347-707-4447,Ordzhonikidze
3502,Kylie,Dunbar,kdunbardx@seesaa.net,Legal,637-281-3984,Oefau
3503,Muhammad,Tollady,mtolladydy@prlog.org,Product Management,824-695-4951,Zghartā
3504,Clarisse,Pashler,cpashlerdz@goodreads.com,Engineering,212-930-7962,Yingtou
3505,Shannah,Rennix,srennixe0@cloudflare.com,Marketing,739-270-3018,Luebo
3506,Miguel,Nouch,mnouche1@google.nl,Business Development,405-966-8251,Aranitas
3507,Goldina,Parish,gparishe2@eventbrite.com,Research and Development,536-134-8312,Padang
3508,Bradan,Freschi,bfreschie3@delicious.com,Support,697-395-7210,Huruta
3509,Jefferey,Agates,jagatese4@pinterest.com,Engineering,128-814-6389,Charat
3510,Wenona,Besantie,wbesantiee5@nymag.com,Product Management,773-788-3126,Ban Na San
3511,Shea,Elmhurst,selmhurste6@deviantart.com,Product Management,830-409-1879,Kukulu
3512,Latashia,Emerine,lemerinee7@imageshack.us,Sales,547-926-4447,Brailiv
3513,Conny,Pehrsson,cpehrssone8@wp.com,Legal,558-139-9594,Abomey
3514,Kaylil,Burnapp,kburnappe9@spotify.com,Legal,400-407-4633,Laguna Limpia
3515,Lucky,Tysall,ltysallea@dailymail.co.uk,Human Resources,780-697-4214,Velké Hoštice
3516,Reagen,Heintsch,rheintscheb@smh.com.au,Human Resources,968-795-1250,Azenha
3517,Terra,Bodleigh,tbodleighec@miibeian.gov.cn,Legal,284-580-9111,Pacasmayo
3518,Rosy,Grogor,rgrogored@nyu.edu,Research and Development,532-276-0655,Pyzdry
3519,Alair,Canizares,acanizaresee@china.com.cn,Accounting,562-854-9538,Tanahmerah
3520,Errick,Smaridge,esmaridgeef@huffingtonpost.com,Product Management,696-875-2563,Xiaocheng
3521,Britte,Guillotin,bguillotineg@illinois.edu,Services,889-255-8840,Padangbai
3522,Frannie,Futty,ffuttyeh@indiatimes.com,Business Development,209-489-0799,Perrelos
3523,Suzanna,Bonhill,sbonhillei@alexa.com,Legal,821-768-1292,Banaran
3524,Kennan,Follacaro,kfollacaroej@163.com,Legal,371-420-1888,Xiongchi
3525,Joye,Fabbro,jfabbroek@fema.gov,Business Development,843-512-3016,Coripata
3526,Deanne,Cluer,dcluerel@go.com,Services,493-762-9602,Nama
3527,Cher,Molyneux,cmolyneuxem@sfgate.com,Marketing,595-905-8488,Khuean Ubonrat
3528,Rosabelle,Kirkham,rkirkhamen@tripadvisor.com,Human Resources,386-941-6122,San Andres
3529,Phaidra,Arnatt,parnatteo@nationalgeographic.com,Research and Development,844-846-3473,Hobo
3530,Christy,Parke,cparkeep@csmonitor.com,Sales,569-775-2222,Dongxin
3531,Leighton,Meaney,lmeaneyeq@microsoft.com,Business Development,215-984-8425,Baitu
3532,Greg,Lassen,glassener@over-blog.com,Services,848-269-5459,Trá Mhór
3533,Giselle,Volkes,gvolkeses@trellian.com,Accounting,622-390-7115,Gornji Grad
3534,Bobby,Vahey,bvaheyet@thetimes.co.uk,Product Management,329-756-1213,Tunduma
3535,Antonella,Ferron,aferroneu@chronoengine.com,Human Resources,836-475-1731,Yaroslavskiy
3536,Minnaminnie,Linscott,mlinscottev@nyu.edu,Sales,544-686-5026,Loo
3537,Elysha,Swadden,eswaddenew@ed.gov,Human Resources,438-732-5680,Khānpur
3538,Lucia,Poulett,lpoulettex@discuz.net,Engineering,804-835-4366,Xiumei
3539,Modesty,Wein,mweiney@deliciousdays.com,Sales,169-785-9928,Āq Qāyeh
3540,Valma,Pettican,vpetticanez@flickr.com,Training,827-864-4032,Kaloyanovo
3541,Calley,Shapiro,cshapirof0@indiatimes.com,Engineering,156-688-6849,Ancol
3542,Grove,Herries,gherriesf1@booking.com,Legal,416-135-3279,Caotang
3543,Adriena,Perrington,aperringtonf2@cam.ac.uk,Business Development,115-596-6981,Mengla
3544,Katharyn,Wabersinke,kwabersinkef3@wsj.com,Research and Development,717-222-9811,Harrisburg
3545,Wit,MacHostie,wmachostief4@home.pl,Human Resources,637-283-9320,Fulu
3546,Lazarus,Aleksidze,laleksidzef5@who.int,Human Resources,355-331-5574,Hovtashen
3547,Alisander,Frick,africkf6@princeton.edu,Training,197-754-6735,Shilong
3548,Dimitri,Gamble,dgamblef7@twitpic.com,Engineering,434-432-8317,Privlaka
3549,Sisely,Gerlack,sgerlackf8@seattletimes.com,Training,447-774-8192,Pakemitan Dua
3550,Abel,Redshaw,aredshawf9@360.cn,Sales,621-833-4560,Freiburg im Breisgau
3551,Kayla,Andriulis,kandriulisfa@spotify.com,Product Management,714-480-2402,Panjāb
3552,Ofelia,Le Floch,oleflochfb@hugedomains.com,Services,451-231-9973,Jastrowie
3553,Elisa,Tatum,etatumfc@wunderground.com,Training,926-536-9545,Davao
3554,Flory,Morl,fmorlfd@noaa.gov,Engineering,350-669-5854,Miracema
3555,Zonda,Eyres,zeyresfe@yahoo.co.jp,Legal,600-694-9081,Horrom
3556,Tymon,Woodwin,twoodwinff@hao123.com,Business Development,771-955-2455,Cempa
3557,Jillene,Astlett,jastlettfg@hibu.com,Services,973-536-7082,Göteborg
3558,Baxter,Abbot,babbotfh@unicef.org,Engineering,924-801-0958,Cianorte
3559,Vanny,Guite,vguitefi@ox.ac.uk,Product Management,305-390-7739,Pangkalan
3560,Nanni,Heningham,nheninghamfj@tinyurl.com,Engineering,170-465-5353,San Rafael Petzal
3561,Joli,Prudham,jprudhamfk@sina.com.cn,Services,519-314-9963,Taavetti
3562,Bradford,Pamphilon,bpamphilonfl@huffingtonpost.com,Accounting,937-308-3559,Gonghe
3563,Adelina,Duddin,aduddinfm@netscape.com,Accounting,533-742-9867,Palena
3564,Sheilakathryn,Nassey,snasseyfn@va.gov,Services,665-170-4307,Yurino
3565,Yettie,Clemanceau,yclemanceaufo@4shared.com,Engineering,806-320-4905,Amarillo
3566,Nahum,Tavener,ntavenerfp@google.fr,Marketing,444-157-0001,Odiongan
3567,Berri,Lagde,blagdefq@ibm.com,Training,365-978-9173,Sambongpari
3568,Thalia,Leitche,tleitchefr@eepurl.com,Research and Development,851-390-9567,Gresik
3569,Les,Haston,lhastonfs@issuu.com,Business Development,959-838-9880,Sampangan
3570,Paten,Blackborough,pblackboroughft@telegraph.co.uk,Product Management,851-854-7193,Cergy-Pontoise
3571,Eugenia,Meineken,emeinekenfu@acquirethisname.com,Research and Development,497-217-6940,Yevlakh
3572,Amber,Quoit,aquoitfv@constantcontact.com,Engineering,510-649-9006,Richmond
3573,Rosamund,Philler,rphillerfw@usda.gov,Services,575-524-1661,Tranca
3574,Halsey,Koeppke,hkoeppkefx@etsy.com,Marketing,703-956-2853,Anlu
3575,Beaufort,Hawlgarth,bhawlgarthfy@technorati.com,Business Development,568-573-8989,Teknāf
3576,Deane,Blader,dbladerfz@mashable.com,Human Resources,571-618-4993,Calapan
3577,Lari,Frude,lfrudeg0@marketwatch.com,Product Management,211-230-4525,Hamburg
3578,Jeanie,Gwillym,jgwillymg1@people.com.cn,Services,383-700-3619,Mar del Plata
3579,Archibaldo,Morgans,amorgansg2@nhs.uk,Marketing,525-489-3262,Hoorn
3580,Marvin,Shrive,mshriveg3@opensource.org,Engineering,762-108-8796,San Juan
3581,Carey,Boog,cboogg4@example.com,Sales,388-794-3279,Lianga
3582,Jandy,Olenikov,jolenikovg5@tumblr.com,Sales,851-916-2641,Taohuajiang
3583,Lucita,Divina,ldivinag6@infoseek.co.jp,Accounting,418-765-0243,Sandaohezi
3584,Ludovika,Velte,lvelteg7@tripod.com,Business Development,595-980-5672,Bačka Topola
3585,Erv,Chevalier,echevalierg8@discuz.net,Business Development,890-589-5287,Sainte-Luce-sur-Loire
3586,Ellswerth,Bridden,ebriddeng9@is.gd,Product Management,416-772-3708,Shantoudian
3587,Albert,Ebrall,aebrallga@plala.or.jp,Support,588-987-3696,New Yekepa
3588,Leslie,Bresnen,lbresnengb@google.ca,Product Management,112-512-8075,Westport
3589,Concordia,Ludy,cludygc@army.mil,Business Development,342-712-3262,Paris 16
3590,Wanids,Mugford,wmugfordgd@bizjournals.com,Support,111-377-8665,Sawara
3591,Lem,Hazelhurst,lhazelhurstge@upenn.edu,Support,367-113-4366,Guanyang
3592,Jeane,Ziebart,jziebartgf@bloomberg.com,Services,549-185-6161,Sanchahe
3593,Gay,Daudray,gdaudraygg@sciencedaily.com,Support,131-526-5353,Tujing
3594,Daloris,Sanford,dsanfordgh@wufoo.com,Legal,681-380-5842,Santa Teresa
3595,Evvie,Deerr,edeerrgi@disqus.com,Human Resources,856-707-2659,Yahe
3596,Claretta,Gibbs,cgibbsgj@cloudflare.com,Business Development,865-296-4035,Xi’an
3597,Eudora,Stilgo,estilgogk@oakley.com,Research and Development,755-227-0568,Bantarjati
3598,Daria,Behnecken,dbehneckengl@flavors.me,Services,313-295-7184,Salogon
3599,Beulah,Yeude,byeudegm@yahoo.co.jp,Accounting,725-156-6348,Wahawaha
3600,Vonnie,Mc Andrew,vmcandrewgn@wufoo.com,Product Management,915-674-4267,Bendo
3601,Hubert,Ommundsen,hommundsengo@dedecms.com,Support,318-863-6272,Huangzhai
3602,Joey,Sallenger,jsallengergp@state.tx.us,Sales,761-177-6206,Ujiie
3603,Wylie,Coggon,wcoggongq@wikimedia.org,Accounting,299-866-7344,Choca do Mar
3604,Lillian,Maciejak,lmaciejakgr@squarespace.com,Human Resources,708-129-6683,Xiuyu
3605,Ced,Skepper,cskeppergs@soup.io,Business Development,728-759-9339,Senahú
3606,Kai,Fulop,kfulopgt@ucoz.com,Services,623-594-8467,Cabcaben
3607,Rhianna,Jumonet,rjumonetgu@seattletimes.com,Support,743-232-9021,Tabiauan
3608,Lauree,Dearle,ldearlegv@nps.gov,Services,481-182-5476,Bukonyo
3609,Jean,Leipold,jleipoldgw@purevolume.com,Business Development,375-772-8955,Nioro
3610,Roby,Carstairs,rcarstairsgx@examiner.com,Support,241-611-2102,Sarmīn
3611,Ruth,Kment,rkmentgy@imdb.com,Services,791-824-6842,Gusang
3612,Sherwin,Fillery,sfillerygz@slashdot.org,Services,300-683-8270,Cojutepeque
3613,Aurea,Sheridan,asheridanh0@walmart.com,Sales,793-240-6957,Blagaj
3614,Luca,Harber,lharberh1@ovh.net,Sales,356-604-4219,Negotin
3615,Tomas,Ensten,tenstenh2@tamu.edu,Support,316-572-8714,Somanda
3616,Ingmar,Ledamun,iledamunh3@over-blog.com,Training,484-839-7349,Bulu
3617,Quintilla,Streets,qstreetsh4@purevolume.com,Training,577-614-8598,Jepat Kidul
3618,Janessa,Hirth,jhirthh5@purevolume.com,Research and Development,927-112-3943,Shaogongzhuang
3619,Bale,Iveans,biveansh6@patch.com,Training,152-785-6816,Xianlin
3620,Alidia,Seggie,aseggieh7@acquirethisname.com,Legal,217-932-1662,Jiesheng
3621,Nat,Bilsford,nbilsfordh8@un.org,Human Resources,442-733-0147,Dankama
3622,Nichole,Legging,nleggingh9@studiopress.com,Engineering,108-317-7542,Sarandë
3623,Sallyann,Johanning,sjohanningha@theatlantic.com,Sales,379-948-7138,Bayanaūyl
3624,Bat,Beesley,bbeesleyhb@about.me,Engineering,967-679-9060,Sokyryany
3625,Essy,Boot,eboothc@weibo.com,Services,892-952-6178,Rakičan
3626,Tamiko,Bonsey,tbonseyhd@accuweather.com,Research and Development,271-128-3132,Encañada
3627,Liam,Redborn,lredbornhe@g.co,Training,898-655-6033,Keli
3628,Netta,Kelson,nkelsonhf@behance.net,Research and Development,315-998-8021,Xinxikou
3629,Roselin,Edelmann,redelmannhg@clickbank.net,Research and Development,508-313-9399,Granada
3630,Ham,Tantrum,htantrumhh@soundcloud.com,Training,230-269-2846,Ūdalah
3631,Anna-diane,Skeleton,askeletonhi@nymag.com,Research and Development,754-661-9073,Santarém
3632,Violante,de Nore,vdenorehj@usda.gov,Training,283-477-6304,Dresden
3633,Kimberli,Ivchenko,kivchenkohk@lulu.com,Human Resources,277-756-2349,Ringinrejo
3634,Aurilia,Bennis,abennishl@ifeng.com,Research and Development,245-578-2194,Talondang
3635,Hermina,Soall,hsoallhm@ifeng.com,Engineering,873-288-9176,Strathmore
3636,Anabella,Kempton,akemptonhn@typepad.com,Sales,725-674-5975,Shaami-Yurt
3637,Gunar,Marie,gmarieho@japanpost.jp,Research and Development,275-369-5193,San Pedro
3638,Giulio,Angear,gangearhp@whitehouse.gov,Product Management,691-406-9473,Shiye
3639,Kelcey,MacClancey,kmacclanceyhq@multiply.com,Support,952-656-3097,San Nicolas
3640,Gwen,Mathen,gmathenhr@examiner.com,Business Development,970-694-2613,Diapaga
3641,Kristan,Sansbury,ksansburyhs@washington.edu,Business Development,873-485-0825,Xiawa
3642,Davis,Mathes,dmathesht@npr.org,Research and Development,583-315-5342,Předměřice nad Labem
3643,Elsy,Bywaters,ebywatershu@pen.io,Business Development,303-732-0156,Carcavelos
3644,Cy,Agron,cagronhv@chron.com,Research and Development,391-947-3387,Velké Opatovice
3645,Freedman,Causon,fcausonhw@acquirethisname.com,Support,917-814-7971,Sumbawa Besar
3646,Merell,Roubert,mrouberthx@yellowbook.com,Product Management,633-230-6028,Jixian
3647,Leonidas,Gibbieson,lgibbiesonhy@go.com,Research and Development,210-935-6465,Libmanan
3648,Arin,Coverdill,acoverdillhz@soup.io,Marketing,540-187-3994,Nankai
3649,Dael,Prahm,dprahmi0@smugmug.com,Product Management,527-523-0479,Nuevo Berlín
3650,Mufinella,Goodchild,mgoodchildi1@smh.com.au,Legal,743-379-3293,San Juan
3651,Reinold,Undrill,rundrilli2@census.gov,Human Resources,116-313-1754,Vista Hermosa
3652,Melessa,Rigden,mrigdeni3@marketwatch.com,Support,276-621-7390,Valtelheiro
3653,Carlyle,Pozzo,cpozzoi4@sakura.ne.jp,Sales,440-582-8090,Barreiros
3654,Cal,Frances,cfrancesi5@mail.ru,Services,108-356-8086,Mahanoro
3655,Caria,Randalson,crandalsoni6@chicagotribune.com,Human Resources,112-113-2627,Sanyang
3656,Marje,Cobby,mcobbyi7@dyndns.org,Engineering,627-609-5337,Hongyang
3657,Stefa,Vedenisov,svedenisovi8@qq.com,Services,698-932-2447,Al Qarārah
3658,Gilbertina,Miners,gminersi9@sogou.com,Sales,474-318-8720,Novospasskoye
3659,Randi,Alleway,rallewayia@reddit.com,Engineering,984-116-5697,Gelemso
3660,Ophelia,Boyack,oboyackib@upenn.edu,Support,381-600-6095,Mafra
3661,Briana,Chang,bchangic@indiatimes.com,Sales,775-242-3725,Tolitoli
3662,Julienne,McGeneay,jmcgeneayid@merriam-webster.com,Research and Development,851-755-7669,Sobreiro
3663,Valaria,Bercevelo,vberceveloie@github.com,Human Resources,477-234-2732,Tenjolaya
3664,Renae,O'Scollain,roscollainif@123-reg.co.uk,Business Development,550-476-0679,Juhut
3665,Vaclav,Bouskill,vbouskillig@yahoo.com,Product Management,850-915-6020,Tallahassee
3666,Alexio,Compson,acompsonih@macromedia.com,Marketing,543-671-8396,Yandian
3667,Jourdain,Gabriel,jgabrielii@twitter.com,Engineering,385-348-7208,Zdíkov
3668,Raymond,Odney,rodneyij@moonfruit.com,Research and Development,235-111-1056,Osnabrück
3669,Sophie,Kenningham,skenninghamik@freewebs.com,Accounting,903-527-0385,Kadusimbar
3670,Weber,Pembery,wpemberyil@drupal.org,Sales,616-105-9204,Grand Rapids
3671,Mahala,Proback,mprobackim@nydailynews.com,Training,848-132-1154,Lianghekou
3672,Garth,Scheffler,gschefflerin@fda.gov,Product Management,524-956-9004,Manyava
3673,Celinka,Lamberton,clambertonio@sbwire.com,Human Resources,194-838-4073,Eg-Uur
3674,Jamesy,Govinlock,jgovinlockip@ucsd.edu,Accounting,192-361-3448,Palcza
3675,Karney,Iverson,kiversoniq@yale.edu,Business Development,849-424-1216,Balung
3676,Ninnette,Fessier,nfessierir@state.gov,Human Resources,972-379-1813,Montesson
3677,Melli,Wettern,mwetternis@goo.ne.jp,Accounting,935-715-9464,Lampitak
3678,Mayer,Manion,mmanionit@geocities.jp,Business Development,347-553-2618,Berlin
3679,Mercedes,Andrick,mandrickiu@dot.gov,Engineering,798-683-5761,Nanxing
3680,Jackelyn,Meake,jmeakeiv@t.co,Accounting,922-949-7021,Bueng Sam Phan
3681,Dita,Antonnikov,dantonnikoviw@fotki.com,Business Development,202-460-7188,Washington
3682,Danell,Sheppard,dsheppardix@mit.edu,Engineering,707-160-6634,Novomyshastovskaya
3683,Reese,Boole,rbooleiy@nytimes.com,Research and Development,619-946-4366,Gorshechnoye
3684,Sutherlan,Hickenbottom,shickenbottomiz@mediafire.com,Business Development,641-247-1351,Hazlov
3685,Rahal,Hellwig,rhellwigj0@comsenz.com,Marketing,477-158-4040,Tegalgede
3686,Cody,Jendrassik,cjendrassikj1@imageshack.us,Accounting,750-167-2839,Cruzeiro
3687,Nerta,Mitchenson,nmitchensonj2@mysql.com,Services,996-854-6862,Veselynove
3688,Annnora,Casajuana,acasajuanaj3@ifeng.com,Product Management,731-988-8494,Conima
3689,Vivianne,Goodreid,vgoodreidj4@youku.com,Product Management,111-592-4726,Ngetkib
3690,Jeddy,Etchingham,jetchinghamj5@seesaa.net,Research and Development,666-383-1664,Pasinan Barat
3691,Meir,Chatenet,mchatenetj6@biglobe.ne.jp,Legal,611-678-8296,Manabo
3692,Tonie,Overel,toverelj7@livejournal.com,Marketing,405-889-2054,Oklahoma City
3693,Randal,McKew,rmckewj8@fda.gov,Support,181-232-0757,Bojadła
3694,Zonnya,Hurry,zhurryj9@e-recht24.de,Sales,642-539-6770,Bang Rakam
3695,Belicia,McMorran,bmcmorranja@amazon.co.uk,Marketing,326-623-0154,Adir
3696,Free,Credland,fcredlandjb@sitemeter.com,Accounting,616-939-2879,Uzlovaya
3697,Judi,Graysmark,jgraysmarkjc@php.net,Services,317-535-1486,Vorzel’
3698,Isaac,Corse,icorsejd@facebook.com,Business Development,612-602-6961,Halinów
3699,Sisely,Rosi,srosije@xinhuanet.com,Sales,211-251-0213,Aglipay
3700,Gwendolyn,Knivett,gknivettjf@tumblr.com,Engineering,727-700-2833,Kaiapoi
3701,Sapphira,Asple,sasplejg@typepad.com,Product Management,673-554-5988,Mariefred
3702,Karie,Ogers,kogersjh@rakuten.co.jp,Engineering,742-360-9705,Girijaya
3703,Heidie,Lambertini,hlambertiniji@amazon.co.uk,Sales,108-741-8205,Haifa
3704,Felice,Bagshawe,fbagshawejj@nationalgeographic.com,Business Development,523-788-4158,Paatan
3705,Isak,Blacklawe,iblacklawejk@wiley.com,Business Development,608-123-0294,Cachachi
3706,Anselm,Strothers,astrothersjl@taobao.com,Sales,598-282-5943,Krouna
3707,Percival,Danjoie,pdanjoiejm@youku.com,Sales,850-280-6559,Sindangjati
3708,Olly,Blaydes,oblaydesjn@usgs.gov,Legal,978-375-8888,Bambakashat
3709,Tanya,Windebank,twindebankjo@patch.com,Product Management,256-870-9704,Ulaandel
3710,Merilee,Swine,mswinejp@independent.co.uk,Marketing,111-937-0872,Kebonsari
3711,Inglis,Macro,imacrojq@ted.com,Legal,285-646-9475,Quma
3712,Hillery,Blackburne,hblackburnejr@eepurl.com,Services,307-623-8050,Geidam
3713,Barrie,Rotge,brotgejs@cnet.com,Accounting,787-516-0529,Gelsenkirchen
3714,Christalle,Grog,cgrogjt@foxnews.com,Legal,526-467-7996,Imperatriz
3715,Cassandra,McMenemy,cmcmenemyju@java.com,Services,422-291-8491,Kamenjane
3716,Perice,Cail,pcailjv@storify.com,Research and Development,683-691-5191,Tymbark
3717,Nikolai,Plomer,nplomerjw@google.com.br,Human Resources,398-949-0334,Nārāyanganj
3718,Ara,Thorpe,athorpejx@cyberchimps.com,Support,349-306-6182,Kemisē
3719,Rich,Baison,rbaisonjy@skyrock.com,Accounting,950-145-3148,Lomme
3720,Roderick,Dallewater,rdallewaterjz@oracle.com,Accounting,189-674-5941,Bungkal
3721,Boy,Bezarra,bbezarrak0@topsy.com,Support,344-405-1223,Qibu
3722,Orton,MacCaughan,omaccaughank1@state.tx.us,Services,723-439-3349,Lobuk
3723,Edie,Graber,egraberk2@google.co.uk,Product Management,177-995-1989,Tongjiang
3724,Rachel,Scoggan,rscoggank3@marketwatch.com,Human Resources,825-507-2057,Rájec-Jestřebí
3725,Brant,Featherstone,bfeatherstonek4@guardian.co.uk,Research and Development,127-152-7214,Józefów
3726,Cristal,Oganesian,coganesiank5@cam.ac.uk,Business Development,846-444-9149,Chezhan
3727,Kiri,Woloschin,kwoloschink6@wp.com,Product Management,860-621-2557,Agualva
3728,Stevie,Wozencraft,swozencraftk7@sbwire.com,Sales,398-349-1982,Aracaju
3729,Eduardo,Blyden,eblydenk8@umich.edu,Accounting,293-398-9831,Hailin
3730,King,Cuddy,kcuddyk9@ebay.co.uk,Marketing,712-237-0812,Pietermaritzburg
3731,Anneliese,Dwerryhouse,adwerryhouseka@lulu.com,Product Management,434-703-6050,Pécs
3732,Linnea,Sebrens,lsebrenskb@foxnews.com,Product Management,724-134-0355,Camacha
3733,Marcel,Danick,mdanickkc@ebay.co.uk,Human Resources,425-895-0328,Lombog
3734,Christie,Schlag,cschlagkd@house.gov,Engineering,864-484-0209,Mahong
3735,Archibaldo,Dixcey,adixceyke@geocities.jp,Human Resources,483-626-7204,‘Alāqahdārī Kirān wa Munjān
3736,Rosy,Rudolph,rrudolphkf@mtv.com,Services,208-882-3448,Halamendu
3737,Sigfrid,Battle,sbattlekg@ifeng.com,Training,308-428-9331,Chenôve
3738,Noland,MacMechan,nmacmechankh@mapquest.com,Engineering,901-680-0452,Stuttgart
3739,Gibbie,Allot,gallotki@oaic.gov.au,Marketing,805-293-8702,Suyang
3740,Donalt,Siebert,dsiebertkj@techcrunch.com,Marketing,797-683-9415,Jinji
3741,Corina,Froome,cfroomekk@gravatar.com,Training,826-445-8926,Shaoxing
3742,Hartwell,McFadzean,hmcfadzeankl@reference.com,Product Management,581-697-7551,Loma Alta
3743,Thatch,Drummond,tdrummondkm@yahoo.com,Marketing,815-939-4278,Hayan Hudong
3744,George,Chowne,gchownekn@google.es,Business Development,988-277-7946,Nerk’in Getashen
3745,Calla,Sayburn,csayburnko@ibm.com,Business Development,511-520-4402,Luocun
3746,Keary,Bastone,kbastonekp@free.fr,Support,760-747-3322,Zakliczyn
3747,Kele,Dandison,kdandisonkq@sphinn.com,Product Management,815-730-1619,Balykchy
3748,Aloysia,Atty,aattykr@census.gov,Sales,975-249-7815,Yên Mỹ
3749,Pryce,Livock,plivockks@telegraph.co.uk,Engineering,173-517-8504,Donji Dobrić
3750,Abby,Killwick,akillwickkt@foxnews.com,Legal,475-414-3841,Sayán
3751,Annice,Bullier,abullierku@csmonitor.com,Research and Development,780-559-5366,Changsha
3752,Dell,Vallender,dvallenderkv@chicagotribune.com,Engineering,666-406-1058,Mokil
3753,Lucilia,Lambart,llambartkw@shareasale.com,Sales,285-529-0948,Buga
3754,Hastings,Mularkey,hmularkeykx@army.mil,Human Resources,965-369-5999,Zghartā
3755,Marcella,Strangman,mstrangmanky@multiply.com,Support,238-839-8807,Nai Harn
3756,Prentiss,Salkeld,psalkeldkz@livejournal.com,Sales,492-164-0552,Lewoeleng
3757,Etta,Wye,ewyel0@shinystat.com,Training,308-582-3473,Uarini
3758,Lynnet,Drable,ldrablel1@cdbaby.com,Business Development,491-178-2952,Tianzhen
3759,Dicky,Dedrick,ddedrickl2@feedburner.com,Research and Development,131-998-8937,Heping
3760,Cybill,Kirley,ckirleyl3@npr.org,Training,114-148-0925,Chabařovice
3761,Kellby,Rait,kraitl4@intel.com,Training,141-213-2656,Kuantan
3762,Kirstin,Sparhawk,ksparhawkl5@amazonaws.com,Services,457-539-1053,Kaulon
3763,Naoma,Hinnerk,nhinnerkl6@issuu.com,Legal,922-169-2173,Montpellier
3764,Dallas,Downs,ddownsl7@webs.com,Accounting,902-194-9337,Ami
3765,Bill,Habbal,bhabball8@exblog.jp,Engineering,271-139-5462,Koutsopódi
3766,Dick,Dudenie,ddudeniel9@google.ca,Human Resources,856-321-0591,Brodokalmak
3767,Kristina,Durie,kduriela@yellowbook.com,Legal,617-426-4668,Hongjiaguan
3768,Steve,Villaron,svillaronlb@photobucket.com,Legal,919-340-2019,Xinchenglu
3769,Bethena,Broome,bbroomelc@google.es,Training,774-222-7647,Cruz de Pau
3770,Edwina,Fadell,efadellld@google.nl,Product Management,904-402-4504,Jacksonville
3771,Misty,Bizzey,mbizzeyle@microsoft.com,Product Management,651-429-9213,Arnhem
3772,Adi,Spellessy,aspellessylf@friendfeed.com,Legal,508-270-2559,Jongīyeh
3773,Allx,Halston,ahalstonlg@ed.gov,Engineering,328-403-0081,Shuangfeng
3774,Aron,Carrington,acarringtonlh@senate.gov,Engineering,675-751-9920,Mauloo
3775,Al,Feighney,afeighneyli@nature.com,Training,313-394-0585,Detroit
3776,Lynna,Dudden,lduddenlj@newsvine.com,Marketing,945-682-1566,San Juan
3777,Vern,Wainscot,vwainscotlk@netlog.com,Accounting,831-341-3312,Malaga
3778,Ralina,Algar,ralgarll@symantec.com,Training,727-519-2131,Shenzhong
3779,Dilan,Witherden,dwitherdenlm@bravesites.com,Engineering,768-693-2077,Al Fandaqūmīyah
3780,Kearney,Collibear,kcollibearln@soup.io,Business Development,713-427-2624,Luknovo
3781,Clarabelle,Hanway,chanwaylo@zdnet.com,Legal,977-821-3799,Sangali
3782,Dwain,Deely,ddeelylp@ifeng.com,Research and Development,343-998-8525,Gujō
3783,Freddi,Streeten,fstreetenlq@usda.gov,Engineering,414-385-4417,Milwaukee
3784,Stephi,Ector,sectorlr@aboutads.info,Product Management,438-178-6211,Laxiong
3785,Dorrie,Warton,dwartonls@stumbleupon.com,Services,501-847-9753,Cho-airong
3786,Gabie,Rowes,groweslt@devhub.com,Engineering,374-280-2801,Darnah
3787,Ab,Pindred,apindredlu@examiner.com,Product Management,683-188-2279,Akim Oda
3788,Shelagh,Ogle,soglelv@pagesperso-orange.fr,Training,683-360-0049,Cikembar
3789,Katine,Farnfield,kfarnfieldlw@wp.com,Legal,993-756-2414,Jasaan
3790,Marissa,Fulstow,mfulstowlx@1688.com,Training,657-258-2922,Andongrejo
3791,Raymond,Leward,rlewardly@miitbeian.gov.cn,Product Management,826-168-3469,Changting
3792,Laurianne,Tullis,ltullislz@prlog.org,Support,991-936-0299,Wangjiahe
3793,Giffie,Dover,gdoverm0@illinois.edu,Human Resources,191-323-8842,Shuitianzhuang
3794,Ardyce,Rodnight,arodnightm1@meetup.com,Accounting,203-282-2988,Waitenepang
3795,Cyrille,Tsarovic,ctsarovicm2@mac.com,Legal,919-515-8381,Älvsjö
3796,Darsey,Treagus,dtreagusm3@economist.com,Business Development,595-507-3072,Kopang Satu
3797,Kristoforo,Rolls,krollsm4@admin.ch,Legal,121-863-2798,Chandra
3798,Harwilll,Fortie,hfortiem5@state.gov,Engineering,902-692-3414,Verin Artashat
3799,Jillie,Branchett,jbranchettm6@qq.com,Human Resources,251-832-3178,Xiaozhang
3800,Delcine,Berthomieu,dberthomieum7@about.me,Engineering,639-771-5311,Slobodskoy
3801,Nicola,Fernandes,nfernandesm8@army.mil,Business Development,650-691-5424,Gobernador Ingeniero Valentín Virasoro
3802,Lenore,Costar,lcostarm9@bloglovin.com,Services,124-183-6807,Zhuhu
3803,Sebastiano,Innis,sinnisma@yellowpages.com,Sales,146-792-8985,Quatro Barras
3804,Ted,Grimwad,tgrimwadmb@e-recht24.de,Human Resources,510-192-4650,Chechen-Aul
3805,Nolana,Fowls,nfowlsmc@nytimes.com,Sales,603-792-1194,Bang Bon
3806,Giordano,Tipple,gtipplemd@themeforest.net,Sales,968-160-5462,Zhendong
3807,Larissa,Barbara,lbarbarame@census.gov,Marketing,846-231-3021,Antwerpen
3808,Eliot,Rawcliffe,erawcliffemf@netvibes.com,Accounting,371-662-1111,Russkaya Polyana
3809,Reina,Gouldthorpe,rgouldthorpemg@nytimes.com,Training,584-257-4225,Thun
3810,Vassili,Pavitt,vpavittmh@trellian.com,Sales,886-221-4405,Rongelap
3811,Judas,Marmyon,jmarmyonmi@g.co,Marketing,467-457-0163,Радолишта
3812,Moore,Hains,mhainsmj@census.gov,Research and Development,992-366-4445,El Tablón
3813,Virge,Weild,vweildmk@altervista.org,Human Resources,228-394-8093,Várzea de Sintra
3814,Aile,Santarelli,asantarelliml@timesonline.co.uk,Sales,267-452-7506,Chanuman
3815,Shawn,Bryce,sbrycemm@sakura.ne.jp,Training,146-760-9260,Sardoal
3816,Rene,Jennaway,rjennawaymn@booking.com,Research and Development,617-114-2586,Newton
3817,Pryce,Holywell,pholywellmo@devhub.com,Support,999-293-8347,Huagu
3818,Leilah,Felipe,lfelipemp@wordpress.org,Sales,342-134-3091,Skalánion
3819,Korie,Kaesmans,kkaesmansmq@admin.ch,Legal,766-629-0258,Saparbay
3820,Margaret,Lusgdin,mlusgdinmr@ebay.co.uk,Sales,477-703-6801,Anling
3821,Imelda,Aukland,iauklandms@opera.com,Engineering,440-913-9040,Longzhou
3822,Algernon,Airth,aairthmt@yelp.com,Accounting,361-205-5691,Feicheng
3823,Sophia,Jerzykiewicz,sjerzykiewiczmu@npr.org,Training,205-740-9708,Birmingham
3824,Stacy,Horbart,shorbartmv@soup.io,Research and Development,190-375-6786,Fayaoué
3825,Morty,Crossman,mcrossmanmw@blogspot.com,Human Resources,739-858-4475,Bulakbanjar
3826,Cirstoforo,Bleaden,cbleadenmx@4shared.com,Product Management,460-745-4662,Xiaoshan
3827,Ferdinand,Dunge,fdungemy@hubpages.com,Marketing,799-633-1469,Sandymount
3828,Vite,Samwell,vsamwellmz@plala.or.jp,Support,613-150-6944,Chemodanovka
3829,Moe,Grugerr,mgrugerrn0@photobucket.com,Research and Development,633-702-8057,Göteborg
3830,Nelie,Rembaud,nrembaudn1@networksolutions.com,Engineering,102-874-3235,Zhongshu
3831,Valentine,McArd,vmcardn2@ifeng.com,Marketing,536-944-1625,Cabricán
3832,Chet,Kas,ckasn3@github.io,Human Resources,557-779-2685,Dabaozi
3833,Murdock,Durran,mdurrann4@t-online.de,Research and Development,425-975-2051,Camargo
3834,Kippie,Magwood,kmagwoodn5@mapy.cz,Product Management,197-312-3722,Gangjia
3835,Brittni,De Ferrari,bdeferrarin6@printfriendly.com,Training,517-196-4640,Valença
3836,Gery,Elles,gellesn7@mlb.com,Product Management,649-391-1868,Sukasetia
3837,Darcie,Montague,dmontaguen8@slate.com,Product Management,497-388-8498,Belozërsk
3838,Benni,Thrasher,bthrashern9@fastcompany.com,Marketing,790-769-9202,Sorongan
3839,Harman,Denzey,hdenzeyna@people.com.cn,Business Development,287-615-6074,Ruy Barbosa
3840,Juanita,Robey,jrobeynb@studiopress.com,Research and Development,492-449-1951,Vadstena
3841,Petr,Obispo,pobisponc@globo.com,Business Development,262-125-2993,Burgersfort
3842,Gene,Mercey,gmerceynd@aboutads.info,Product Management,620-212-0390,Amagbagan
3843,Ardys,Perkinson,aperkinsonne@irs.gov,Services,382-825-8624,Sibreh
3844,Merrie,Bisterfeld,mbisterfeldnf@hc360.com,Product Management,876-989-6461,Cibinong Satu
3845,Artus,Maw,amawng@deliciousdays.com,Accounting,968-193-2034,Caazapá
3846,Bernadette,Deppen,bdeppennh@dailymotion.com,Human Resources,972-259-5839,Guará
3847,Hildagard,Dowthwaite,hdowthwaiteni@blogs.com,Business Development,101-963-5935,Sanyang
3848,Roze,Caroll,rcarollnj@t-online.de,Legal,412-880-6109,Shilovo
3849,Clyde,Berard,cberardnk@hubpages.com,Support,171-587-8833,Ülken
3850,Gayle,Franckton,gfrancktonnl@icq.com,Human Resources,690-540-6783,Mayuge
3851,Akim,Huckstepp,ahucksteppnm@youku.com,Training,305-407-7530,Guxi
3852,Issie,Dennistoun,idennistounnn@tripod.com,Services,255-187-1976,Fushë-Bulqizë
3853,Swen,Dumberrill,sdumberrillno@list-manage.com,Legal,530-448-3522,Kangar
3854,Deborah,Poundford,dpoundfordnp@dedecms.com,Accounting,835-585-1768,Shanting
3855,Vanny,Briers,vbriersnq@xinhuanet.com,Support,294-916-5575,Serednye
3856,Lucie,Fernandez,lfernandeznr@dmoz.org,Engineering,590-295-6319,Ficksburg
3857,Lorri,Grigoriscu,lgrigoriscuns@lulu.com,Sales,394-593-0576,Pedra Branca
3858,Delcina,Awdry,dawdrynt@howstuffworks.com,Services,455-663-3932,Lucaya
3859,Lisetta,De Bellis,ldebellisnu@shinystat.com,Support,155-830-8692,Venëv
3860,Alyce,Langhorn,alanghornnv@cdc.gov,Accounting,907-504-9995,Astorga
3861,Winni,Hunston,whunstonnw@sun.com,Services,599-636-4174,Terrugem
3862,Jennica,Gemlbett,jgemlbettnx@ucoz.ru,Human Resources,641-186-3616,Cibeureum
3863,Valida,Torresi,vtorresiny@a8.net,Engineering,997-834-7907,Bang Kho Laem
3864,Christian,Caroline,ccarolinenz@census.gov,Marketing,498-493-6686,Sindangsari
3865,Janka,Hold,jholdo0@archive.org,Marketing,836-548-1770,Oshawa
3866,Emalee,Crew,ecrewo1@netvibes.com,Legal,164-330-6013,Paôy Pêt
3867,Wyatt,Broek,wbroeko2@imgur.com,Product Management,871-681-4304,Tužno
3868,Cecelia,Harmeston,charmestono3@umich.edu,Accounting,933-843-8157,Hekou
3869,Odelinda,Treherne,otreherneo4@blogs.com,Research and Development,191-310-8929,Qiucun
3870,Lira,Hanton,lhantono5@cbc.ca,Business Development,110-607-4106,Ustyuzhna
3871,Cece,Le Bosse,clebosseo6@cnn.com,Human Resources,151-406-6848,Quinta
3872,Eugenie,Roulston,eroulstono7@linkedin.com,Engineering,922-147-6687,Ivanivka
3873,Jacinta,Forsyth,jforsytho8@dot.gov,Engineering,237-924-7194,Sigou
3874,Benedict,Amies,bamieso9@blog.com,Training,835-350-3074,Nor Yerznka
3875,Denise,Boadby,dboadbyoa@altervista.org,Engineering,346-478-0282,Varna
3876,Eleanore,Roddy,eroddyob@sina.com.cn,Business Development,111-613-0023,Moss
3877,Neilla,House,nhouseoc@vistaprint.com,Legal,439-510-3261,Narukan
3878,Jenica,Ruperto,jrupertood@ebay.com,Sales,952-412-2743,Täby
3879,Horst,Gedge,hgedgeoe@yahoo.com,Business Development,917-578-7715,Blimbing
3880,Taffy,O'Murtagh,tomurtaghof@nymag.com,Business Development,536-173-0257,Zator
3881,Erskine,Camps,ecampsog@admin.ch,Legal,836-904-9611,Tenjolaya
3882,Kary,Waldram,kwaldramoh@qq.com,Marketing,471-828-5050,Buena Vista
3883,Abrahan,Burgon,aburgonoi@chron.com,Sales,666-734-2230,Ksour Essaf
3884,Anthea,Grimmett,agrimmettoj@squarespace.com,Business Development,368-971-3364,Ar Ramāḑīn
3885,Claudio,Burress,cburressok@phpbb.com,Product Management,628-182-8882,Mesopotam
3886,Lane,Firmin,lfirminol@is.gd,Business Development,993-713-5065,Nakano
3887,Riordan,Bianco,rbiancoom@theglobeandmail.com,Legal,439-995-8117,Lingqian
3888,Fanchon,Mitkcov,fmitkcovon@51.la,Engineering,181-416-8886,Porsgrunn
3889,Jefferson,De Bischop,jdebischopoo@boston.com,Human Resources,628-512-2985,Viļaka
3890,Tonye,Payn,tpaynop@hp.com,Human Resources,933-106-4687,Mýrina
3891,Mirabella,Caldecutt,mcaldecuttoq@nymag.com,Support,650-363-7767,Melres
3892,Oralla,Marchington,omarchingtonor@reddit.com,Sales,603-213-0958,Shangdu
3893,Ashlin,Cowans,acowansos@zimbio.com,Training,697-945-6627,Gunungputri
3894,Tod,Lebreton,tlebretonot@free.fr,Business Development,536-163-5367,Mujur Satu
3895,Zondra,Probey,zprobeyou@goodreads.com,Marketing,342-886-2806,Paris 10
3896,Sophia,Drysdall,sdrysdallov@ihg.com,Accounting,840-267-5578,Khombole
3897,Lesley,Manston,lmanstonow@digg.com,Product Management,470-504-8723,Pico da Pedra
3898,Genia,Pimlott,gpimlottox@eepurl.com,Product Management,386-477-0808,La Mohammedia
3899,Jo-ann,Scamal,jscamaloy@un.org,Legal,895-874-9236,Mindyak
3900,Dion,Elliott,delliottoz@dagondesign.com,Human Resources,456-695-0099,Kristiansund N
3901,Lea,Petri,lpetrip0@quantcast.com,Human Resources,274-205-7386,Maroúsi
3902,Quentin,Swadlinge,qswadlingep1@pbs.org,Business Development,853-849-8729,Ḩājī Khēl
3903,Desirae,Baxill,dbaxillp2@ehow.com,Business Development,630-333-3178,Jorok Dalam
3904,Tarrance,Trye,ttryep3@bizjournals.com,Business Development,477-341-3578,España
3905,Trescha,Gresswell,tgresswellp4@nasa.gov,Support,407-849-0365,Gävle
3906,Barry,Cockerill,bcockerillp5@intel.com,Support,330-449-9763,Oof
3907,Boris,Mauditt,bmaudittp6@photobucket.com,Support,647-868-2305,Bali
3908,Herculie,Slimon,hslimonp7@blogtalkradio.com,Marketing,862-535-8798,Centro Habana
3909,Creighton,Glancey,cglanceyp8@mac.com,Research and Development,662-468-7783,Hrtkovci
3910,Pryce,O'Fogerty,pofogertyp9@cyberchimps.com,Research and Development,740-154-9590,Mungging
3911,Eldredge,Wolfindale,ewolfindalepa@biblegateway.com,Services,548-476-5419,Camlachie
3912,Esme,Bosson,ebossonpb@weebly.com,Services,624-376-6974,Jabonga
3913,Tod,Windless,twindlesspc@livejournal.com,Training,367-618-7095,Mont-Tremblant
3914,Holmes,Corrao,hcorraopd@sciencedaily.com,Sales,683-849-8789,Nong Phai
3915,Burch,Camamile,bcamamilepe@amazon.co.jp,Human Resources,304-932-8358,Nemyriv
3916,Marylinda,O'Hannigan,mohanniganpf@engadget.com,Business Development,773-427-4117,Novi Bilokorovychi
3917,Albie,Greendale,agreendalepg@typepad.com,Business Development,821-618-8966,Taoyuan
3918,Adaline,Maruska,amaruskaph@sohu.com,Engineering,830-861-1850,Inhambupe
3919,Doralynn,Drain,ddrainpi@artisteer.com,Human Resources,661-208-7753,Yanjiao
3920,Adair,Welburn,awelburnpj@abc.net.au,Research and Development,981-905-7250,Galtek
3921,Hewitt,Staning,hstaningpk@go.com,Legal,984-338-9864,Podkamennaya Tunguska
3922,Isaac,Tosh,itoshpl@gmpg.org,Marketing,925-858-3313,Zaojiacheng
3923,Alfonse,Janson,ajansonpm@nymag.com,Support,640-373-1493,Rakitnoye
3924,Aldric,Legon,alegonpn@forbes.com,Human Resources,382-471-3912,Badajoz
3925,Conney,McDowell,cmcdowellpo@bigcartel.com,Legal,112-237-7493,Lebao
3926,Almeria,Drewery,adrewerypp@zimbio.com,Engineering,485-755-7570,Tvŭrditsa
3927,Atalanta,Hassewell,ahassewellpq@indiatimes.com,Marketing,559-374-9886,Wengtian
3928,Leupold,Roger,lrogerpr@twitpic.com,Human Resources,255-436-5383,Luxi
3929,Verge,Dulling,vdullingps@prweb.com,Human Resources,195-286-6128,Xiuying
3930,Wilton,Brydson,wbrydsonpt@salon.com,Support,436-871-9820,Magdaleno Aguilar
3931,Lauri,Tuff,ltuffpu@chronoengine.com,Business Development,722-808-1480,Skhodnya
3932,Netti,Whyler,nwhylerpv@joomla.org,Accounting,342-580-2518,Chennevières-sur-Marne
3933,Laurens,Bagster,lbagsterpw@mlb.com,Accounting,126-628-7178,Dvinskoy
3934,Margalit,Rumke,mrumkepx@linkedin.com,Sales,431-859-4989,Ta Khmau
3935,Windham,Westrip,wwestrippy@de.vu,Services,611-493-2163,Douniani
3936,Madelene,Melloi,mmelloipz@narod.ru,Engineering,207-211-9486,Stockholm
3937,Neal,Jantet,njantetq0@alexa.com,Research and Development,396-344-6904,Grenoble
3938,Jobyna,Roome,jroomeq1@bizjournals.com,Research and Development,769-330-4682,Mae Ramat
3939,Anselma,Warby,awarbyq2@alibaba.com,Support,338-227-0801,Hongsipu
3940,Mercedes,Solomonides,msolomonidesq3@etsy.com,Services,983-145-6179,Klenica
3941,Zorine,Nisot,znisotq4@tuttocitta.it,Sales,560-531-6215,Temorlorong
3942,Britte,Lowre,blowreq5@weibo.com,Marketing,338-817-1769,La Ligua
3943,Joseph,Scorrer,jscorrerq6@huffingtonpost.com,Business Development,105-449-8024,Creighton
3944,Linell,Grewe,lgreweq7@chicagotribune.com,Services,431-340-3749,Cullhuas
3945,Florina,Tomaskunas,ftomaskunasq8@wikispaces.com,Business Development,239-449-2803,Naples
3946,Saundra,Reinard,sreinardq9@addthis.com,Services,792-440-5127,Tahoua
3947,Alfie,McQuaide,amcquaideqa@vistaprint.com,Sales,856-966-9370,Chelopech
3948,Marwin,Dorrington,mdorringtonqb@zimbio.com,Training,513-267-2588,Roshal’
3949,Reinold,Collyer,rcollyerqc@hexun.com,Support,851-630-5865,Pouzauges
3950,Marina,Howship,mhowshipqd@nydailynews.com,Engineering,170-563-8013,Videm pri Ptuju
3951,Ximenes,Nevitt,xnevittqe@epa.gov,Engineering,248-346-7638,Qianyou
3952,Prince,Standeven,pstandevenqf@craigslist.org,Accounting,564-191-8047,Kasiyan
3953,Jacquetta,Wooddisse,jwooddisseqg@theglobeandmail.com,Sales,832-796-7578,Talavera
3954,Gena,Demkowicz,gdemkowiczqh@diigo.com,Training,617-690-4123,Fengkou
3955,Dilan,Freake,dfreakeqi@wired.com,Human Resources,523-401-9298,Cikawunggading
3956,Rikki,Weavers,rweaversqj@pen.io,Legal,723-423-8481,Cianorte
3957,Gus,Phillins,gphillinsqk@de.vu,Accounting,789-316-2435,El Parco District
3958,Salome,Lesslie,slesslieql@flavors.me,Human Resources,475-468-1238,Pamatang
3959,Barbabas,Hakes,bhakesqm@multiply.com,Services,205-480-0934,Gostovići
3960,Elmore,Audus,eaudusqn@ed.gov,Product Management,803-518-6103,Shënmëri
3961,Sumner,Jolliffe,sjolliffeqo@irs.gov,Business Development,608-902-1374,Chuanbu
3962,Shane,Hinstridge,shinstridgeqp@privacy.gov.au,Legal,536-101-1904,Jinzhou
3963,Wallis,Ead,weadqq@bloglovin.com,Support,765-830-7378,Taboão da Serra
3964,Chiquia,Queen,cqueenqr@icio.us,Sales,868-634-6694,Cajicá
3965,Charla,Tibbs,ctibbsqs@salon.com,Product Management,740-157-3347,Kazlų Rūda
3966,Jarrid,Orwin,jorwinqt@ifeng.com,Accounting,618-853-5006,Dorūd
3967,Philippine,Sandells,psandellsqu@linkedin.com,Human Resources,142-593-4576,Paucarbamba
3968,Linette,Tenaunt,ltenauntqv@smugmug.com,Legal,991-168-5232,Leština
3969,Eliot,Summerton,esummertonqw@imageshack.us,Sales,362-461-3100,Kushnarënkovo
3970,Tammara,Voice,tvoiceqx@addthis.com,Sales,930-828-5904,Concordia
3971,Tiffany,Camerana,tcameranaqy@delicious.com,Human Resources,337-913-7249,Gelemso
3972,Chrystel,McGorman,cmcgormanqz@unesco.org,Training,538-342-8568,Piribebuy
3973,Seka,Edlin,sedlinr0@imageshack.us,Training,612-242-9129,Minneapolis
3974,Marcelia,Emberson,membersonr1@sogou.com,Services,146-513-5683,Vitim
3975,Corney,Taveriner,ctaverinerr2@latimes.com,Business Development,256-585-3644,Željezno Polje
3976,Gerrie,Drowsfield,gdrowsfieldr3@sciencedaily.com,Sales,567-159-6287,Bastos
3977,Tanhya,Grichukhanov,tgrichukhanovr4@sciencedaily.com,Marketing,897-228-4589,Qutun
3978,Toby,Royal,troyalr5@dailymail.co.uk,Marketing,871-149-8178,Zhenjiang
3979,Kenn,Lelievre,klelievrer6@addthis.com,Services,202-302-1288,Washington
3980,Coralyn,Fransewich,cfransewichr7@sakura.ne.jp,Training,160-199-2527,Valence
3981,Chrissie,Brand,cbrandr8@unc.edu,Research and Development,885-213-7350,Assis
3982,Susana,Nanninini,snannininir9@uol.com.br,Support,803-154-8019,Kefang
3983,Alli,Iacovazzi,aiacovazzira@cnet.com,Research and Development,768-168-3844,Huazangsi
3984,Marin,Blodgett,mblodgettrb@disqus.com,Research and Development,819-586-3330,Bazhu
3985,Alexandre,Longina,alonginarc@biblegateway.com,Sales,410-793-4022,Mtsensk
3986,Heath,Crumbleholme,hcrumbleholmerd@google.com.au,Research and Development,559-189-4438,Davyd-Haradok
3987,Genevra,Pohlak,gpohlakre@e-recht24.de,Human Resources,459-618-2707,Sritanjung
3988,Dwight,Worham,dworhamrf@google.ca,Training,343-730-1371,Ouadda
3989,Mattie,MacAne,mmacanerg@sciencedaily.com,Product Management,879-999-8866,Feuknoni
3990,Aridatha,Wimpenny,awimpennyrh@latimes.com,Product Management,365-193-5819,Borjomi
3991,Ryann,Towersey,rtowerseyri@pagesperso-orange.fr,Engineering,190-199-7046,Miaojie
3992,Dinny,Choppen,dchoppenrj@java.com,Accounting,887-182-0580,La Victoria
3993,Kev,Blick,kblickrk@mayoclinic.com,Business Development,629-126-9949,Xinhe
3994,Cele,Lacasa,clacasarl@cmu.edu,Marketing,891-860-4557,Panjgūr
3995,Albertina,Mollatt,amollattrm@yahoo.co.jp,Engineering,791-772-9231,Longchiqiao
3996,Clemmie,Pym,cpymrn@livejournal.com,Sales,385-449-1832,Kotabaru Hilir
3997,Maximilianus,Egglestone,megglestonero@berkeley.edu,Marketing,740-917-9212,Kaliska
3998,Clea,Kerbler,ckerblerrp@tumblr.com,Services,600-175-4880,Sungai Raya
3999,Huberto,MacLice,hmaclicerq@alexa.com,Research and Development,106-899-7562,Yerba Buena
4000,Shelly,Roux,srouxrr@uiuc.edu,Marketing,602-933-0942,Marvdasht
