id,first_name,last_name,email,department,phone_number,city
1,Lorrie,Mackriell,lmackriell0@nationalgeographic.com,Training,819-912-7703,Hamanoichi
2,Bertie,Marson,bmarson1@usatoday.com,Training,476-109-0452,Xinyuan
3,Chev,Atkinson,catkinson2@wikia.com,Product Management,646-993-8104,Devesa
4,Janith,Marston,jmarston3@google.nl,Human Resources,932-744-9396,Fu’an
5,Dorothee,Lill,dlill4@paginegialle.it,Human Resources,920-326-1926,Valinhos
6,Lavena,Cuckson,lcuckson5@nasa.gov,Marketing,150-916-5280,Maikun
7,Aimee,Donavan,adonavan6@instagram.com,Product Management,682-353-6009,Arari
8,Farra,Harbison,fharbison7@businessweek.com,Research and Development,207-230-9676,Titao
9,Jacquelynn,Falla,jfalla8@photobucket.com,Product Management,598-989-0711,Xiali
10,Lauren,Claris,lclaris9@va.gov,Services,417-112-2826,Viraco
11,Moss,Birrel,mbirrela@webnode.com,Research and Development,635-255-1199,Baro
12,Jennee,Hammett,jhammettb@umn.edu,Business Development,429-216-9243,Henghe
13,Ansley,Grafton,agraftonc@list-manage.com,Marketing,981-249-6331,Jin’e
14,Charlton,Illes,cillesd@t-online.de,Engineering,208-462-3800,Lewolen
15,Mal,Pigeon,mpigeone@alibaba.com,Sales,856-767-6848,Camden
16,Jsandye,Rooms,jroomsf@boston.com,Product Management,248-770-9445,Jeżów
17,Caron,Glendenning,cglendenningg@google.es,Legal,144-904-5198,Panggungwinong
18,Davey,Castagnaro,dcastagnaroh@printfriendly.com,Accounting,767-274-3806,Yangfeng
19,Aldous,Upstell,aupstelli@berkeley.edu,Training,224-862-3518,Hongsung
20,Northrop,Lorden,nlordenj@posterous.com,Marketing,357-527-9704,Daying
21,Kym,Petracco,kpetraccok@state.gov,Legal,163-841-3378,Warmare
22,Harli,Sante,hsantel@salon.com,Services,688-313-1860,Talitsa
23,Deina,Brighty,dbrightym@blogger.com,Support,618-442-4114,Kezileboyi
24,Shelly,Harme,sharmen@arizona.edu,Engineering,914-846-0666,Tanakawu Dua
25,Saundra,Ivanchenkov,sivanchenkovo@hhs.gov,Marketing,463-743-4818,Bombu
26,Oralla,Gatsby,ogatsbyp@paginegialle.it,Engineering,476-376-0613,Tunzhai
27,Birdie,Derges,bdergesq@redcross.org,Services,966-436-4809,Nggesa
28,Damien,Schulze,dschulzer@wired.com,Human Resources,266-822-5444,Boulaide
29,Gert,Nannetti,gnannettis@upenn.edu,Sales,691-979-6634,Sukasirna
30,Juan,Dufaire,jdufairet@chron.com,Human Resources,633-999-3809,Cipeundeuy
31,Roarke,Maybey,rmaybeyu@disqus.com,Sales,759-872-1475,Wulan Hada
32,Wyatan,Studders,wstuddersv@taobao.com,Human Resources,819-563-1718,Nanaimo
33,Hildagard,McLice,hmclicew@imgur.com,Training,936-394-3246,Cergy-Pontoise
34,Salvador,Lemar,slemarx@bloomberg.com,Accounting,963-330-9830,Dajalorong
35,Dagmar,Winwood,dwinwoody@is.gd,Business Development,589-581-7973,Korsze
36,Rollo,Burry,rburryz@1und1.de,Support,665-742-8620,Mingcheng
37,Christina,Fleisch,cfleisch10@vistaprint.com,Human Resources,187-822-4223,El Hermel
38,Selia,Wardingly,swardingly11@europa.eu,Legal,633-524-4581,Las Palmas
39,Janis,MacConnell,jmacconnell12@spotify.com,Engineering,743-856-6853,Sarvaš
40,Gayla,De Vaar,gdevaar13@cloudflare.com,Accounting,863-620-6743,Wuling
41,Bertha,Kearton,bkearton14@tinypic.com,Engineering,917-887-1030,Jablonec nad Nisou
42,William,Stairmand,wstairmand15@ning.com,Services,923-260-6266,Ryazan’
43,Stu,Oglevie,soglevie16@geocities.jp,Marketing,355-661-1200,Staryy Krym
44,Connie,Dradey,cdradey17@google.cn,Human Resources,711-747-2504,Taunoa
45,Alisa,Piscopo,apiscopo18@wufoo.com,Services,179-127-0535,Nossa Senhora de Machede
46,Dunstan,Giacovelli,dgiacovelli19@pen.io,Support,938-267-2430,Nogent-le-Rotrou
47,Joey,Shew,jshew1a@about.me,Support,382-472-9086,Kendayakan
48,Gunter,Basler,gbasler1b@naver.com,Services,551-142-0304,Dongxiang
49,Fleming,Ketch,fketch1c@sohu.com,Business Development,706-438-7970,Konga
50,Horatio,Benson,hbenson1d@independent.co.uk,Sales,169-848-4509,Ocongate
51,Ferdie,Vannoni,fvannoni1e@free.fr,Accounting,424-666-0476,Malaruhatan
52,Ailis,Thornley,athornley1f@shareasale.com,Accounting,550-426-6674,Taldom
53,Sybille,Prettyjohn,sprettyjohn1g@cafepress.com,Training,557-398-4001,Fencheng
54,Terrie,Laird,tlaird1h@sciencedaily.com,Support,195-636-9764,Kalnibolotskaya
55,Cassandre,Hiorn,chiorn1i@shareasale.com,Support,350-406-4050,Majagual
56,Armand,Poulsen,apoulsen1j@cnet.com,Accounting,446-640-8846,Ape
57,Philip,Kissack,pkissack1k@mit.edu,Marketing,947-107-7630,Kohtla-Järve
58,Jessy,Battell,jbattell1l@disqus.com,Research and Development,294-185-7022,Gävle
59,Bartlet,Bachura,bbachura1m@prweb.com,Marketing,449-361-7551,Esperanza
60,Alejoa,Gittoes,agittoes1n@irs.gov,Services,993-112-3905,Guankou
61,Elinore,Checcucci,echeccucci1o@indiegogo.com,Support,653-178-0334,Chiba
62,Chrissie,Jelf,cjelf1p@blogtalkradio.com,Business Development,398-660-5010,Tambulatana
63,Lidia,Trusler,ltrusler1q@over-blog.com,Marketing,798-787-3412,Nihaona
64,Stanton,Entwisle,sentwisle1r@hibu.com,Research and Development,519-656-5154,Неготино
65,Monti,Ferraretto,mferraretto1s@reddit.com,Accounting,206-360-8770,Seattle
66,Gustie,Eadmead,geadmead1t@tinyurl.com,Training,726-758-1575,Svyatogorsk
67,Marcela,Robrose,mrobrose1u@ted.com,Marketing,508-648-4713,Gostyń
68,Hynda,Halfacre,hhalfacre1v@diigo.com,Engineering,886-261-0977,Chengqiao
69,Stephan,Wilcott,swilcott1w@timesonline.co.uk,Research and Development,369-667-5113,Tanbu
70,Conny,Dignall,cdignall1x@howstuffworks.com,Human Resources,672-118-1518,Al Jamālīyah
71,Marylee,Vernazza,mvernazza1y@cbslocal.com,Product Management,298-421-3518,Warungpeuteuy
72,Burton,Stenners,bstenners1z@technorati.com,Legal,200-135-5366,Santa Rosa
73,Bess,Glasser,bglasser20@tamu.edu,Legal,693-674-3216,Zhangjia
74,Coleen,Stoggell,cstoggell21@nydailynews.com,Human Resources,848-362-0584,Xuetian
75,Jayne,Chetwynd,jchetwynd22@ovh.net,Business Development,831-223-6294,Komatsushimachō
76,Aurore,Dmitrichenko,admitrichenko23@arstechnica.com,Product Management,136-579-1200,Zapolyarnyy
77,Fulvia,Cheeseman,fcheeseman24@oracle.com,Accounting,605-999-6756,Camalote
78,Sapphire,Cregin,scregin25@disqus.com,Marketing,939-654-5668,Chongmin
79,Modestia,Pollard,mpollard26@booking.com,Services,330-377-2923,Youngstown
80,Callida,Wethered,cwethered27@hc360.com,Accounting,233-642-4687,Majayjay
81,Germaine,Coan,gcoan28@japanpost.jp,Engineering,422-590-8719,Kumanovo
82,Shaylah,Giordano,sgiordano29@yandex.ru,Support,373-762-0739,Sosnovka
83,Storm,Chitham,schitham2a@spotify.com,Engineering,250-936-0849,Hanna
84,Kora,Findlow,kfindlow2b@unblog.fr,Research and Development,504-800-4465,New Orleans
85,Lauree,Wemm,lwemm2c@technorati.com,Accounting,988-743-3200,Baoshan
86,Reinald,O'Cannavan,rocannavan2d@webmd.com,Human Resources,974-897-3470,Circasia
87,Katerina,Robiou,krobiou2e@over-blog.com,Research and Development,189-307-0281,Tempeh Tengah
88,Tyrone,Gebb,tgebb2f@wikimedia.org,Accounting,299-903-2579,Venezia
89,Domini,MacCarter,dmaccarter2g@ed.gov,Marketing,509-458-3129,Všetaty
90,Philippa,Commucci,pcommucci2h@discovery.com,Legal,476-399-4095,Reckange-sur-Mess
91,Romola,Mattis,rmattis2i@wunderground.com,Accounting,306-822-4032,Fontem
92,Marilyn,Rodda,mrodda2j@biglobe.ne.jp,Human Resources,374-483-5818,Ruchihe
93,Blanche,Seamarke,bseamarke2k@redcross.org,Business Development,196-511-5514,Bokino
94,Constancia,Elen,celen2l@hhs.gov,Accounting,502-541-2204,Katrineholm
95,Evangeline,Normant,enormant2m@friendfeed.com,Services,113-843-0021,Luoshan
96,Cleopatra,Gerbel,cgerbel2n@cbc.ca,Human Resources,380-798-6133,Xingang
97,Reba,Rutter,rrutter2o@artisteer.com,Marketing,300-191-6975,Laojieji
98,Margaretta,Brownlow,mbrownlow2p@microsoft.com,Services,870-473-6956,Koksovyy
99,Sonny,Veldman,sveldman2q@artisteer.com,Marketing,781-703-3630,Nanlang
100,Desi,MacDonough,dmacdonough2r@ox.ac.uk,Support,690-348-3481,Az Zulfi
101,Ervin,Devany,edevany2s@mapy.cz,Support,896-333-3560,Nyrob
102,Hyacinthe,Foulks,hfoulks2t@google.cn,Engineering,948-866-0297,Brzeźnica
103,Otes,Mapledoram,omapledoram2u@answers.com,Support,665-333-8435,Bayramaly
104,Arvin,Ackermann,aackermann2v@shinystat.com,Legal,531-608-9436,Jakhaly
105,Fleur,Crawshay,fcrawshay2w@cisco.com,Accounting,597-101-7207,Längelmäki
106,Giacomo,Hugnin,ghugnin2x@blogspot.com,Business Development,598-238-2405,Yushu
107,Lolly,Sazio,lsazio2y@salon.com,Research and Development,555-529-0752,Adygeysk
108,Camilla,Weddup,cweddup2z@pinterest.com,Research and Development,449-584-4482,Antonio Toledo Corro
109,Madalena,Pheasant,mpheasant30@latimes.com,Support,204-795-8384,Flen
110,Gradeigh,Howick,ghowick31@mapquest.com,Human Resources,150-241-0694,Ängelholm
111,Eadie,Fazan,efazan32@epa.gov,Product Management,224-240-7102,James Craik
112,Panchito,Simacek,psimacek33@booking.com,Research and Development,307-201-3810,Jasugih Selatan
113,Storm,Curless,scurless34@com.com,Business Development,328-126-0154,Sikasso
114,Knox,Joerning,kjoerning35@kickstarter.com,Legal,660-165-0013,Kotido
115,Donal,Brokenshire,dbrokenshire36@google.it,Research and Development,622-292-2350,Huangzhuang
116,Emelda,Ferbrache,eferbrache37@naver.com,Legal,782-768-0290,Mafa
117,Alessandra,Tessyman,atessyman38@harvard.edu,Accounting,696-347-5740,Lawepakam
118,Enrichetta,Dumbleton,edumbleton39@blogger.com,Sales,646-166-9997,Bogorejo
119,Gun,Joron,gjoron3a@java.com,Sales,144-730-0262,Monteiro
120,Marcia,Freckleton,mfreckleton3b@sciencedirect.com,Research and Development,846-524-5552,Vailoa
121,Traver,Hazelhurst,thazelhurst3c@sitemeter.com,Legal,492-355-9306,Paragominas
122,Fernande,Bachelar,fbachelar3d@alexa.com,Marketing,968-410-5522,Ermelo
123,Kerwinn,Rheam,krheam3e@360.cn,Legal,218-752-7769,Jiangning
124,Billy,Finlry,bfinlry3f@lycos.com,Research and Development,156-691-3872,Suba
125,Buckie,Sall,bsall3g@foxnews.com,Business Development,942-839-9560,Wangdain
126,Stanly,McGill,smcgill3h@free.fr,Support,465-192-5404,Centenario
127,Edvard,D'Costa,edcosta3i@deviantart.com,Services,489-780-8978,Kapuskasing
128,Nadiya,Robbe,nrobbe3j@sina.com.cn,Human Resources,241-398-5482,Albanel
129,Dionysus,O'Lagen,dolagen3k@wufoo.com,Business Development,834-233-1493,Qorao’zak
130,Enrika,Giacopelo,egiacopelo3l@hatena.ne.jp,Product Management,211-198-8572,Urho
131,Ferdinanda,McCaw,fmccaw3m@about.com,Human Resources,110-420-8352,Asbest
132,Ginevra,Moscon,gmoscon3n@uiuc.edu,Legal,575-786-1187,Kohtla-Järve
133,Hettie,Surgeon,hsurgeon3o@digg.com,Business Development,157-748-9225,Mangkon Daja
134,Boonie,Bulcroft,bbulcroft3p@addtoany.com,Marketing,840-846-7402,Sanyang
135,Uri,Coxen,ucoxen3q@disqus.com,Legal,773-800-0332,Haoxue
136,Chicky,Panter,cpanter3r@imgur.com,Support,294-933-5919,Caratinga
137,Desiree,Goomes,dgoomes3s@gravatar.com,Research and Development,827-321-9123,Baracoa
138,Lutero,Anstice,lanstice3t@altervista.org,Marketing,795-326-6590,Hualgayoc
139,Katrina,Ibbeson,kibbeson3u@ehow.com,Services,927-555-7777,Dongxiang
140,Pennie,Oxe,poxe3v@phoca.cz,Product Management,468-318-2794,Shaba
141,Hayes,Jacke,hjacke3w@wiley.com,Product Management,673-541-5283,Ojo de Agua
142,Cristine,Burden,cburden3x@cpanel.net,Research and Development,347-989-7533,Mitzpe Ramon
143,Jasun,Kissock,jkissock3y@ehow.com,Business Development,995-346-7769,Hongtian
144,Emogene,Swadlen,eswadlen3z@columbia.edu,Services,298-294-8052,Ilioúpoli
145,Ophelie,Lanfranconi,olanfranconi40@bloomberg.com,Support,325-468-4565,San Angelo
146,Kally,Maghull,kmaghull41@hexun.com,Human Resources,681-542-7097,Piedrancha
147,Meir,Schafer,mschafer42@networksolutions.com,Services,249-446-5192,Bordeaux
148,Camel,Corrison,ccorrison43@admin.ch,Training,669-404-4278,Sumberejo
149,Garrik,Petters,gpetters44@un.org,Business Development,819-336-9237,Chabany
150,Grace,Udale,gudale45@go.com,Human Resources,270-354-9837,Digos
151,Domenic,Lofts,dlofts46@loc.gov,Accounting,514-351-8764,Watubuku
152,Christoph,Moverley,cmoverley47@infoseek.co.jp,Product Management,355-935-4634,Budagovo
153,Babita,Korneichuk,bkorneichuk48@123-reg.co.uk,Accounting,465-933-3159,Bogo
154,Bliss,Hessle,bhessle49@usa.gov,Training,365-823-0164,Fovissste
155,Tristam,Althorp,talthorp4a@istockphoto.com,Business Development,569-298-8648,Nogent-le-Rotrou
156,Maxie,Simonnin,msimonnin4b@woothemes.com,Engineering,957-762-5280,Sneek
157,Brian,Babe,bbabe4c@narod.ru,Services,423-157-3074,Chattanooga
158,Kilian,Dugald,kdugald4d@seattletimes.com,Accounting,790-537-9700,Vlissingen
159,Brittne,Eadington,beadington4e@buzzfeed.com,Product Management,441-481-7139,Mosjøen
160,Gracia,Quiddinton,gquiddinton4f@skyrock.com,Training,731-607-1649,Villanova
161,Prent,Garwell,pgarwell4g@altervista.org,Legal,612-279-5873,Caleta Cruz
162,Dulcea,Digger,ddigger4h@spiegel.de,Accounting,333-544-5837,Gangjia
163,Gal,Ondricek,gondricek4i@springer.com,Accounting,940-715-6673,Goodlands
164,Fenelia,Uppett,fuppett4j@surveymonkey.com,Business Development,284-119-2878,Tha Wang Pha
165,Mozelle,Bartrop,mbartrop4k@cornell.edu,Legal,460-255-0895,Villa Altagracia
166,Cilka,Gheraldi,cgheraldi4l@plala.or.jp,Product Management,566-843-5970,Malbork
167,Iggy,Clarricoates,iclarricoates4m@moonfruit.com,Legal,279-292-2752,Jatinagara
168,Rachele,Alesbrook,ralesbrook4n@hugedomains.com,Business Development,516-198-5652,Mutum Biyu
169,Chrissie,Bryenton,cbryenton4o@nih.gov,Research and Development,425-234-3150,Comandante Luis Piedra Buena
170,Anson,Fergyson,afergyson4p@csmonitor.com,Accounting,247-679-5152,Giv'on HaHadasha
171,Amata,Rylands,arylands4q@comcast.net,Research and Development,766-418-0453,Banes
172,Cletus,Hathorn,chathorn4r@salon.com,Services,245-352-5861,Hongsung
173,Hubey,Semerad,hsemerad4s@lycos.com,Services,450-883-3894,Cuiabá
174,Irita,Castello,icastello4t@loc.gov,Marketing,560-943-9308,Pedreira
175,Dilly,Eck,deck4u@netlog.com,Engineering,998-435-8755,Carayaó
176,Gwyn,Bolt,gbolt4v@disqus.com,Accounting,640-175-3058,Koźle
177,Garfield,Branch,gbranch4w@ehow.com,Marketing,739-241-0542,Kadujajar
178,Celestine,Paley,cpaley4x@dailymail.co.uk,Support,251-238-1062,Agudos
179,Latrena,Gaynesford,lgaynesford4y@sun.com,Engineering,670-681-4437,Qırmızı Samux
180,Penny,Krout,pkrout4z@elegantthemes.com,Training,722-681-7386,Aţ Ţawāḩīn
181,Currey,Reddyhoff,creddyhoff50@webmd.com,Sales,651-432-2647,La Argentina
182,Turner,Coch,tcoch51@fotki.com,Sales,721-793-7484,Espinho
183,Donelle,Fantin,dfantin52@wufoo.com,Product Management,406-468-9864,Kristianstad
184,Dela,Sidebotton,dsidebotton53@uol.com.br,Services,945-684-7875,Vorzel’
185,Sioux,Laughlan,slaughlan54@weibo.com,Training,177-390-0990,Apostolove
186,Jonell,Vasyukhin,jvasyukhin55@qq.com,Research and Development,898-784-8144,Taraban Timur
187,Susanna,Sweetsur,ssweetsur56@hatena.ne.jp,Training,851-805-9559,Rezh
188,Belva,Burburough,bburburough57@rambler.ru,Product Management,214-146-0356,Jinshan
189,Vin,McFarlane,vmcfarlane58@china.com.cn,Training,389-939-4951,Siyang
190,Paddie,Curner,pcurner59@discovery.com,Accounting,767-917-7965,Ipoh
191,Albie,McGilvray,amcgilvray5a@nhs.uk,Legal,731-707-4709,Svatava
192,Genevra,Glyn,gglyn5b@economist.com,Training,696-128-4221,Aydūn
193,Morgun,Lemanu,mlemanu5c@bloglines.com,Accounting,307-580-1024,Kallithéa
194,Hebert,Sycamore,hsycamore5d@t-online.de,Accounting,601-266-6644,El Vigía
195,Hussein,Connew,hconnew5e@engadget.com,Accounting,885-716-2312,Taiyanghe
196,Darcey,Wellwood,dwellwood5f@meetup.com,Business Development,697-431-1409,Berezivka
197,Sandie,Courtney,scourtney5g@wikimedia.org,Business Development,772-670-3690,Satka
198,Arel,Feasby,afeasby5h@bbb.org,Accounting,914-476-0632,Aizi
199,Ola,Geater,ogeater5i@engadget.com,Human Resources,407-518-2344,Carolina
200,Kerwinn,Jersh,kjersh5j@mail.ru,Legal,905-600-4648,Asahbadung
201,Kiersten,Stockell,kstockell5k@abc.net.au,Engineering,702-743-0894,Skokovi
202,Kinsley,Schutter,kschutter5l@marketwatch.com,Services,648-855-1493,Boro
203,Blondelle,Groombridge,bgroombridge5m@dyndns.org,Accounting,324-276-5817,Dairiti
204,Romona,Cutmare,rcutmare5n@wiley.com,Research and Development,505-427-7503,Mingjing
205,Grantham,Denniston,gdenniston5o@sciencedirect.com,Support,368-438-7779,Rassvet
206,Tyler,Schulze,tschulze5p@nifty.com,Engineering,486-826-3599,Tây Đằng
207,Brent,Precious,bprecious5q@bbc.co.uk,Sales,334-643-3363,Xindu
208,Danica,Boosey,dboosey5r@cmu.edu,Services,496-416-0576,Laojieji
209,Clerissa,Cleminshaw,ccleminshaw5s@slate.com,Human Resources,525-705-3795,Xiyang
210,Edmon,Lamke,elamke5t@prnewswire.com,Support,396-386-1019,Libas
211,Brendan,Trower,btrower5u@forbes.com,Product Management,872-618-6818,Shingū
212,Lutero,Rockey,lrockey5v@ameblo.jp,Business Development,808-224-7195,Yangchao
213,Sarette,Perceval,sperceval5w@e-recht24.de,Product Management,745-733-0947,Själevad
214,Claudius,Yacobsohn,cyacobsohn5x@latimes.com,Services,566-505-3129,Nizhnyaya Tura
215,Maynord,Splevings,msplevings5y@dropbox.com,Legal,596-318-7257,Zhanghua
216,Ray,Guillou,rguillou5z@example.com,Services,631-212-9758,Pāshmūl
217,Pollyanna,Eveque,peveque60@slashdot.org,Sales,433-676-7267,Niort
218,Eugen,Bolden,ebolden61@irs.gov,Services,380-761-2947,Pedraza La Vieja
219,Giffy,Mayfield,gmayfield62@cnn.com,Human Resources,574-911-3448,Satte
220,Barnabas,Moss,bmoss63@github.com,Legal,275-584-3223,Xiaochuan
221,Kristos,Slorance,kslorance64@trellian.com,Legal,849-863-3948,Ketangi
222,Barnabas,Cloake,bcloake65@cdc.gov,Services,744-904-3561,Phnom Penh
223,Cecilio,Lammerts,clammerts66@guardian.co.uk,Sales,237-472-5978,Paris 11
224,Devin,L'Hommee,dlhommee67@networkadvertising.org,Business Development,843-290-3999,Hövsan
225,Bonnibelle,Algate,balgate68@samsung.com,Human Resources,641-453-1155,Arboga
226,Lemar,Lievesley,llievesley69@opensource.org,Engineering,879-632-0553,Xinxi
227,Danita,Elnough,delnough6a@unc.edu,Research and Development,441-732-8361,Villa Atamisqui
228,Lamond,Josupeit,ljosupeit6b@gravatar.com,Engineering,623-604-7600,Galveias
229,Christoffer,Nunes Nabarro,cnunesnabarro6c@jalbum.net,Marketing,864-661-4778,Heze
230,Bank,Kembley,bkembley6d@cmu.edu,Product Management,615-334-3540,La Paz
231,Roth,Boken,rboken6e@github.io,Research and Development,438-418-8424,Pangkungparuk
232,Trudey,Filtness,tfiltness6f@sfgate.com,Human Resources,765-679-7154,Sundsvall
233,Elsie,Gerrill,egerrill6g@goo.gl,Business Development,812-821-7704,Beixiaoying
234,Mellie,Daile,mdaile6h@noaa.gov,Support,805-261-4157,Pułtusk
235,Sancho,Hruska,shruska6i@amazon.co.uk,Accounting,574-764-7004,Tsukumiura
236,Barty,Marshall,bmarshall6j@twitter.com,Legal,185-311-1579,Nangewer
237,Ryley,Loos,rloos6k@youtube.com,Engineering,714-537-1718,Danville
238,Koo,Addicote,kaddicote6l@yelp.com,Human Resources,426-547-4863,Götene
239,Salaidh,Butner,sbutner6m@bigcartel.com,Sales,832-937-1887,Karpinsk
240,Fayre,Roscam,froscam6n@cdbaby.com,Marketing,716-670-1727,Herby
241,Kassie,Darkott,kdarkott6o@dailymail.co.uk,Business Development,237-498-7622,Jindřichov
242,Trudey,Arendt,tarendt6p@usa.gov,Legal,276-373-8209,Amiens
243,Cara,Caughan,ccaughan6q@youtu.be,Marketing,117-396-6620,Caotang
244,Brannon,Croxley,bcroxley6r@google.co.uk,Marketing,898-359-9104,Xiaqiao
245,Cleon,Dillamore,cdillamore6s@angelfire.com,Product Management,773-773-7536,Piura
246,Sharl,Golt,sgolt6t@behance.net,Research and Development,542-945-3017,Nanfeng
247,Rance,Rodolfi,rrodolfi6u@vinaora.com,Training,119-651-7124,Naval
248,Emmi,Gloy,egloy6v@livejournal.com,Business Development,817-511-6217,Fort Worth
249,Enos,Bescoby,ebescoby6w@oakley.com,Marketing,508-138-2374,Adorjan
250,Darda,Riggeard,driggeard6x@com.com,Sales,401-403-5471,Xiashixiang
251,Issi,Sowden,isowden6y@disqus.com,Business Development,660-824-0161,Hebeitun
252,Deny,Bowcher,dbowcher6z@printfriendly.com,Research and Development,205-634-3498,Zhonghe
253,Carri,Polak,cpolak70@about.me,Product Management,347-531-8914,Budapest
254,Gertrude,Wilce,gwilce71@dropbox.com,Services,844-378-6049,Changbao
255,Ezechiel,Sego,esego72@barnesandnoble.com,Legal,291-405-2476,Kālābāgh
256,Vinnie,Jakubczyk,vjakubczyk73@twitter.com,Business Development,778-237-4129,Vsetín
257,Filberto,Vallis,fvallis74@simplemachines.org,Human Resources,570-733-0318,Nieying
258,Carroll,Gratrix,cgratrix75@nba.com,Marketing,812-849-2436,Evansville
259,Averill,Dungate,adungate76@discovery.com,Research and Development,652-461-8968,Huangbu
260,Gerik,Sibthorp,gsibthorp77@fotki.com,Support,931-399-9180,Pérez
261,Mac,Mourant,mmourant78@last.fm,Engineering,438-663-6061,Karangsari
262,Devlin,Procter,dprocter79@wordpress.com,Engineering,487-908-4240,Las Tablas
263,Grady,Kerins,gkerins7a@usda.gov,Engineering,777-486-1034,Upi
264,Cleve,Atack,catack7b@yelp.com,Business Development,240-447-9191,Ballivor
265,Rhianon,Beyer,rbeyer7c@kickstarter.com,Sales,478-249-7282,Hällefors
266,Rafael,Goodby,rgoodby7d@mapy.cz,Sales,198-138-9324,Kasturi
267,Birgitta,Elder,belder7e@addtoany.com,Product Management,464-117-5360,Keti Bandar
268,Griff,Ebbage,gebbage7f@naver.com,Research and Development,233-871-4435,Banyo
269,Masha,Halgarth,mhalgarth7g@kickstarter.com,Sales,331-117-4636,Örebro
270,Josh,Egdale,jegdale7h@yahoo.com,Engineering,186-774-8621,Hitura
271,Web,Righy,wrighy7i@businessweek.com,Engineering,407-107-5175,Matanza
272,Issiah,Blaxton,iblaxton7j@com.com,Marketing,647-307-5101,Nouvelle France
273,Glori,Brahm,gbrahm7k@reference.com,Support,230-686-5545,Ziliang
274,Alyss,Antic,aantic7l@statcounter.com,Legal,610-779-8355,Khenifra
275,Helsa,Windross,hwindross7m@admin.ch,Engineering,817-454-1285,Ḑubāh
276,Riane,Wehnerr,rwehnerr7n@instagram.com,Research and Development,829-365-7299,Vitanje
277,Kristel,Parade,kparade7o@mysql.com,Legal,281-182-4250,San Juan de los Morros
278,Ethelbert,Rizzone,erizzone7p@typepad.com,Research and Development,594-487-1072,Gulyantsi
279,Davine,Lovstrom,dlovstrom7q@washington.edu,Human Resources,549-842-0259,Orlovka
280,Almira,Pryn,apryn7r@ucoz.com,Human Resources,620-443-6460,San Felipe
281,Jamie,Kordes,jkordes7s@istockphoto.com,Services,970-301-4074,Alençon
282,Xenos,Alenin,xalenin7t@pinterest.com,Engineering,674-811-3968,Hòa Bình
283,Kenn,O'Deoran,kodeoran7u@cloudflare.com,Legal,986-548-4980,Motala
284,Gilberte,Codling,gcodling7v@hatena.ne.jp,Product Management,204-419-6246,Huité
285,Cart,Bortolazzi,cbortolazzi7w@apple.com,Sales,752-505-0884,Vailoa
286,Odessa,McAirt,omcairt7x@slideshare.net,Services,603-651-5227,Xilaiqiao
287,Mitchel,Hartfield,mhartfield7y@mozilla.org,Research and Development,377-609-7353,Rumāh
288,Blakelee,Belderson,bbelderson7z@cocolog-nifty.com,Services,944-907-8440,Kabalo
289,Micheil,Spilling,mspilling80@g.co,Support,529-540-1029,Nagano-shi
290,Adams,Dorgan,adorgan81@lycos.com,Marketing,932-800-8230,Putat Lor
291,Valentine,McCauley,vmccauley82@etsy.com,Support,217-228-9355,Wanshi
292,Nanine,Commusso,ncommusso83@cbslocal.com,Training,920-583-1480,Lundazi
293,Rafaelia,O'Halleghane,rohalleghane84@over-blog.com,Legal,437-726-1297,Planá
294,Thurstan,Pascoe,tpascoe85@a8.net,Accounting,382-112-3177,Abadiânia
295,Jacquenetta,Leal,jleal86@taobao.com,Accounting,282-908-6514,Ngembo
296,Margie,Diggar,mdiggar87@liveinternet.ru,Services,356-929-4973,Fafe
297,Terrye,Danzelman,tdanzelman88@g.co,Human Resources,297-186-8732,Henggouqiao
298,Lotta,Orsay,lorsay89@live.com,Marketing,909-741-5857,Johor Bahru
299,Georgine,Simonnin,gsimonnin8a@google.cn,Legal,295-556-1067,Stockholm
300,Eldon,Kirkbright,ekirkbright8b@europa.eu,Accounting,547-444-3982,Pacajus
301,Doll,Skinner,dskinner8c@topsy.com,Product Management,445-921-7254,Dongchong
302,Reed,Grumley,rgrumley8d@google.de,Human Resources,147-468-2657,Karak
303,Rip,Yeell,ryeell8e@de.vu,Engineering,120-766-1276,San Juan del Cesar
304,Goddard,Durran,gdurran8f@ow.ly,Engineering,131-235-3905,Atins
305,Haydon,Wilsdon,hwilsdon8g@merriam-webster.com,Training,732-833-6169,Beishan
306,Ronald,Zorener,rzorener8h@netscape.com,Product Management,238-383-1079,Lapaz
307,Daniella,Swindon,dswindon8i@example.com,Support,559-969-7470,Cruz de los Milagros
308,Katlin,Endecott,kendecott8j@themeforest.net,Sales,448-286-3038,New Washington
309,Beatrice,Kinsey,bkinsey8k@ezinearticles.com,Business Development,204-493-3283,Thị Trấn Lâm
310,Fidelia,Brinklow,fbrinklow8l@people.com.cn,Engineering,547-596-6412,Regnów
311,Maurits,Magwood,mmagwood8m@google.fr,Marketing,532-619-9360,Aykol
312,Melanie,Westhead,mwesthead8n@va.gov,Legal,539-870-6160,Laocheng
313,Hilly,Saurin,hsaurin8o@nsw.gov.au,Engineering,652-487-3955,Kalamangog
314,Kipper,McLelland,kmclelland8p@csmonitor.com,Training,713-609-6560,Longos
315,Joelynn,Farmiloe,jfarmiloe8q@mac.com,Sales,129-370-2885,Kroya
316,Lorita,Simonou,lsimonou8r@photobucket.com,Business Development,149-237-1920,Niejiahe
317,Janaye,Haisell,jhaisell8s@engadget.com,Engineering,809-926-0681,Shicheng
318,Yardley,Donativo,ydonativo8t@altervista.org,Training,903-344-9991,Camingawan
319,Cross,Leipelt,cleipelt8u@bluehost.com,Services,860-129-9667,Nancheng
320,Thorpe,Finnan,tfinnan8v@cdbaby.com,Human Resources,754-570-5994,Carnaxide
321,Natividad,Laden,nladen8w@house.gov,Accounting,771-153-8378,Hexi
322,Mirabella,Ahrens,mahrens8x@lulu.com,Training,309-498-5233,Nagasari
323,Shamus,Hartington,shartington8y@answers.com,Accounting,219-892-8917,Salamá
324,Wolfy,Mackin,wmackin8z@photobucket.com,Services,229-685-3100,Ust’-Omchug
325,Nert,Guyver,nguyver90@naver.com,Services,731-341-8402,Jinlong
326,Gilligan,Sparke,gsparke91@networkadvertising.org,Support,401-949-5520,Hamburg
327,Hyacinthie,Hopkins,hhopkins92@slate.com,Accounting,920-270-3325,Tete
328,Florie,Bolens,fbolens93@wikispaces.com,Support,152-113-0841,Ol’ginskaya
329,Grady,Quantrell,gquantrell94@nationalgeographic.com,Support,486-801-7138,Stobreč
330,Aleta,McReynold,amcreynold95@goo.gl,Engineering,489-506-9451,Suibara
331,Rosabella,Glendenning,rglendenning96@cafepress.com,Research and Development,102-760-7198,Dake
332,Kalli,Hayman,khayman97@abc.net.au,Services,923-203-7970,Xiaba
333,Kit,Kryszka,kkryszka98@nationalgeographic.com,Marketing,959-546-8803,Afareaitu
334,Jeannine,Overpool,joverpool99@domainmarket.com,Training,737-635-8923,Karlskoga
335,Trixie,Margetson,tmargetson9a@pen.io,Sales,170-441-2950,Carpentras
336,Filide,Montilla,fmontilla9b@jiathis.com,Accounting,586-620-5862,Järfälla
337,Caresse,Schmuhl,cschmuhl9c@cnn.com,Engineering,937-696-1253,Fuhai
338,Lucky,Boram,lboram9d@rambler.ru,Business Development,130-596-9093,Illela
339,Wandie,Snufflebottom,wsnufflebottom9e@cbslocal.com,Product Management,471-476-3601,Carpentras
340,Dagmar,Walesa,dwalesa9f@ihg.com,Services,615-546-8880,San Juan de Colón
341,Garwood,Lainton,glainton9g@nba.com,Support,400-546-7843,Chok Chai
342,Filmore,Gipp,fgipp9h@theatlantic.com,Marketing,543-808-5252,Mafa
343,Amelina,Bode,abode9i@storify.com,Research and Development,957-482-6102,Ngembo
344,Archibald,Audibert,aaudibert9j@flavors.me,Research and Development,333-263-4206,Bang Pa-in
345,Christel,Gledstane,cgledstane9k@seattletimes.com,Training,459-138-6427,Pietermaritzburg
346,Oren,Bradbeer,obradbeer9l@yahoo.com,Marketing,815-565-2464,Santiago de Baney
347,Adrianne,Whithalgh,awhithalgh9m@biglobe.ne.jp,Human Resources,704-842-4246,Zyuzino
348,Carlin,Buttel,cbuttel9n@example.com,Legal,130-900-2816,Anáfi
349,Leese,Netherwood,lnetherwood9o@com.com,Business Development,985-671-7123,Mahong
350,Brenda,Hamman,bhamman9p@independent.co.uk,Training,948-317-7056,Mashiko
351,Silvain,Gimenez,sgimenez9q@examiner.com,Support,733-617-3306,Angers
352,Anallise,McClaughlin,amcclaughlin9r@bandcamp.com,Human Resources,325-612-6305,Qihama
353,Irvine,Essam,iessam9s@deviantart.com,Marketing,616-978-4602,Tampocon
354,Justino,Aistrop,jaistrop9t@nationalgeographic.com,Human Resources,800-946-0737,Huangguan
355,Jobye,McGuggy,jmcguggy9u@wordpress.org,Sales,900-570-6392,Maloma
356,Faulkner,Flatley,fflatley9v@craigslist.org,Engineering,488-639-6865,Saratamata
357,Tammie,Syphus,tsyphus9w@skype.com,Sales,289-658-1974,Galtek
358,Nomi,Goult,ngoult9x@shinystat.com,Business Development,653-815-1407,Kopang Satu
359,Kamilah,Labro,klabro9y@wisc.edu,Legal,770-153-2060,Valkeakoski
360,Denys,Catton,dcatton9z@dion.ne.jp,Sales,187-273-0490,Jistebnice
361,Erina,Lakes,elakesa0@tinypic.com,Accounting,606-541-7872,Likiep
362,Cordi,Satterfitt,csatterfitta1@hc360.com,Marketing,731-555-2132,Sakharovo
363,Isidor,Raison,iraisona2@elpais.com,Product Management,190-202-3169,Wanglinkou
364,Davon,Dmitrienko,ddmitrienkoa3@theatlantic.com,Business Development,203-655-8611,Uptar
365,Bili,Camus,bcamusa4@theguardian.com,Accounting,504-808-5370,Altamira
366,Meaghan,Legerwood,mlegerwooda5@goodreads.com,Training,935-272-9144,Santa Lucía
367,Leelah,Wink,lwinka6@friendfeed.com,Services,266-720-5053,Danglang Hudong
368,Luci,Center,lcentera7@rakuten.co.jp,Services,190-190-3766,Břeclav
369,Langston,Goede,lgoedea8@rediff.com,Support,144-552-5072,Tal’ne
370,Izak,Worsnup,iworsnupa9@altervista.org,Sales,333-791-0564,Rejowinangun
371,Shel,Wynrehame,swynrehameaa@apache.org,Sales,220-334-6213,Wang Thonglang
372,Cheston,Watting,cwattingab@tinyurl.com,Support,759-934-7320,Xiashe
373,Mickey,Cadle,mcadleac@blogger.com,Business Development,737-998-9488,Xinyan
374,Tabby,Aldington,taldingtonad@gnu.org,Legal,541-817-8904,Ibarreta
375,Virge,Ansley,vansleyae@multiply.com,Training,254-579-3887,Kozel’shchyna
376,Randolph,Reschke,rreschkeaf@discovery.com,Marketing,584-243-7670,Aengceleng
377,Ricky,Mallabund,rmallabundag@microsoft.com,Human Resources,753-447-8936,Köln
378,Samara,Forth,sforthah@flavors.me,Engineering,318-801-6204,Sortavala
379,Lotte,Seint,lseintai@oaic.gov.au,Engineering,214-632-7607,Semalang
380,Sue,Elster,selsteraj@abc.net.au,Marketing,116-444-1830,San Francisco
381,Thadeus,McLevie,tmclevieak@feedburner.com,Product Management,743-436-0694,Huanoquite
382,Sheena,Bizzey,sbizzeyal@weebly.com,Engineering,546-866-3311,Kahabe
383,Arel,Asch,aascham@bbc.co.uk,Accounting,773-617-3501,Caigongzhuang
384,Tiebout,Breem,tbreeman@paypal.com,Research and Development,306-647-9006,Telaga
385,Lulita,Abelov,labelovao@freewebs.com,Product Management,776-571-6300,Fufang
386,Orelie,Kezourec,okezourecap@washingtonpost.com,Accounting,788-450-3921,Dobra
387,Axel,Codi,acodiaq@wikimedia.org,Services,917-439-2165,Gordeyevka
388,Veronique,Hearnshaw,vhearnshawar@rambler.ru,Services,347-222-6975,As Salţ
389,Lorianna,Shearwood,lshearwoodas@aboutads.info,Product Management,146-582-8508,Hovtashen
390,Garvin,Gussie,ggussieat@spiegel.de,Services,475-502-2721,Broshniv-Osada
391,Lucretia,Le land,llelandau@nymag.com,Engineering,397-396-1048,Garawati
392,Corliss,Hunt,chuntav@dyndns.org,Legal,801-185-6772,Komprachcice
393,Herby,Huegett,hhuegettaw@4shared.com,Legal,298-568-2299,Oujiangcha
394,Crista,Renols,crenolsax@omniture.com,Legal,388-126-6646,Yoshikawa
395,Quentin,Wearne,qwearneay@google.ca,Business Development,609-810-2043,Aldeia da Bela Vista
396,Filmore,Izaks,fizaksaz@pinterest.com,Engineering,313-780-4242,Cadiz
397,Shepperd,Covendon,scovendonb0@examiner.com,Sales,229-785-6594,Zaña
398,Dee dee,Cargill,dcargillb1@google.com.hk,Training,454-942-9000,Metković
399,Otis,Mary,omaryb2@imgur.com,Engineering,256-304-9950,Anto
400,Amalia,Pynn,apynnb3@biblegateway.com,Research and Development,630-822-4191,Ronggo
401,Codie,Bolan,cbolanb4@wsj.com,Services,252-785-5085,Bilhó
402,Alison,Megarry,amegarryb5@usa.gov,Human Resources,839-285-1684,Chigorodó
403,Keely,Russ,krussb6@youtu.be,Support,538-346-9302,Koilás
404,Gipsy,Maher,gmaherb7@artisteer.com,Business Development,818-354-8525,Taohuajiang
405,Nevile,Koenen,nkoenenb8@weebly.com,Support,155-643-9949,Pochinki
406,Aldous,Hawkswood,ahawkswoodb9@princeton.edu,Product Management,877-175-0533,Thakhèk
407,Fionna,Lupson,flupsonba@wikispaces.com,Human Resources,689-587-5667,Banhā
408,Franklin,Hallsworth,fhallsworthbb@dell.com,Engineering,148-146-5607,Mataigou
409,Tristam,Klasing,tklasingbc@youtube.com,Research and Development,534-597-1520,Ayolas
410,Rosalind,Neumann,rneumannbd@cam.ac.uk,Research and Development,669-164-5161,Somorpenang
411,Gwenneth,Nunes Nabarro,gnunesnabarrobe@ameblo.jp,Sales,226-847-6444,Voronkov
412,Emmalynne,Landers,elandersbf@tripadvisor.com,Research and Development,567-401-2077,Puan
413,Bibbie,Tomsett,btomsettbg@dell.com,Services,936-668-3004,Chýnov
414,Curran,Rannald,crannaldbh@mtv.com,Engineering,330-241-7834,Sumoto
415,Lucille,Chavrin,lchavrinbi@unicef.org,Product Management,594-267-2015,Payabon
416,Dorita,Kebbell,dkebbellbj@sakura.ne.jp,Support,105-409-8322,Qujing
417,Tabbatha,Morant,tmorantbk@imdb.com,Engineering,571-464-7679,Canauay
418,D'arcy,Truelock,dtruelockbl@nature.com,Sales,872-546-6070,Shangju
419,Cosme,Salter,csalterbm@opera.com,Marketing,979-929-4964,Jeziorzany
420,Lucias,Titley,ltitleybn@naver.com,Business Development,354-373-5197,Baytā al Fawqā
421,Maxy,Dufoure,mdufourebo@macromedia.com,Support,267-480-9851,Surat Thani
422,Melinda,Cockings,mcockingsbp@blogger.com,Legal,298-319-0204,Wiskitki
423,Ingaborg,Smetoun,ismetounbq@github.io,Support,360-859-3252,Debesy
424,Carlee,Dolman,cdolmanbr@phpbb.com,Product Management,198-276-6885,Taozhuang
425,Calley,Chrisp,cchrispbs@example.com,Marketing,567-897-9456,Janakpur
426,Lazaro,Alltimes,lalltimesbt@opensource.org,Business Development,913-360-5781,Jiangxigou
427,Niven,Gallehawk,ngallehawkbu@businessweek.com,Engineering,402-270-1910,Madura
428,Mano,Flooks,mflooksbv@illinois.edu,Support,267-125-1830,Sancang
429,Artus,Coppock.,acoppockbw@examiner.com,Accounting,535-923-7825,Barroso
430,Giacobo,Daily,gdailybx@cdbaby.com,Marketing,814-280-2985,Laliki
431,Gabriel,Joron,gjoronby@mac.com,Research and Development,341-219-2552,Muikamachi
432,Colman,Le land,clelandbz@abc.net.au,Business Development,104-204-8845,Ban Houakhoua
433,Raven,Breyt,rbreytc0@jugem.jp,Legal,886-668-3274,Baška Voda
434,Millard,Gaines,mgainesc1@google.com,Accounting,665-129-7755,Pôsto Fiscal Rolim de Moura
435,Maryanna,Symmers,msymmersc2@odnoklassniki.ru,Engineering,264-308-1251,Pavlovskiy Posad
436,Nataline,O'Geaney,nogeaneyc3@geocities.jp,Training,528-174-4988,Skrwilno
437,Brice,Malpass,bmalpassc4@mozilla.org,Research and Development,779-720-1035,Zhonghe
438,Federica,Driver,fdriverc5@adobe.com,Human Resources,180-525-4086,Huatai
439,Jamison,Gippes,jgippesc6@wsj.com,Services,639-519-7323,Kajok
440,Donni,Gilogly,dgiloglyc7@oracle.com,Support,267-977-2325,Vingåker
441,Ardis,Mulderrig,amulderrigc8@google.cn,Accounting,193-789-2965,Ituberá
442,Lezlie,Trumper,ltrumperc9@cargocollective.com,Product Management,226-216-4502,Tamorong
443,Forester,Duffree,fduffreeca@webnode.com,Product Management,211-494-6575,Kaum
444,Brittani,Marini,bmarinicb@skype.com,Engineering,141-380-3758,San Jacinto
445,Brigitta,Mangeon,bmangeoncc@opera.com,Legal,265-890-4352,San Francisco de Coray
446,Hilton,Sanpere,hsanperecd@tamu.edu,Business Development,292-919-9635,Capinzal
447,Miran,Petrol,mpetrolce@studiopress.com,Support,994-376-5000,Tierra Blanca
448,Elden,Coopey,ecoopeycf@meetup.com,Legal,850-284-8987,Baofeng
449,Simonette,Reddyhoff,sreddyhoffcg@comcast.net,Accounting,102-691-2705,Sakule
450,Sauveur,Isacoff,sisacoffch@facebook.com,Support,694-100-1380,El Cafetal
451,Archibold,Aitchison,aaitchisonci@hostgator.com,Human Resources,745-445-9052,Boa Vista
452,Cherlyn,Lazenby,clazenbycj@tinypic.com,Services,645-954-0804,North Side
453,Clotilda,Arunowicz,carunowiczck@123-reg.co.uk,Research and Development,969-311-5141,Ichnya
454,Veronica,Edden,veddencl@histats.com,Research and Development,595-943-5144,Dinājpur
455,Ellis,Sewley,esewleycm@gravatar.com,Support,670-840-2730,Haruman
456,Isabella,Sheaf,isheafcn@disqus.com,Business Development,387-525-1942,Zdenci
457,Katina,Byne,kbyneco@bbc.co.uk,Sales,412-723-5570,Beya
458,Bjorn,Trunkfield,btrunkfieldcp@google.co.uk,Accounting,873-407-0476,Litian
459,Zared,McCague,zmccaguecq@hp.com,Product Management,934-913-5166,Ikšķile
460,Noelyn,Braganca,nbragancacr@google.it,Accounting,906-253-7274,Dębno
461,Jayme,Brodhead,jbrodheadcs@msu.edu,Business Development,861-177-3794,Panyindangan
462,Brennen,Tonry,btonryct@tiny.cc,Legal,248-652-3502,Farmington
463,Vallie,Iredale,viredalecu@zdnet.com,Product Management,590-906-8256,Al Ḩīlah
464,Arron,Pietasch,apietaschcv@list-manage.com,Human Resources,397-145-5311,Puutura
465,Anders,Maass,amaasscw@dropbox.com,Business Development,685-898-1394,Ukhta
466,Adams,Vigne,avignecx@multiply.com,Legal,995-961-6228,Katoúna
467,Armin,Hurworth,ahurworthcy@google.ru,Research and Development,592-907-5476,Linda Vista
468,Papagena,Boyett,pboyettcz@example.com,Human Resources,984-179-1132,Puji
469,Hazel,Caberas,hcaberasd0@deviantart.com,Sales,340-384-8690,Kiukasen
470,Jenifer,Tamsett,jtamsettd1@senate.gov,Support,122-705-9371,Baños
471,Giana,Eates,geatesd2@mayoclinic.com,Accounting,469-468-9800,Xiangshun
472,Kristi,Enrigo,kenrigod3@ebay.com,Research and Development,479-978-7619,Staré Křečany
473,Iris,Wildman,iwildmand4@accuweather.com,Support,724-520-2718,Arai
474,Lani,Hyatt,lhyattd5@google.fr,Support,828-566-0427,Dingli
475,Giustina,Audsley,gaudsleyd6@umn.edu,Sales,696-329-4911,Poções
476,Myrvyn,Healing,mhealingd7@ustream.tv,Legal,126-655-8879,Stochov
477,Sisile,Choak,schoakd8@merriam-webster.com,Services,874-266-1454,Chatian
478,Donovan,Demer,ddemerd9@ameblo.jp,Marketing,183-407-6304,Lhakangtang
479,Sadye,Paley,spaleyda@mozilla.org,Marketing,976-430-1697,Pisang
480,Malachi,Carlett,mcarlettdb@privacy.gov.au,Engineering,130-821-8065,Perivólia
481,Lucita,Kovnot,lkovnotdc@dailymotion.com,Training,704-571-3215,Mzuzu
482,Hendrika,Esland,heslanddd@wunderground.com,Sales,107-295-4007,Hacıqabul
483,Pierre,Missenden,pmissendende@illinois.edu,Services,625-676-0125,Barueri
484,Callie,Ceely,cceelydf@apple.com,Engineering,332-942-3994,Bocos
485,Chrysa,Vergo,cvergodg@patch.com,Human Resources,652-882-1959,Thị Trấn Nguyên Bình
486,Larina,Fawcett,lfawcettdh@imageshack.us,Human Resources,564-270-5846,Roun Satu
487,Brocky,Winnister,bwinnisterdi@meetup.com,Support,746-639-7396,Iperu
488,Ginevra,Hewkin,ghewkindj@webeden.co.uk,Legal,664-412-2707,Zhezqazghan
489,Brig,Sturney,bsturneydk@newsvine.com,Accounting,989-195-8347,Olo
490,Tiebout,Dalziel,tdalzieldl@ovh.net,Training,961-433-5542,Kristinehamn
491,Reinald,Livingstone,rlivingstonedm@pen.io,Human Resources,676-819-0329,Menlou
492,Patrizio,Debill,pdebilldn@guardian.co.uk,Training,156-776-0220,Oslo
493,Hall,Cuttelar,hcuttelardo@buzzfeed.com,Human Resources,244-868-9210,Shwebo
494,Jessica,Halfacre,jhalfacredp@ocn.ne.jp,Engineering,416-866-4854,Chagou
495,Carlota,Fiander,cfianderdq@twitter.com,Research and Development,498-798-9700,Bollnäs
496,Brett,Fretson,bfretsondr@sogou.com,Human Resources,103-818-0371,Gaoliban
497,Lorin,Goodsall,lgoodsallds@usda.gov,Product Management,285-451-4850,Antalaha
498,Reube,Ebbens,rebbensdt@dedecms.com,Sales,109-838-0769,Kastsyukowka
499,Kristian,Laurenson,klaurensondu@scribd.com,Human Resources,201-503-2957,Vol’nyy Aul
500,Jethro,Frensch,jfrenschdv@springer.com,Product Management,862-303-4494,Two Hills
501,Markus,Egle of Germany,megleofgermanydw@plala.or.jp,Business Development,356-923-3646,Shencun
502,Gretel,Avison,gavisondx@goo.gl,Support,546-917-5789,Uman’
503,Carie,Halifax,chalifaxdy@newyorker.com,Services,916-718-9168,Río Blanquito
504,Merrill,Kennefick,mkennefickdz@nasa.gov,Marketing,272-366-8099,Horní Cerekev
505,Mayne,Braznell,mbraznelle0@europa.eu,Human Resources,643-712-9905,Grzmiąca
506,Gilburt,Juett,gjuette1@histats.com,Marketing,858-564-0477,Tatou
507,Vina,Johansson,vjohanssone2@devhub.com,Research and Development,573-967-1031,Tullyallen
508,Wandis,Etherington,wetheringtone3@msu.edu,Product Management,498-572-9655,Sofifi
509,Dag,Eccleshall,deccleshalle4@craigslist.org,Support,523-498-2629,Golek
510,Maury,Bleibaum,mbleibaume5@dropbox.com,Business Development,500-969-3783,La Unión
511,Tallulah,Leere,tleeree6@mlb.com,Support,669-675-6414,Kasungu
512,Sutherlan,Eynaud,seynaude7@reverbnation.com,Support,152-267-5771,Kimaam
513,Millicent,Dysert,mdyserte8@about.com,Support,790-604-0829,Budënnovsk
514,Ronna,Ferryn,rferryne9@reverbnation.com,Legal,543-467-2049,Carvalhal
515,Annaliese,Senussi,asenussiea@netscape.com,Product Management,548-187-5646,Annacotty
516,Killian,Rawood,krawoodeb@hp.com,Product Management,437-603-9434,El Cerrito
517,Ariadne,Fodden,afoddenec@symantec.com,Training,182-898-3504,Ketangi
518,Terencio,Mashro,tmashroed@clickbank.net,Support,114-760-5732,Wangshi
519,Michelina,Schofield,mschofieldee@state.tx.us,Sales,306-433-3162,Cikalong
520,Hadlee,Dacombe,hdacombeef@sciencedirect.com,Product Management,686-175-0495,São Manuel
521,Florry,Olohan,folohaneg@google.com.hk,Services,828-607-8527,Ilovlya
522,Camala,Treuge,ctreugeeh@sciencedaily.com,Services,255-514-3718,Paniówki
523,Reinhard,Presidey,rpresideyei@domainmarket.com,Research and Development,228-312-5300,Al Qurayn
524,Lorenzo,Taffs,ltaffsej@taobao.com,Research and Development,114-623-6466,Mogzon
525,Tanitansy,Shepstone,tshepstoneek@businessinsider.com,Human Resources,706-556-1976,Columbus
526,Janaye,Shropsheir,jshropsheirel@msn.com,Support,903-504-2897,Pelotas
527,Bran,Steedman,bsteedmanem@wikia.com,Human Resources,154-252-0824,Ningtang
528,Donni,Cromley,dcromleyen@addthis.com,Engineering,960-423-2325,Lubin
529,Odo,Middlehurst,omiddlehursteo@4shared.com,Human Resources,228-456-9636,Waddān
530,Anneliese,Gaylard,agaylardep@marriott.com,Services,572-568-1727,San Felipe
531,Leshia,Smyth,lsmytheq@google.co.uk,Training,790-675-2935,Anju
532,Rochella,Ginnally,rginnallyer@xrea.com,Marketing,914-247-2539,Rungis
533,Toby,Clinning,tclinninges@nymag.com,Accounting,978-289-5080,Serzedo
534,Stefania,Wapol,swapolet@mozilla.org,Sales,973-131-3187,Jakubowice Murowane
535,Osbourn,McKinlay,omckinlayeu@bbb.org,Sales,581-667-7203,Selydove
536,Wynn,Cockran,wcockranev@homestead.com,Accounting,593-844-9690,Meilin
537,Ev,Baverstock,ebaverstockew@senate.gov,Services,691-604-5801,Pereira
538,Ky,Voller,kvollerex@webmd.com,Engineering,464-817-7349,Gaohu
539,Siobhan,Matuszkiewicz,smatuszkiewiczey@jimdo.com,Research and Development,363-123-9582,Thị Trấn Phù Yên
540,Humfrey,Lockyer,hlockyerez@bizjournals.com,Sales,649-978-1748,Gejiu
541,Bethena,Lamberth,blamberthf0@mtv.com,Engineering,516-120-4210,Bebae
542,Jennica,Dinnington,jdinningtonf1@blogger.com,Legal,548-812-5550,Cikulahan
543,Celie,Flieg,cfliegf2@npr.org,Human Resources,609-943-6606,Quixeramobim
544,Tomaso,Cordeix,tcordeixf3@dion.ne.jp,Human Resources,780-213-6753,Jundian
545,Sadella,Cannicott,scannicottf4@latimes.com,Marketing,366-997-8226,Puro
546,Torrance,Charnick,tcharnickf5@seattletimes.com,Training,717-922-5488,Hendījān
547,Dorolice,Bambrough,dbambroughf6@ehow.com,Research and Development,913-613-6597,Kansas City
548,Carroll,Challinor,cchallinorf7@domainmarket.com,Sales,117-910-3912,Hajeom
549,Max,Yockney,myockneyf8@cbsnews.com,Research and Development,427-765-4272,Klimontów
550,Karen,Keasy,kkeasyf9@cnn.com,Accounting,731-985-5117,Gongju
551,Anjanette,Whitsun,awhitsunfa@etsy.com,Business Development,506-214-0809,Vuzenica
552,Jessee,Butter,jbutterfb@alibaba.com,Training,838-445-9527,Jinchang
553,Isiahi,Drews,idrewsfc@accuweather.com,Human Resources,236-488-2851,Bailianhe
554,Chrystal,Ruppele,cruppelefd@uiuc.edu,Human Resources,332-302-8146,Sanjiang
555,Bren,Calven,bcalvenfe@fastcompany.com,Accounting,190-245-0405,Jindu
556,Consuelo,Rait,craitff@about.com,Training,600-579-4035,Uticyacu
557,Margarita,Duckhouse,mduckhousefg@unc.edu,Engineering,473-262-1542,Catbalogan
558,Hector,Skone,hskonefh@ask.com,Engineering,703-223-5938,General Lavalle
559,Mathe,Oldall,moldallfi@uiuc.edu,Sales,165-320-9849,Mosteiro
560,Wiley,Chislett,wchislettfj@dedecms.com,Support,284-500-3340,Cikupa
561,Janenna,Rhoades,jrhoadesfk@mlb.com,Legal,602-142-1400,Phoenix
562,Wilona,Beedom,wbeedomfl@t.co,Support,868-952-0096,Numeto
563,Lucas,Stout,lstoutfm@hud.gov,Product Management,459-939-8377,Estrada
564,Merilyn,Wheelan,mwheelanfn@g.co,Marketing,850-533-5091,Kula
565,Nannette,Martini,nmartinifo@macromedia.com,Product Management,577-430-3641,Ōmihachiman
566,Novelia,Coldman,ncoldmanfp@free.fr,Accounting,744-346-5403,Pokrov
567,Raymond,Thomazin,rthomazinfq@dot.gov,Support,806-175-7709,Guangping
568,Melesa,Walbridge,mwalbridgefr@com.com,Business Development,904-141-4058,Sarany
569,Neala,Dumpleton,ndumpletonfs@infoseek.co.jp,Product Management,208-858-3460,Santiago de Cuba
570,Shepherd,Wabe,swabeft@chron.com,Sales,256-216-7847,Shizikeng
571,Kora,Marcos,kmarcosfu@over-blog.com,Research and Development,694-849-3539,Fangli
572,Allen,Keirl,akeirlfv@quantcast.com,Engineering,239-458-3517,Kokar
573,Stepha,Yakubowicz,syakubowiczfw@ifeng.com,Sales,725-275-8550,Kinalaglagan
574,Angelica,MacVicar,amacvicarfx@eventbrite.com,Marketing,932-345-0999,Holma
575,Krystalle,Dwane,kdwanefy@cam.ac.uk,Marketing,453-245-6207,Bratislava
576,Antoni,Wieprecht,awieprechtfz@ebay.com,Business Development,308-609-4557,Grodków
577,Duky,Dowsing,ddowsingg0@tinypic.com,Marketing,865-732-4601,Farmahīn
578,Franny,Norcutt,fnorcuttg1@nationalgeographic.com,Legal,368-723-4100,Cai Doi Vam
579,Padriac,Scoggan,pscoggang2@topsy.com,Accounting,827-797-4024,Jenesano
580,Regan,Hugli,rhuglig3@msu.edu,Product Management,769-529-7597,Heicheng
581,Hagan,Harbord,hharbordg4@over-blog.com,Marketing,337-323-5345,Kemisē
582,Ailsun,Filyukov,afilyukovg5@mediafire.com,Business Development,483-600-4096,Sudogda
583,Bord,Dredge,bdredgeg6@state.tx.us,Product Management,374-977-0815,Huangludian
584,Audi,Henrichs,ahenrichsg7@flickr.com,Services,945-355-0035,Cai Doi Vam
585,Amalia,Weetch,aweetchg8@discuz.net,Business Development,495-480-6887,Madrid
586,Leopold,Fennessy,lfennessyg9@plala.or.jp,Product Management,336-842-4089,Ḩalḩūl
587,Edy,Malley,emalleyga@slate.com,Research and Development,357-191-1357,Hongxing
588,Sydel,Dinkin,sdinkingb@youku.com,Accounting,566-535-5037,Starcevica
589,Margot,Stiller,mstillergc@examiner.com,Training,518-242-7743,Guamo
590,Fulton,Bonner,fbonnergd@godaddy.com,Training,372-277-6722,Aḑ Ḑil‘
591,Vladamir,Toohey,vtooheyge@oracle.com,Research and Development,362-915-1472,Dongshan
592,Harbert,Kubatsch,hkubatschgf@home.pl,Support,398-144-9907,Al Jubayl
593,Kiah,Whipple,kwhipplegg@google.co.uk,Research and Development,714-561-0047,Stockholm
594,Whitby,Stanner,wstannergh@discuz.net,Business Development,610-616-0404,Philadelphia
595,Byrle,Keeping,bkeepinggi@is.gd,Accounting,155-120-3858,Krzepice
596,Jodi,Beardsworth,jbeardsworthgj@google.com.hk,Sales,796-796-8528,Pangradin Satu
597,Geraldine,Pryell,gpryellgk@icio.us,Engineering,607-259-4882,Thung Khru
598,Sibbie,Atkins,satkinsgl@arstechnica.com,Legal,911-216-4660,Katunayaka
599,Yolane,Burree,yburreegm@ustream.tv,Sales,614-201-9013,Maintirano
600,Imelda,Dugall,idugallgn@princeton.edu,Business Development,796-182-0558,Pushchino
601,Carmel,Wraxall,cwraxallgo@ft.com,Sales,245-666-6035,Coloncito
602,Ofilia,Fanner,ofannergp@pcworld.com,Product Management,524-637-6129,Menlou’ao
603,Konstanze,Helin,khelingq@cbc.ca,Support,781-707-2780,Pontarlier
604,Husain,Damp,hdampgr@state.tx.us,Services,944-304-6345,Damāvand
605,Adore,Praten,apratengs@canalblog.com,Human Resources,253-578-8501,Dadong’ao
606,Estevan,Olsson,eolssongt@yandex.ru,Product Management,758-556-7658,Kamimaruko
607,Devonne,Village,dvillagegu@issuu.com,Sales,288-243-8820,Senta
608,Ervin,Tempest,etempestgv@blogger.com,Support,892-361-4005,Trancas
609,Yuri,Walmsley,ywalmsleygw@loc.gov,Engineering,717-431-0539,Sinjai
610,Millicent,Cowdroy,mcowdroygx@surveymonkey.com,Engineering,763-788-8827,Algueirão
611,Susy,Cornil,scornilgy@vimeo.com,Services,868-477-5072,Eskilstuna
612,Gerrilee,Reicharz,greicharzgz@businesswire.com,Engineering,104-486-1527,Bełżyce
613,Grannie,Caskie,gcaskieh0@ocn.ne.jp,Marketing,838-558-6304,Shelabolikha
614,Edouard,Whitmore,ewhitmoreh1@godaddy.com,Business Development,582-102-4855,Dawuhan
615,Hamil,Tice,hticeh2@ovh.net,Accounting,473-540-6762,San Jose
616,Caryn,Laing,claingh3@dailymotion.com,Training,733-915-5568,Makata
617,Tory,Stopps,tstoppsh4@discovery.com,Marketing,275-902-3783,São Roque
618,Mariana,Peplow,mpeplowh5@ihg.com,Engineering,362-882-9441,Kafr Thulth
619,Louisa,Critcher,lcritcherh6@tripadvisor.com,Human Resources,780-435-1613,Takahagi
620,Yuri,Wincer,ywincerh7@blog.com,Marketing,384-234-5537,Ouyang
621,Maurie,Blaxley,mblaxleyh8@yellowbook.com,Business Development,229-754-9994,Isangel
622,Wilbur,Comins,wcominsh9@prnewswire.com,Sales,747-834-8682,Jember
623,Evan,Rankling,eranklingha@cafepress.com,Sales,364-281-8301,Burevestnik
624,Lyndsay,Reynoldson,lreynoldsonhb@biglobe.ne.jp,Research and Development,458-605-4257,Krasnyye Barrikady
625,Chris,Greggersen,cgreggersenhc@samsung.com,Research and Development,979-352-0665,Salima
626,Nickie,Speedin,nspeedinhd@indiegogo.com,Legal,331-686-0365,Ovsyanka
627,Edyth,Mioni,emionihe@goo.gl,Engineering,609-696-1814,Wutumeiren
628,Enriqueta,Cornu,ecornuhf@360.cn,Legal,485-424-3355,Złotów
629,Worth,Lourens,wlourenshg@mac.com,Sales,839-276-5883,Sukorejo
630,Melonie,Gentner,mgentnerhh@google.fr,Marketing,190-659-2094,Karangsonojabon
631,Silvia,Roomes,sroomeshi@odnoklassniki.ru,Training,281-370-8562,Gabahan
632,Jerrylee,Meek,jmeekhj@hc360.com,Human Resources,694-904-6467,Ilmajoki
633,Halsy,Rentcome,hrentcomehk@dmoz.org,Sales,716-974-3692,Mukun
634,Merle,Renzo,mrenzohl@ucsd.edu,Business Development,384-133-1369,Monte
635,Barris,Guppie,bguppiehm@youku.com,Support,601-775-3262,Xiaomiaozi
636,Adoree,Gulliman,agullimanhn@vistaprint.com,Engineering,112-905-0314,Dongyu
637,Boniface,Wassell,bwassellho@google.com.br,Services,325-551-1629,Heřmanova Huť
638,Court,Tingly,ctinglyhp@wiley.com,Engineering,948-649-9015,Custóias
639,Dorotea,McDougall,dmcdougallhq@ebay.co.uk,Marketing,715-688-2029,Dongshentou
640,Stace,Broune,sbrounehr@sourceforge.net,Research and Development,173-346-0862,Châteauroux
641,Bastien,Feild,bfeildhs@aol.com,Training,710-894-0929,Waterloo
642,Pier,Garraway,pgarrawayht@google.cn,Engineering,499-526-4177,Panxi
643,Hewet,Durston,hdurstonhu@pbs.org,Engineering,598-595-7946,San Pedro de Atacama
644,Staci,Bake,sbakehv@globo.com,Business Development,418-413-8939,San Francisco de Coray
645,Jean,Giorgiutti,jgiorgiuttihw@comsenz.com,Legal,758-558-8146,Yao
646,Aimee,Cozzi,acozzihx@walmart.com,Sales,861-349-4629,El Quetzal
647,Keen,Ianniello,kianniellohy@guardian.co.uk,Business Development,568-743-5209,Oliveira de Frades
648,Reiko,Rawes,rraweshz@dailymail.co.uk,Marketing,221-102-8214,Lanyang
649,Evelyn,Shills,eshillsi0@blogger.com,Accounting,139-249-5862,Guazapa
650,Billy,Halton,bhaltoni1@irs.gov,Marketing,954-117-7117,Tianhekou
651,Dick,McLachlan,dmclachlani2@blogtalkradio.com,Services,418-212-6478,Changle
652,Roseline,Tregaskis,rtregaskisi3@nps.gov,Services,631-961-8239,Şabāḩ as Sālim
653,Spike,Brownsea,sbrownseai4@blog.com,Product Management,935-382-1643,Tsovazard
654,Julita,Spadotto,jspadottoi5@hhs.gov,Human Resources,715-833-9205,Biliran
655,Matthieu,Yearsley,myearsleyi6@economist.com,Support,259-734-7854,Pamedilan
656,Ardith,Van der Mark,avandermarki7@furl.net,Marketing,829-472-0544,Apatin
657,Angel,Bouzek,abouzeki8@flickr.com,Business Development,661-906-4498,Yushan
658,Grant,Colecrough,gcolecroughi9@gmpg.org,Marketing,980-158-9771,Pantukan
659,Ford,Gareisr,fgareisria@cbslocal.com,Sales,447-336-0548,Wasquehal
660,Harriet,Ebbs,hebbsib@usatoday.com,Support,717-434-3020,Liutao
661,Timothy,Baumber,tbaumberic@blog.com,Human Resources,719-793-8530,Cupira
662,Deeyn,Kloisner,dkloisnerid@chronoengine.com,Product Management,118-622-1414,Miaojie
663,Lawrence,Cowell,lcowellie@dailymotion.com,Training,321-264-4657,Jiahe
664,Jimmy,Bosma,jbosmaif@usda.gov,Engineering,729-116-6886,Gorichevo
665,Brod,Kenwrick,bkenwrickig@dagondesign.com,Sales,610-559-4452,Central
666,Uriel,Labusquiere,ulabusquiereih@nytimes.com,Engineering,472-254-6220,Vallentuna
667,Janeta,Jozsika,jjozsikaii@washingtonpost.com,Product Management,238-113-6068,Tafraout
668,Rhodia,Grigorescu,rgrigorescuij@360.cn,Services,953-193-3493,Millau
669,Jordan,Hayter,jhayterik@com.com,Marketing,823-752-3888,Sitampiky
670,Shepard,Pitchford,spitchfordil@marketwatch.com,Sales,168-759-4309,Drzewica
671,Barton,Brayn,bbraynim@mysql.com,Sales,985-611-8951,Huangzhuang
672,Mariette,Bedenham,mbedenhamin@yahoo.com,Business Development,696-215-2531,Stod
673,Rita,Gilardi,rgilardiio@jalbum.net,Product Management,721-828-5262,Sizao
674,Hamil,Stachini,hstachiniip@cam.ac.uk,Accounting,664-833-9808,Gaotuo
675,Corie,Greasley,cgreasleyiq@hubpages.com,Accounting,583-680-4544,Devitsa
676,Nessi,Headingham,nheadinghamir@edublogs.org,Sales,343-647-9991,Tyczyn
677,Denyse,Fipp,dfippis@ted.com,Engineering,209-336-3968,Johanneshov
678,Trudi,Standage,tstandageit@nps.gov,Accounting,663-880-4573,Punta Gorda
679,Gill,Tease,gteaseiu@jimdo.com,Business Development,558-866-5602,Delmiro Gouveia
680,Clevie,Noseworthy,cnoseworthyiv@csmonitor.com,Accounting,566-521-0367,Batuna Satu
681,Nickie,Odger,nodgeriw@wisc.edu,Sales,400-423-7568,Yuto
682,Marcelo,Weeds,mweedsix@nba.com,Legal,685-396-6375,Bile
683,Linc,Garvin,lgarviniy@blogger.com,Legal,596-881-6337,Dschang
684,Kerrin,Johannes,kjohannesiz@army.mil,Engineering,297-968-3357,Lysá nad Labem
685,Moe,MacIlhagga,mmacilhaggaj0@nature.com,Sales,130-521-4888,Vareš
686,Dora,Brickdale,dbrickdalej1@issuu.com,Legal,785-232-9213,Eṭ Ṭaiyiba
687,Hamel,Van der Mark,hvandermarkj2@examiner.com,Human Resources,543-256-9567,Sępopol
688,Godfrey,Pavkovic,gpavkovicj3@360.cn,Research and Development,406-822-5487,Pŭrvomaytsi
689,Merci,Lougheed,mlougheedj4@blogtalkradio.com,Human Resources,774-982-3186,Maripa
690,Cory,Traite,ctraitej5@blogger.com,Marketing,976-377-3299,Kakamega
691,Janetta,Handke,jhandkej6@nydailynews.com,Accounting,863-786-5715,Mizhuang
692,Terese,Lohan,tlohanj7@storify.com,Human Resources,550-910-5930,Bromma
693,Lamar,Novotni,lnovotnij8@smh.com.au,Engineering,958-727-7686,Tajan
694,Pavla,Antoinet,pantoinetj9@ycombinator.com,Business Development,771-889-5159,Piduhe
695,Goddart,Butters,gbuttersja@weebly.com,Support,994-150-2582,Narimanov
696,Stanislaw,Skip,sskipjb@meetup.com,Business Development,485-795-5871,Kohlu
697,Ezra,Jeffry,ejeffryjc@fastcompany.com,Research and Development,799-935-0822,Malilipot
698,Idell,Lakes,ilakesjd@ning.com,Training,879-893-3698,Badu
699,Jory,Francklyn,jfrancklynje@goodreads.com,Human Resources,283-282-0739,Orda
700,Gwenore,Meddings,gmeddingsjf@kickstarter.com,Product Management,413-977-8738,Corumbá
701,Kenny,Glassup,kglassupjg@squidoo.com,Human Resources,211-950-8333,Ḥurfeish
702,Jemmy,Filoniere,jfilonierejh@cafepress.com,Product Management,307-141-1334,Skalánion
703,Milzie,Sellar,msellarji@lycos.com,Legal,187-840-8788,Göteborg
704,Peyter,Gettens,pgettensjj@issuu.com,Business Development,404-573-9391,Sawahan
705,Gloria,Chiese,gchiesejk@dropbox.com,Business Development,979-484-4413,Sukojember
706,Pepillo,Toppin,ptoppinjl@kickstarter.com,Marketing,162-646-3906,Sighnaghi
707,Zahara,Turbayne,zturbaynejm@buzzfeed.com,Accounting,369-206-8094,Ni’ao
708,Paula,Grayham,pgrayhamjn@cnet.com,Engineering,394-198-1449,Monte Novo
709,Phillipp,McNeish,pmcneishjo@google.co.uk,Marketing,204-417-2849,São Miguel
710,Vasilis,Gozard,vgozardjp@google.com,Research and Development,919-392-0981,Eksjö
711,Wolfie,MacAllister,wmacallisterjq@ovh.net,Engineering,909-649-1242,Stockholm
712,Sam,Loxley,sloxleyjr@nifty.com,Human Resources,576-704-2436,Tsagaanchuluut
713,Bastian,Kilcoyne,bkilcoynejs@sbwire.com,Accounting,957-669-2157,Ruilin
714,Arron,Nayer,anayerjt@discuz.net,Human Resources,702-235-5239,Langqi
715,Any,Melior,ameliorju@mapy.cz,Marketing,161-442-8803,Tapas
716,Morris,Baine,mbainejv@t-online.de,Support,500-239-6350,Sadao
717,Holli,Martinuzzi,hmartinuzzijw@wisc.edu,Marketing,329-129-1940,Město Libavá
718,Seamus,Fonteyne,sfonteynejx@ucoz.ru,Legal,596-187-7992,Seixas
719,Dyna,Hakey,dhakeyjy@chronoengine.com,Research and Development,204-520-8465,Ar Rass
720,Josias,Howis,jhowisjz@imageshack.us,Support,621-258-9059,Byahoml’
721,Adena,Piner,apinerk0@thetimes.co.uk,Accounting,587-400-3768,Dongjin
722,George,Van Geffen,gvangeffenk1@homestead.com,Product Management,110-826-9134,El Copé
723,Magdalena,Nitti,mnittik2@studiopress.com,Business Development,393-680-4848,Huata
724,Pernell,Filip,pfilipk3@yale.edu,Accounting,249-370-3820,Tanbu
725,Ringo,Tetford,rtetfordk4@berkeley.edu,Engineering,240-120-1751,Iberia
726,Roxy,Doumenc,rdoumenck5@pcworld.com,Support,481-347-4366,Opatovice nad Labem
727,Teri,Bumpass,tbumpassk6@dedecms.com,Sales,750-374-0364,Calingcuan
728,Siffre,Tyt,stytk7@imdb.com,Product Management,431-443-2985,Daojiang
729,Dacey,Idale,didalek8@bizjournals.com,Training,761-969-3714,Bafoussam
730,Vite,Beartup,vbeartupk9@squarespace.com,Business Development,597-134-6596,Bunog
731,Alphonse,Burtwistle,aburtwistleka@hatena.ne.jp,Research and Development,241-889-0654,Taixi
732,Alie,Collar,acollarkb@miibeian.gov.cn,Services,558-589-3223,Dongyuan
733,Yorgos,Whight,ywhightkc@google.it,Sales,561-613-6997,Parachinar
734,Dulciana,Swayton,dswaytonkd@squidoo.com,Human Resources,275-441-3944,Pulo
735,Tobey,Tedman,ttedmanke@over-blog.com,Human Resources,530-178-2006,Pietà
736,Zilvia,Rupp,zruppkf@sina.com.cn,Research and Development,573-933-6446,Kandete
737,Cyndi,Longfoot,clongfootkg@weebly.com,Marketing,689-251-1702,Tomobe
738,Hugo,Fairlie,hfairliekh@bizjournals.com,Engineering,975-777-2717,Soa
739,Alexandra,Rippon,aripponki@github.com,Product Management,485-847-0117,Jambubol
740,Corbin,Bargery,cbargerykj@so-net.ne.jp,Research and Development,295-788-8780,Digne-les-Bains
741,Gordy,Orbell,gorbellkk@cyberchimps.com,Engineering,957-663-4336,Sasa
742,Nola,Aldie,naldiekl@msu.edu,Human Resources,235-463-9479,Cabanbanan
743,Dulce,O'Deegan,dodeegankm@goodreads.com,Human Resources,420-830-2401,Zevgolateió
744,Jazmin,Tome,jtomekn@unicef.org,Services,544-745-9964,El Bolsón
745,Cordula,Josef,cjosefko@aol.com,Training,995-108-9760,Kakamega
746,Dickie,Coronas,dcoronaskp@ow.ly,Accounting,157-698-9235,As Suwaydā’
747,Carlie,Mirralls,cmirrallskq@w3.org,Human Resources,413-252-4656,Yuzawa
748,Pepito,Kitchenside,pkitchensidekr@g.co,Services,682-226-6831,Fort Worth
749,Henrietta,Whyteman,hwhytemanks@prlog.org,Sales,924-952-6929,Gemblengmulyo
750,Aimil,Ketley,aketleykt@eepurl.com,Product Management,403-872-9132,Zhaozhen
751,Gabrielle,Lighton,glightonku@amazon.de,Research and Development,342-610-3426,Líně
752,Celene,Chantler,cchantlerkv@blogs.com,Engineering,617-128-4060,Kinh Môn
753,Amble,Ingamells,aingamellskw@indiatimes.com,Human Resources,498-741-6704,Montevista
754,Demetris,Quarlis,dquarliskx@about.com,Support,512-264-1494,Betim
755,Ediva,McGerr,emcgerrky@goo.ne.jp,Training,605-560-9728,Sandvika
756,Randie,de Chastelain,rdechastelainkz@etsy.com,Legal,758-465-2328,Lazaro Cardenas
757,Mikael,Glabach,mglabachl0@cloudflare.com,Marketing,801-731-9306,Tabaga
758,Wenonah,Prickett,wprickettl1@webs.com,Training,878-184-1561,Karakol
759,Jacquetta,Scoines,jscoinesl2@gizmodo.com,Engineering,832-266-7794,Yunxian Chengguanzhen
760,Gwendolen,Mensler,gmenslerl3@whitehouse.gov,Legal,318-432-0375,Rosmaninhal
761,Marla,McEttigen,mmcettigenl4@amazon.co.jp,Support,131-721-5240,Xiongbei
762,Laina,Salzberger,lsalzbergerl5@smh.com.au,Product Management,211-227-8489,Wenhe
763,Lyndel,Smallbone,lsmallbonel6@dyndns.org,Sales,882-855-2051,Pedro Santana
764,Neville,Beininck,nbeininckl7@so-net.ne.jp,Sales,236-384-2220,Fukura
765,Ced,Luca,clucal8@icio.us,Services,185-781-0007,Bang Lamung
766,Starr,Brogini,sbroginil9@wordpress.org,Support,869-463-1196,Longzhong
767,Grenville,Ballentime,gballentimela@walmart.com,Business Development,337-348-6654,Dowlatyār
768,Carmella,Greeveson,cgreevesonlb@photobucket.com,Services,520-510-7960,Tucson
769,Nigel,Kenelin,nkenelinlc@reddit.com,Marketing,384-949-1590,Farafangana
770,Ingar,Battershall,ibattershallld@vk.com,Support,962-770-1235,Yijiang
771,Reg,Cherry Holme,rcherryholmele@webeden.co.uk,Marketing,127-467-1852,Bakau
772,Tandi,Platts,tplattslf@i2i.jp,Human Resources,686-495-6010,Libertad
773,Fanchon,Ashenhurst,fashenhurstlg@free.fr,Support,473-795-2369,Ribeira das Taínhas
774,Fanya,Cumine,fcuminelh@scribd.com,Research and Development,827-377-6451,Chongxing
775,Elysia,Faughnan,efaughnanli@loc.gov,Services,421-885-3473,Kayangel
776,Marco,Cortin,mcortinlj@virginia.edu,Product Management,676-944-9236,Buray
777,Debbi,Beldham,dbeldhamlk@usa.gov,Engineering,390-231-6643,Kovářov
778,Kerrill,Poad,kpoadll@etsy.com,Sales,425-621-8117,Xinjia
779,Hank,Hallawell,hhallawelllm@si.edu,Human Resources,257-124-9899,East London
780,Rutger,Oloshkin,roloshkinln@facebook.com,Research and Development,213-861-2638,Baoluan
781,Thorpe,Grono,tgronolo@tiny.cc,Legal,989-615-0824,Cacoal
782,Holden,Agnolo,hagnololp@blogs.com,Sales,416-970-8178,São Mateus
783,Tamera,Izakovitz,tizakovitzlq@miibeian.gov.cn,Research and Development,101-691-4681,‘Abasān al Kabīrah
784,Magdalene,Allworthy,mallworthylr@businessinsider.com,Research and Development,602-334-9197,Jasper Park Lodge
785,Galven,Kitcatt,gkitcattls@nytimes.com,Training,287-157-5224,Santa Cruz do Rio Pardo
786,Tabbie,Costin,tcostinlt@issuu.com,Accounting,728-589-0991,Almere Haven
787,Gerrard,Donett,gdonettlu@flavors.me,Accounting,387-881-3576,Lucun
788,Fabian,Tichner,ftichnerlv@g.co,Business Development,366-845-0083,Huanghu
789,Deedee,Exley,dexleylw@fc2.com,Services,870-429-5629,Lesozavodsk
790,Zora,Aubray,zaubraylx@feedburner.com,Training,526-762-9355,San Nicolás
791,Charlie,Prosek,cprosekly@wsj.com,Services,427-585-5586,Machetá
792,Harriette,Tower,htowerlz@hostgator.com,Support,337-790-3698,Pasirjengkol
793,Baird,Jon,bjonm0@wordpress.org,Legal,588-258-7307,Gorzów Śląski
794,Melonie,Lethieulier,mlethieulierm1@hc360.com,Human Resources,279-404-2213,Dzhubga
795,Mickey,Manklow,mmanklowm2@booking.com,Accounting,122-713-3884,Buenos Aires
796,Roderic,Hawarden,rhawardenm3@google.ca,Legal,811-145-0679,Maykor
797,Cathyleen,Whales,cwhalesm4@chicagotribune.com,Research and Development,678-197-0587,Kvitok
798,Alleyn,Oger,aogerm5@blog.com,Accounting,740-851-1199,Naprawa
799,Malvina,Eliff,meliffm6@newsvine.com,Research and Development,797-752-4783,Barice
800,Arluene,Oglevie,aogleviem7@netvibes.com,Research and Development,633-562-5036,Dijon
801,Maren,Sivess,msivessm8@sphinn.com,Sales,338-622-4333,Bafia
802,Alexei,Tebbit,atebbitm9@last.fm,Training,783-625-8896,Timbiras
803,Shirlene,Elks,selksma@sciencedirect.com,Research and Development,707-150-4440,Uhniv
804,Bellina,Overill,boverillmb@a8.net,Services,549-632-9095,San Diego
805,Stephenie,Keigher,skeighermc@wikipedia.org,Human Resources,567-792-0004,Socabaya
806,Laurette,Acreman,lacremanmd@princeton.edu,Support,850-894-8221,Grujugan
807,Cariotta,Gherardi,cgherardime@blogger.com,Human Resources,955-524-2522,Yanglinshi
808,Leigha,Proschke,lproschkemf@google.com.br,Training,530-262-4704,General Martín Miguel de Güemes
809,Celene,Chsteney,cchsteneymg@geocities.com,Services,688-103-1615,Gansa
810,Juliette,Berks,jberksmh@webeden.co.uk,Marketing,392-779-2038,Guapimirim
811,Zitella,Kabos,zkabosmi@toplist.cz,Support,522-935-7848,El Kef
812,Merle,Kaubisch,mkaubischmj@hc360.com,Accounting,732-134-2751,Al Ḩīlah
813,Anson,Medgewick,amedgewickmk@answers.com,Research and Development,676-143-8701,Okrika
814,Dorian,Bowness,dbownessml@harvard.edu,Legal,235-742-1188,Huquan
815,Maxi,Kuhlmey,mkuhlmeymm@accuweather.com,Training,415-205-1924,Huanglin
816,Conni,Buten,cbutenmn@ft.com,Services,641-986-8263,La Rioja
817,Hugues,Caven,hcavenmo@technorati.com,Engineering,330-215-4502,Mansôa
818,Rip,Huster,rhustermp@wunderground.com,Accounting,925-133-2504,Bakalang
819,Witty,Basek,wbasekmq@google.cn,Research and Development,436-922-1747,Portobelo
820,Wendye,Worsell,wworsellmr@mit.edu,Business Development,231-191-4934,Aubagne
821,Ricca,Gates,rgatesms@time.com,Training,665-624-8196,Ban Huai Thalaeng
822,Hilarius,Dinneges,hdinnegesmt@storify.com,Support,571-935-5029,Verkhniy Baskunchak
823,Sapphira,Scown,sscownmu@ca.gov,Human Resources,224-342-8063,Mianduhe
824,Mitzi,Bloxam,mbloxammv@miitbeian.gov.cn,Product Management,732-418-0928,Cimuncang
825,Hailey,Hachette,hhachettemw@java.com,Engineering,216-281-5220,Anju
826,Giles,Adie,gadiemx@ca.gov,Business Development,804-575-8697,Tazemmourt
827,Candide,Shayler,cshaylermy@blogspot.com,Sales,886-636-8412,Pelem
828,Orelee,Halpin,ohalpinmz@cnet.com,Product Management,335-539-7625,Cedry Wielkie
829,Brinn,Fieldhouse,bfieldhousen0@free.fr,Sales,493-523-9233,Yaroslavl
830,Ludvig,Rodgers,lrodgersn1@ezinearticles.com,Engineering,522-930-9697,Amurzet
831,Artie,Kofax,akofaxn2@youtu.be,Human Resources,653-888-2773,Lashma
832,Gunner,Kingsman,gkingsmann3@dmoz.org,Engineering,385-506-6031,Baru Timur
833,Balduin,Scarasbrick,bscarasbrickn4@w3.org,Training,751-629-3565,Mizunami
834,Clari,Cuolahan,ccuolahann5@printfriendly.com,Human Resources,277-769-3751,Anyar
835,Reena,Lindmark,rlindmarkn6@answers.com,Support,857-285-7640,Lilin Satu
836,Pennie,Cray,pcrayn7@microsoft.com,Human Resources,566-616-0866,Encañada
837,Cynthie,Corss,ccorssn8@un.org,Human Resources,949-682-8990,Mondim de Basto
838,Una,Dincke,udincken9@ehow.com,Research and Development,258-454-0064,Aldana
839,Carlin,Gemmell,cgemmellna@digg.com,Support,253-861-0268,Xixiang
840,Poul,Lapenna,plapennanb@pinterest.com,Human Resources,837-157-8187,Xiaochuan
841,Borg,Inker,binkernc@apache.org,Product Management,248-580-6842,Bayan-Ovoo
842,Chadwick,Kopfer,ckopfernd@webnode.com,Accounting,198-703-9692,Nyūzen
843,Lynna,Wasmer,lwasmerne@nyu.edu,Business Development,417-682-5930,Maribong
844,Griselda,Cheke,gchekenf@skype.com,Support,764-345-5678,Suruhan
845,Anya,Spindler,aspindlerng@harvard.edu,Legal,520-882-9373,Vera
846,Donall,Shilburne,dshilburnenh@ibm.com,Sales,597-268-7066,Yunzhong
847,Johnnie,Revelle,jrevelleni@facebook.com,Services,574-412-3638,Eisen
848,Mair,Eggleton,meggletonnj@nba.com,Accounting,847-429-3207,Boldumsaz
849,Goldina,Rowen,growennk@photobucket.com,Human Resources,254-840-4482,Chengmen
850,Constanta,Brellin,cbrellinnl@fema.gov,Legal,725-807-2240,5 de Mayo
851,Jennica,Mattei,jmatteinm@xing.com,Legal,965-432-4306,Valera
852,Peirce,Jenkyn,pjenkynnn@fema.gov,Marketing,774-953-2208,Changqing
853,Horatia,Kinze,hkinzeno@google.es,Sales,341-891-3273,Jarash
854,Francyne,Knowlden,fknowldennp@simplemachines.org,Human Resources,335-330-9070,Yevpatoriya
855,Lilllie,Heigold,lheigoldnq@wufoo.com,Training,163-207-5122,Longjing
856,Marne,Worsley,mworsleynr@alexa.com,Sales,868-425-2735,Yongle
857,Tabbatha,Camosso,tcamossons@ebay.co.uk,Services,715-305-2387,Heling
858,Thadeus,Capaldi,tcapaldint@cafepress.com,Marketing,401-325-5970,Kurnāz
859,Reggie,Humber,rhumbernu@ucla.edu,Business Development,190-492-3994,Correntina
860,Anastasia,Matton,amattonnv@mapquest.com,Research and Development,798-470-9024,Aradac
861,Bernhard,Deaconson,bdeaconsonnw@cnbc.com,Product Management,662-713-0097,Guangyubao
862,Sioux,Geere,sgeerenx@oakley.com,Legal,357-214-9993,Sangoleng
863,Addie,Damsell,adamsellny@ox.ac.uk,Legal,147-698-6847,Xiage
864,Grazia,Absolom,gabsolomnz@webnode.com,Marketing,404-391-5863,Agnibilékrou
865,Luisa,Caney,lcaneyo0@oakley.com,Sales,249-362-3387,Phu Loc
866,Claribel,Tebb,ctebbo1@jugem.jp,Human Resources,593-536-8261,Usarin
867,Gradey,Cancelier,gcanceliero2@usatoday.com,Accounting,328-920-8897,Sinilian First
868,Roseann,Grigoli,rgrigolio3@craigslist.org,Support,877-624-1772,Dmitriyevskaya
869,Isador,Guierre,iguierreo4@google.co.uk,Legal,238-379-2415,Itaguaí
870,Barnaby,Chaffe,bchaffeo5@people.com.cn,Engineering,657-333-1204,Zhongshanlu
871,Aridatha,Hursey,ahurseyo6@jigsy.com,Sales,178-994-7834,Tong’an
872,Chad,Packwood,cpackwoodo7@home.pl,Marketing,882-645-5661,Charyshskoye
873,Di,Gilhouley,dgilhouleyo8@google.com,Product Management,142-861-5283,Taochuan
874,Marcello,Fulton,mfultono9@bbb.org,Research and Development,780-681-8983,Tojeira
875,Baldwin,McClory,bmccloryoa@cbslocal.com,Sales,646-834-9116,Jedlnia-Letnisko
876,Jacky,Booton,jbootonob@so-net.ne.jp,Business Development,222-306-6016,Esmeraldas
877,Lev,Sheering,lsheeringoc@addthis.com,Services,541-759-6794,Novo Hamburgo
878,Etty,Steely,esteelyod@ifeng.com,Sales,215-319-9280,Horta
879,Cammie,Welbourn,cwelbournoe@businesswire.com,Marketing,547-898-8445,Dasongshu
880,George,Toynbee,gtoynbeeof@answers.com,Engineering,508-474-4166,Pucacaca
881,Darda,MacFayden,dmacfaydenog@newyorker.com,Legal,612-675-4044,Playas
882,Tab,Culshaw,tculshawoh@usa.gov,Legal,433-730-7118,Shibushi
883,Hugo,Ciccarello,hciccarellooi@ovh.net,Legal,524-769-0780,Stegna
884,Monica,Cudbird,mcudbirdoj@tamu.edu,Engineering,507-970-0576,Labin
885,Rock,Davidovicz,rdavidoviczok@businessweek.com,Engineering,514-197-0610,Jianxi
886,Danyette,Tanswill,dtanswillol@techcrunch.com,Research and Development,616-936-3359,Emnambithi-Ladysmith
887,Rani,Fernando,rfernandoom@shareasale.com,Research and Development,784-113-7425,Bla
888,Bendick,Avrahamoff,bavrahamoffon@netlog.com,Business Development,896-840-9522,Mubi
889,Edita,Killock,ekillockoo@disqus.com,Marketing,770-931-8841,Sentani
890,Katuscha,Assiter,kassiterop@wufoo.com,Support,131-775-3312,Yoshkar-Ola
891,Minetta,Guitte,mguitteoq@weebly.com,Support,165-975-1866,De la Paz
892,Hebert,O'Sheeryne,hosheeryneor@msu.edu,Sales,757-752-2209,Norfolk
893,Kristoffer,Glanville,kglanvilleos@gmpg.org,Engineering,192-453-8115,Annecy
894,Alethea,Grelak,agrelakot@bigcartel.com,Training,142-375-5892,Wilfrido Loor Moreira
895,Verena,Doding,vdodingou@bluehost.com,Marketing,430-767-2275,Tatarsk
896,Crosby,Fleming,cflemingov@icio.us,Support,984-471-7286,Nueva Esperanza
897,Aleece,Meth,amethow@amazon.com,Human Resources,696-484-8453,Nagosela
898,Morganica,Buckett,mbuckettox@patch.com,Business Development,638-496-8710,Tarīm
899,Marlyn,Summerson,msummersonoy@shinystat.com,Accounting,234-883-6108,Pyzdry
900,Parry,Dulake,pdulakeoz@theguardian.com,Accounting,872-669-5682,Concepcion
901,Willie,Bickersteth,wbickerstethp0@economist.com,Training,998-783-2297,Novo Selo
902,Datha,Keinrat,dkeinratp1@xinhuanet.com,Business Development,632-345-5014,Boromlya
903,Pammi,Oldmeadow,poldmeadowp2@bloglines.com,Training,809-925-7733,Szczecin
904,Kristine,Jenney,kjenneyp3@ca.gov,Support,371-859-6329,San Antonio
905,Eugine,Dunkerly,edunkerlyp4@typepad.com,Product Management,987-563-6250,Caburan
906,Pen,Vedyaev,pvedyaevp5@squarespace.com,Research and Development,209-279-8786,Maykopskoye
907,Magdalena,Gooms,mgoomsp6@amazon.co.jp,Product Management,445-437-2228,Colonia Neuland
908,Brittne,Fidal,bfidalp7@cdbaby.com,Services,844-500-4773,Kuhmoinen
909,Bradley,Frunks,bfrunksp8@sohu.com,Legal,237-229-9824,Zürich
910,Elene,Scorton,escortonp9@uol.com.br,Research and Development,623-417-8380,Thạnh Hóa
911,Uri,Kahn,ukahnpa@joomla.org,Services,350-387-7711,Mulifanua
912,Torin,Kirkman,tkirkmanpb@ocn.ne.jp,Business Development,712-316-6973,Zwierzyniec
913,Marya,Kliement,mkliementpc@bing.com,Business Development,329-744-2497,Buga
914,Lynea,Brouncker,lbrounckerpd@eventbrite.com,Marketing,404-246-9773,Brovary
915,Parrnell,Adelberg,padelbergpe@sogou.com,Accounting,771-938-9513,Jianjun
916,Dion,Brissard,dbrissardpf@jugem.jp,Marketing,600-381-8501,Ballymun
917,Lexi,Manuely,lmanuelypg@mit.edu,Research and Development,643-707-6083,Miribanteng
918,Atlante,Winborn,awinbornph@hibu.com,Research and Development,781-698-7235,Cabeçudos
919,Engelbert,Redmond,eredmondpi@spiegel.de,Business Development,161-164-0952,Buenavista
920,Dalila,Bartell,dbartellpj@goo.gl,Training,668-902-7493,Qarqaraly
921,Sibelle,Kirsopp,skirsopppk@cloudflare.com,Accounting,198-566-4688,Bāniyās
922,Heloise,Bebb,hbebbpl@meetup.com,Sales,502-514-0038,Zhigulevsk
923,Paddy,Layus,playuspm@discovery.com,Sales,913-407-0150,Jinhe
924,Netty,Boyet,nboyetpn@dailymotion.com,Product Management,474-624-7980,Chengdong
925,Bettye,Agget,baggetpo@google.com.au,Accounting,430-419-7312,Capacmarca
926,Georgianna,Geist,ggeistpp@xing.com,Research and Development,387-528-5579,Sajia
927,Moishe,Lockier,mlockierpq@japanpost.jp,Marketing,105-868-1525,Shangchewan
928,Cherye,Ech,cechpr@taobao.com,Accounting,330-467-0506,Duczki
929,Gavan,Joubert,gjoubertps@businesswire.com,Accounting,215-558-4887,Zhaojia
930,Chrissie,Bradley,cbradleypt@oakley.com,Marketing,911-492-2116,Olenegorsk
931,Philomena,Coram,pcorampu@usgs.gov,Sales,109-608-4162,Amagi
932,Pietra,Subhan,psubhanpv@photobucket.com,Business Development,498-942-6561,Lethem
933,Vitia,Hackly,vhacklypw@phoca.cz,Marketing,401-299-9610,Cihambali
934,Giorgio,Boyson,gboysonpx@pcworld.com,Support,275-251-4866,Xiema
935,Karol,Slight,kslightpy@jigsy.com,Product Management,220-283-3619,Kebon
936,Daisey,Blincoe,dblincoepz@usnews.com,Engineering,231-676-0356,Qitai
937,Sheri,Guynemer,sguynemerq0@feedburner.com,Services,539-230-6680,Francisco I Madero
938,Gustav,Shall,gshallq1@topsy.com,Sales,389-724-0575,Ilha Solteira
939,Hanny,Coundley,hcoundleyq2@ameblo.jp,Services,100-781-7416,Lat Lum Kaeo
940,Jamil,Swayton,jswaytonq3@ameblo.jp,Business Development,757-314-6530,Skoura
941,Laure,D'orsay,ldorsayq4@sbwire.com,Legal,791-988-8039,Yedogon
942,Teodoro,Hosby,thosbyq5@java.com,Sales,732-210-2849,Fanzhuang
943,Marigold,Ing,mingq6@statcounter.com,Research and Development,389-313-4396,Paniówki
944,Gwendolin,Rivard,grivardq7@ow.ly,Human Resources,606-236-5471,Tuquan
945,Constance,Quilleash,cquilleashq8@miitbeian.gov.cn,Support,534-844-6438,Buaran
946,Augustine,Birchwood,abirchwoodq9@godaddy.com,Training,355-258-4561,Río Viejo
947,Valerie,Edeler,vedelerqa@discuz.net,Services,480-394-1770,Trélissac
948,Gennie,MacGiany,gmacgianyqb@plala.or.jp,Product Management,204-369-9048,Milevsko
949,Astrix,Heister,aheisterqc@intel.com,Marketing,525-914-0711,Huaribamba
950,Jarrid,Ohrt,johrtqd@clickbank.net,Engineering,854-937-7226,Mangge
951,Andie,Laurens,alaurensqe@gravatar.com,Services,561-685-6957,Capela
952,Llywellyn,Morsley,lmorsleyqf@mlb.com,Business Development,290-925-3470,Meijiahe
953,Christoforo,Hurler,churlerqg@flickr.com,Business Development,120-524-1981,Moanemani
954,Sigfried,Ingall,singallqh@tiny.cc,Services,279-133-4989,Vukojevci
955,Dorothea,Cussins,dcussinsqi@aboutads.info,Accounting,481-440-1176,Tombatu
956,Harrison,Adger,hadgerqj@gravatar.com,Sales,472-236-2058,Utmānzai
957,Margaux,Raiker,mraikerqk@sciencedirect.com,Support,603-430-4942,Paraipaba
958,Leigh,Bradie,lbradieql@artisteer.com,Research and Development,206-627-8131,Horní Jiřetín
959,Tymon,Delafont,tdelafontqm@woothemes.com,Training,580-928-6435,Xiawa
960,Tasha,Jammes,tjammesqn@edublogs.org,Services,348-176-1114,Shunhe
961,Dorothy,Jzak,djzakqo@behance.net,Engineering,760-679-1017,Marathon
962,Jewelle,Fogel,jfogelqp@bing.com,Human Resources,151-719-4099,Futuroscope
963,Celene,Londesborough,clondesboroughqq@godaddy.com,Sales,685-752-3193,Carcar
964,Wilmette,Gresly,wgreslyqr@apache.org,Marketing,777-598-5343,Shanglian
965,Heda,Slorach,hslorachqs@paypal.com,Legal,189-289-4797,Jiblah
966,Karie,Jolin,kjolinqt@etsy.com,Accounting,701-238-5005,Jedung
967,Milka,Chazier,mchazierqu@devhub.com,Engineering,739-416-5127,Repentigny
968,Cacilia,Trumper,ctrumperqv@si.edu,Accounting,516-485-5544,Fengshou
969,Lee,Blakeley,lblakeleyqw@a8.net,Human Resources,215-756-7244,Philadelphia
970,Pascale,Jimeno,pjimenoqx@ifeng.com,Marketing,620-583-9169,Bromma
971,Georas,Skoate,gskoateqy@constantcontact.com,Engineering,854-993-7236,Yingwusitang
972,Andonis,Forri,aforriqz@freewebs.com,Training,558-847-3152,Huazhou
973,Patty,Geeson,pgeesonr0@soundcloud.com,Research and Development,852-299-4769,Dula’er Ewenke Minzu
974,Niall,Divell,ndivellr1@fotki.com,Support,343-903-3993,Berëza
975,Xavier,Stagge,xstagger2@jimdo.com,Research and Development,700-654-5314,Karlstad
976,Erin,Champ,echampr3@wsj.com,Sales,188-621-2237,Novolugovoye
977,Maureen,D'Angeli,mdangelir4@xrea.com,Business Development,625-749-0329,Lawesigalagala Timur
978,Averil,Duffree,aduffreer5@list-manage.com,Sales,826-822-2842,Wang Sombun
979,Salomone,Bruhnsen,sbruhnsenr6@cocolog-nifty.com,Business Development,437-789-3381,Khodasy
980,Agustin,Jovicevic,ajovicevicr7@ted.com,Services,822-393-6524,Hetoudian
981,Keefer,Mayhou,kmayhour8@mit.edu,Training,406-333-9748,Tubod
982,Aland,Augustine,aaugustiner9@google.nl,Support,519-373-1399,Orléans
983,Ezmeralda,Ashtonhurst,eashtonhurstra@rambler.ru,Research and Development,246-588-3747,Leitões
984,Garnet,Tregoning,gtregoningrb@oakley.com,Research and Development,553-137-5193,Hamada
985,Gilbertina,Blyden,gblydenrc@yale.edu,Engineering,926-204-6475,Patayac
986,Bobina,Blazi,bblazird@tinyurl.com,Accounting,859-498-0985,Guilherand-Granges
987,Timmi,Balnaves,tbalnavesre@oaic.gov.au,Business Development,357-992-9356,Majalengka
988,Aloysia,Jeens,ajeensrf@mysql.com,Business Development,133-960-1842,Kristinehamn
989,Avigdor,Stent,astentrg@devhub.com,Legal,159-908-4917,San Andrés
990,Audie,Chopin,achopinrh@nba.com,Business Development,552-600-6718,Berëzovyy
991,Tabitha,Ryder,tryderri@engadget.com,Product Management,400-306-2874,Watthana Nakhon
992,Xaviera,Plumm,xplummrj@cocolog-nifty.com,Human Resources,792-828-6033,El Paraíso
993,Leanor,Slatcher,lslatcherrk@twitpic.com,Research and Development,756-193-2117,Siyabuswa
994,Aggie,Brotherick,abrotherickrl@netlog.com,Marketing,611-910-1015,Bayramaly
995,Meara,MacKeeg,mmackeegrm@umn.edu,Research and Development,468-243-1268,Lovas
996,Tallulah,Scutching,tscutchingrn@state.gov,Accounting,604-716-2700,Qiryat Yam
997,Miltie,Ruckert,mruckertro@whitehouse.gov,Legal,626-757-2246,Aimorés
998,Loralee,Wisam,lwisamrp@addthis.com,Product Management,817-892-3142,Jönköping
999,Thatcher,Rubury,truburyrq@smugmug.com,Research and Development,839-770-1725,Pidigan
1000,Neron,Perillo,nperillorr@tuttocitta.it,Support,883-424-7825,Pingtan
