id,first_name,last_name,email,department,phone_number,city
1001,Floria,Sprouls,fsprouls0@engadget.com,Business Development,759-863-3010,Luotang
1002,Brade,Brehault,bbrehault1@istockphoto.com,Business Development,398-599-2835,Bouctouche
1003,Gerome,Gutans,ggutans2@google.fr,Product Management,321-456-9269,Huaikan
1004,Timmy,Bridgens,tbridgens3@seattletimes.com,Human Resources,410-959-2095,Cikalaces
1005,Mata,Batho,mbatho4@paginegialle.it,Engineering,889-746-9585,Měnín
1006,Findley,Castagne,fcastagne5@pbs.org,Services,530-115-9007,Fuzihe
1007,Alida,Kilmurry,akilmurry6@sphinn.com,Services,139-728-8387,Sawahbaru
1008,Marthe,Marrian,mmarrian7@craigslist.org,Legal,799-262-7995,Ostružnica
1009,Nollie,Yakovitch,nyakovitch8@networksolutions.com,Support,398-231-2813,Badagry
1010,Eli,Noddles,enoddles9@bigcartel.com,Legal,126-853-2791,Xinning
1011,Fonsie,Scriven,fscrivena@webnode.com,Human Resources,765-792-3732,Oslo
1012,Loleta,Ansill,lansillb@de.vu,Marketing,905-170-6653,Agara
1013,Pacorro,Gellier,pgellierc@economist.com,Sales,532-770-7811,Sosnovka
1014,Cleopatra,Scurfield,cscurfieldd@angelfire.com,Product Management,592-595-3352,Banana Village
1015,Eolanda,Burnett,eburnette@google.ca,Training,977-375-1103,Sedlice
1016,Claus,Baumert,cbaumertf@addtoany.com,Marketing,760-509-1520,Hekou
1017,Merci,Devin,mdeving@auda.org.au,Human Resources,747-109-3047,Trmice
1018,Tracee,Americi,tamericih@omniture.com,Support,828-894-2788,London
1019,Vevay,Juszczyk,vjuszczyki@csmonitor.com,Human Resources,791-962-8124,Ngajum
1020,Philis,Nani,pnanij@newsvine.com,Sales,916-243-5820,Ilha de Moçambique
1021,Marrilee,Tremayle,mtremaylek@gov.uk,Engineering,576-557-6840,Bualan
1022,Alric,Ovize,aovizel@chicagotribune.com,Sales,487-445-5052,Lugouqiao
1023,Ennis,Kobpac,ekobpacm@earthlink.net,Legal,116-388-4784,Krásná Hora nad Vltavou
1024,Carlin,Rodolf,crodolfn@twitpic.com,Business Development,313-776-3482,Tây Hồ
1025,Waneta,Uwins,wuwinso@europa.eu,Business Development,389-354-5124,Anahuac
1026,Omero,Wohlers,owohlersp@youtube.com,Product Management,973-550-4390,Dahuang
1027,Marketa,But,mbutq@illinois.edu,Support,168-866-4241,Sovetskiy
1028,Ludwig,Maccaig,lmaccaigr@fastcompany.com,Training,185-626-9646,Mmathubudukwane
1029,Addison,Sandars,asandarss@alibaba.com,Product Management,453-255-3651,Wangji
1030,Karee,Morphew,kmorphewt@yahoo.com,Research and Development,316-770-9525,Smilavichy
1031,Ezri,Syddall,esyddallu@wisc.edu,Business Development,758-345-0472,Espinheira
1032,Ki,Lawry,klawryv@parallels.com,Product Management,691-470-4893,Thung Khru
1033,Carlene,Abramof,cabramofw@seattletimes.com,Product Management,668-293-2904,Ramos West
1034,Kalli,Aspling,kasplingx@cafepress.com,Services,351-719-1303,Hernández
1035,Erda,Silvers,esilversy@de.vu,Sales,197-647-0261,Esparza
1036,Toma,Boldra,tboldraz@behance.net,Legal,589-631-7366,Lille
1037,Lind,Rabl,lrabl10@deviantart.com,Legal,413-222-5606,Drogomyśl
1038,Cale,Joist,cjoist11@boston.com,Training,545-930-9548,Douz
1039,Lorrayne,Palumbo,lpalumbo12@booking.com,Product Management,331-593-1803,Tashang
1040,Ray,Grigson,rgrigson13@ustream.tv,Accounting,328-803-5081,Subotica
1041,Iona,Waldren,iwaldren14@privacy.gov.au,Services,135-625-6904,Carabayllo
1042,Thorin,McDaid,tmcdaid15@bravesites.com,Training,486-233-4383,Iperó
1043,Leroi,Doe,ldoe16@washington.edu,Product Management,669-544-6495,Ituberá
1044,Fannie,Kenafaque,fkenafaque17@umich.edu,Marketing,913-215-9889,Néo Psychikó
1045,Sophie,Felkin,sfelkin18@howstuffworks.com,Legal,418-408-2350,Manzë
1046,Dulci,Sighart,dsighart19@washingtonpost.com,Marketing,574-907-7434,Shiojiri
1047,Abbey,Savege,asavege1a@whitehouse.gov,Business Development,538-596-4237,Saint George's
1048,Kermy,Aloway,kaloway1b@t.co,Engineering,744-460-1833,Sundbyberg
1049,Koral,Akaster,kakaster1c@umich.edu,Product Management,841-497-5331,Kelīshād va Sūdarjān
1050,Thibaut,Perch,tperch1d@topsy.com,Sales,812-185-1403,Skellefteå
1051,Cara,Luckhurst,cluckhurst1e@wordpress.org,Business Development,314-563-8627,Mahong
1052,Ephraim,Cossor,ecossor1f@biglobe.ne.jp,Services,599-573-6591,Maño
1053,Peterus,Costigan,pcostigan1g@hatena.ne.jp,Services,269-957-5653,Sara Kunda
1054,Merline,Lawes,mlawes1h@about.me,Product Management,590-117-2566,Zmiyëvka
1055,Lemmy,Padgham,lpadgham1i@arizona.edu,Human Resources,628-236-0215,Jardín América
1056,Kliment,Curnok,kcurnok1j@walmart.com,Business Development,477-741-6491,Dukou
1057,Laurie,Fillary,lfillary1k@meetup.com,Human Resources,302-794-6813,Desa Baregbeg
1058,Ludovika,Ellerman,lellerman1l@miibeian.gov.cn,Sales,997-189-6946,Axioúpoli
1059,Doy,Letteresse,dletteresse1m@comsenz.com,Services,313-257-2224,Paris 13
1060,Giffard,Perrie,gperrie1n@over-blog.com,Research and Development,800-824-5682,Linköping
1061,Julian,Keuning,jkeuning1o@goo.ne.jp,Training,755-768-4291,Maştağa
1062,Pierette,Ridde,pridde1p@jalbum.net,Human Resources,280-754-2800,Alīgūdarz
1063,Thorndike,Willatts,twillatts1q@comsenz.com,Support,674-322-7821,Quebrada Canoa
1064,Inger,McNelly,imcnelly1r@xinhuanet.com,Accounting,428-914-0181,Toutuo
1065,Torr,Whitefoot,twhitefoot1s@squidoo.com,Services,169-951-7240,São Bento
1066,Blondell,Ludl,bludl1t@java.com,Product Management,832-455-3477,Santiago
1067,Napoleon,Stripp,nstripp1u@who.int,Product Management,732-101-1857,Ilandža
1068,Sydel,Grantham,sgrantham1v@facebook.com,Support,100-618-4275,Piraí
1069,Shanon,Cuttler,scuttler1w@skyrock.com,Legal,470-687-8254,Pindamonhangaba
1070,Dody,Norgate,dnorgate1x@ameblo.jp,Support,884-891-4291,Cikaludan
1071,Aubrie,Rikkard,arikkard1y@joomla.org,Training,599-626-6975,Oljoq
1072,Pippy,Stenning,pstenning1z@ning.com,Business Development,232-565-3888,Pohonsirih
1073,Akim,Lampens,alampens20@icio.us,Engineering,807-345-0201,Gaozhai
1074,Jori,Ralfe,jralfe21@dyndns.org,Training,277-285-6160,Gaobeijie
1075,Dominica,Scully,dscully22@cloudflare.com,Product Management,587-753-9196,Khamyāb
1076,Boniface,Boffey,bboffey23@liveinternet.ru,Services,230-378-1206,Independencia
1077,Jack,Edgeller,jedgeller24@squarespace.com,Marketing,819-786-2499,Udanin
1078,Rosamund,Cauldwell,rcauldwell25@npr.org,Training,271-170-4261,Pontevedra
1079,Kessia,Urien,kurien26@homestead.com,Human Resources,938-160-5359,Cabay
1080,Devonne,Haywood,dhaywood27@cnn.com,Human Resources,326-800-2101,Basseterre
1081,Ramona,Barbie,rbarbie28@yale.edu,Product Management,205-671-0564,Puerto Natales
1082,Cliff,Parysowna,cparysowna29@wix.com,Research and Development,177-596-7945,Xinyang
1083,Ramonda,Hann,rhann2a@pinterest.com,Accounting,255-502-3464,Seke
1084,Paula,Knight,pknight2b@youtube.com,Product Management,418-297-3245,Vale de Figueira
1085,Joe,McAlinion,jmcalinion2c@trellian.com,Human Resources,485-935-5785,Piotrków Kujawski
1086,Audie,Galiero,agaliero2d@jugem.jp,Services,820-302-2546,Xinzhuang
1087,Lila,Kernar,lkernar2e@lycos.com,Product Management,566-629-6933,Barakani
1088,Kerianne,Heinsius,kheinsius2f@slashdot.org,Support,888-160-4785,Mustvee
1089,Ewan,Jacobovitch,ejacobovitch2g@nbcnews.com,Human Resources,683-205-9716,Yam
1090,Rossie,Ivakhnov,rivakhnov2h@dedecms.com,Training,202-376-0256,Cuevas
1091,Kaycee,Di Biagio,kdibiagio2i@berkeley.edu,Human Resources,610-753-7177,Irákleion
1092,Betty,Dufour,bdufour2j@simplemachines.org,Human Resources,771-884-1767,Lela
1093,Nils,Knyvett,nknyvett2k@japanpost.jp,Accounting,697-794-0946,Yantian
1094,Terrill,Perello,tperello2l@mapquest.com,Training,788-608-6663,Nelipyno
1095,Robinet,Walters,rwalters2m@nps.gov,Services,320-663-4783,La Guadalupe
1096,Dorian,Tatersale,dtatersale2n@cdbaby.com,Business Development,513-296-4919,Ngembel
1097,Osbourne,Mottley,omottley2o@uol.com.br,Business Development,981-394-5643,São Lourenço do Sul
1098,Bobine,Thorneywork,bthorneywork2p@globo.com,Marketing,890-100-5723,Wako
1099,Kelsy,Vose,kvose2q@netlog.com,Training,614-923-3544,Kelmė
1100,Jory,Lachaize,jlachaize2r@mac.com,Research and Development,543-193-8410,Simimbaan
1101,Carole,Reightley,creightley2s@myspace.com,Sales,779-340-7587,Daping
1102,Justus,Snape,jsnape2t@desdev.cn,Product Management,238-696-7984,Villa Paula de Sarmiento
1103,Sargent,Rawls,srawls2u@utexas.edu,Legal,955-415-7450,Yitang
1104,Emelina,Flippen,eflippen2v@mapy.cz,Services,692-888-8431,Tuqiao
1105,Evered,Crowley,ecrowley2w@feedburner.com,Research and Development,512-231-8173,Douane
1106,Bev,Pridding,bpridding2x@zdnet.com,Sales,208-793-7743,Wangon
1107,Kylynn,McLellan,kmclellan2y@nydailynews.com,Services,106-785-4049,Walton
1108,Alvinia,Rimmer,arimmer2z@earthlink.net,Training,984-711-9672,Santuario
1109,Marius,Tregust,mtregust30@msu.edu,Legal,791-333-9228,Rautjärvi
1110,Obie,Leveritt,oleveritt31@earthlink.net,Product Management,668-263-6524,Fenghuang
1111,Shep,Orwin,sorwin32@oracle.com,Marketing,642-227-8807,Cikupa
1112,Jorge,Sonley,jsonley33@independent.co.uk,Legal,706-947-5138,Málaga
1113,Laverne,Aidler,laidler34@godaddy.com,Services,227-715-8933,Ryki
1114,Milton,Skeermor,mskeermor35@mapy.cz,Legal,634-194-3688,Rajhrad
1115,Debora,Yaldren,dyaldren36@google.it,Business Development,186-226-5050,Potiskum
1116,Hi,Kingwell,hkingwell37@de.vu,Accounting,994-111-1123,Álftanes
1117,Cynthia,Leppington,cleppington38@yolasite.com,Product Management,371-607-3231,Deir Ḥannā
1118,Adlai,Roisen,aroisen39@adobe.com,Product Management,901-781-2309,Malasila
1119,Lanie,Roll,lroll3a@mediafire.com,Legal,586-385-2081,Ludvika
1120,Curtice,Keddey,ckeddey3b@youku.com,Research and Development,544-472-9774,Forssa
1121,Hilary,Sunners,hsunners3c@census.gov,Support,659-431-6602,Xiekou
1122,Ciro,MacIlraith,cmacilraith3d@weebly.com,Research and Development,538-412-7928,Žleby
1123,Vivia,Tuvey,vtuvey3e@g.co,Research and Development,527-614-3378,Baranoa
1124,Reinhold,Glendenning,rglendenning3f@arizona.edu,Training,720-302-7262,Fukuma
1125,Margarethe,Richichi,mrichichi3g@about.me,Product Management,948-631-9886,Piritiba
1126,Sapphire,Lambrook,slambrook3h@flickr.com,Marketing,768-957-7766,Prachamtakham
1127,Robena,Dallaway,rdallaway3i@godaddy.com,Accounting,146-587-3978,Juhaynah
1128,Graehme,Chazelle,gchazelle3j@joomla.org,Engineering,309-563-9142,Tolotangga
1129,Rosy,Scirman,rscirman3k@buzzfeed.com,Legal,442-826-8818,Dykan’ka
1130,Miles,Celle,mcelle3l@uol.com.br,Marketing,107-939-9027,Xinxing
1131,Marley,Deguara,mdeguara3m@illinois.edu,Human Resources,840-565-9198,Mutang
1132,Xenos,Caddell,xcaddell3n@fotki.com,Training,412-312-4212,Hangu
1133,Chris,Calcutt,ccalcutt3o@tinyurl.com,Human Resources,426-891-7276,Amurzet
1134,Rachel,Tambling,rtambling3p@simplemachines.org,Research and Development,617-315-0949,Zombo
1135,Lorine,Give,lgive3q@reuters.com,Marketing,623-922-2893,Osieck
1136,Wynne,McIlenna,wmcilenna3r@columbia.edu,Accounting,709-184-1773,Mocajuba
1137,Margalit,Cordova,mcordova3s@wikipedia.org,Training,284-462-9016,Dos Quebradas
1138,Huey,Dorin,hdorin3t@networkadvertising.org,Human Resources,195-546-5341,Jiukou
1139,Adriano,Armell,aarmell3u@wikispaces.com,Marketing,218-918-2688,Rancabelut
1140,Grissel,Witty,gwitty3v@cornell.edu,Support,117-146-3779,Saue
1141,Bria,Threadgold,bthreadgold3w@photobucket.com,Business Development,440-185-6892,Porto União
1142,Denyse,O'Shiel,doshiel3x@home.pl,Engineering,850-754-5438,Binuangeun
1143,Ashleigh,Piletic,apiletic3y@qq.com,Legal,212-776-7735,New York City
1144,Ina,Goad,igoad3z@amazonaws.com,Services,462-295-0288,Hongqi
1145,Ulises,Mannering,umannering40@homestead.com,Sales,684-895-2894,Citeureup
1146,D'arcy,Deetlefs,ddeetlefs41@mac.com,Research and Development,362-539-7249,Binhe
1147,Serene,Jeanel,sjeanel42@taobao.com,Engineering,767-110-0760,Santiago de Chuco
1148,Velvet,Baszniak,vbaszniak43@reuters.com,Engineering,757-298-4087,Alcabideche
1149,Maible,Heephy,mheephy44@wikia.com,Services,235-782-9937,Armação de Pêra
1150,Quentin,Monier,qmonier45@omniture.com,Training,101-630-9740,Best
1151,Pablo,Pentecust,ppentecust46@facebook.com,Marketing,429-693-4854,Matanza
1152,Durant,Cameron,dcameron47@myspace.com,Legal,899-339-7535,Cerkvenjak
1153,Eimile,Moseley,emoseley48@studiopress.com,Marketing,268-182-4319,Shostka
1154,Letizia,Cloute,lcloute49@bravesites.com,Training,515-503-5101,Des Moines
1155,Jacob,Giabuzzi,jgiabuzzi4a@patch.com,Services,922-919-7720,Wangcheng
1156,Kurt,Deal,kdeal4b@nytimes.com,Engineering,571-539-6038,Igboho
1157,Gianina,January,gjanuary4c@webmd.com,Research and Development,108-710-2221,Plessisville
1158,Nealon,Seebert,nseebert4d@rakuten.co.jp,Accounting,855-926-3827,Inawashiro
1159,Zak,Schettini,zschettini4e@sina.com.cn,Support,687-972-3272,Fu’an
1160,Cynde,Anstey,canstey4f@bravesites.com,Research and Development,518-752-3412,Quiaios
1161,Sascha,Riolfi,sriolfi4g@jigsy.com,Marketing,854-890-6827,Embi
1162,Lorrie,Salmond,lsalmond4h@weather.com,Engineering,571-635-6922,Alvaro Obregon
1163,Ken,Toe,ktoe4i@bbc.co.uk,Product Management,257-898-8560,Turets-Bayary
1164,Garnette,Atley,gatley4j@is.gd,Support,193-500-5419,Huambo
1165,Kelli,Bellinger,kbellinger4k@live.com,Human Resources,201-322-8174,Yebaishou
1166,Kristo,Dany,kdany4l@1und1.de,Business Development,127-255-4480,Turiys’k
1167,Keen,Trahmel,ktrahmel4m@squidoo.com,Research and Development,953-273-4528,Beiquan
1168,Luther,Godier,lgodier4n@wiley.com,Human Resources,673-884-0846,Louguan
1169,Leland,Colly,lcolly4o@irs.gov,Training,165-382-8442,San Miguel
1170,Terrill,Nyles,tnyles4p@wiley.com,Research and Development,271-306-5294,Casselman
1171,Millicent,Simukov,msimukov4q@upenn.edu,Business Development,849-456-2180,Ibshawāy
1172,Connie,Skase,cskase4r@state.gov,Research and Development,110-603-0821,Igarra
1173,Ophelia,Antalffy,oantalffy4s@mlb.com,Sales,241-813-2655,Praia da Barra
1174,Gennie,McPhillips,gmcphillips4t@prnewswire.com,Sales,252-544-5744,Xinqiao
1175,Cosimo,Viner,cviner4u@state.gov,Engineering,460-979-7291,Khemisset
1176,Virge,Henighan,vhenighan4v@wix.com,Engineering,901-297-2414,Memphis
1177,Marielle,Mallalieu,mmallalieu4w@adobe.com,Accounting,564-713-0411,Ḩabīl al Jabr
1178,Karolina,Dall,kdall4x@bravesites.com,Marketing,927-561-8111,Santa Praxedes
1179,Ly,Tatteshall,ltatteshall4y@washingtonpost.com,Business Development,787-365-8199,Borkowice
1180,Willette,McGeachy,wmcgeachy4z@google.cn,Services,592-988-6503,Skorogoszcz
1181,Lida,Fritchley,lfritchley50@bravesites.com,Marketing,900-498-9782,Barcelona
1182,Germaine,Mosdell,gmosdell51@umn.edu,Research and Development,221-135-7294,Tivat
1183,Skylar,Adamovich,sadamovich52@vistaprint.com,Product Management,117-104-3892,Akashi
1184,Wendie,Rivaland,wrivaland53@usgs.gov,Legal,308-564-5983,Rongwo
1185,Dottie,Gianneschi,dgianneschi54@scribd.com,Research and Development,336-152-7303,Sabugueiro
1186,Jolee,Butting,jbutting55@mediafire.com,Product Management,747-510-8541,Sidi Bousber
1187,Alexandros,Basden,abasden56@bbc.co.uk,Legal,806-956-6187,Las Toscas
1188,Tabbatha,Margiotta,tmargiotta57@nasa.gov,Research and Development,458-100-3794,Lisewo
1189,Ephraim,Richfield,erichfield58@wikia.com,Services,686-593-1276,Diavatá
1190,Rozelle,Foucard,rfoucard59@indiegogo.com,Engineering,655-466-6230,Ghouazi
1191,Karyn,Epp,kepp5a@npr.org,Sales,488-939-9913,Supu
1192,Israel,Bleesing,ibleesing5b@who.int,Legal,466-981-4310,Jembangan
1193,Marjorie,Queyos,mqueyos5c@hhs.gov,Product Management,465-881-9020,Mariinsk
1194,Alasteir,Mileham,amileham5d@geocities.jp,Engineering,919-768-7678,Montpellier
1195,Beatriz,Watson-Brown,bwatsonbrown5e@rambler.ru,Marketing,894-801-7926,Cangshi
1196,Marianne,McCray,mmccray5f@aol.com,Services,352-832-0523,Ocala
1197,Jasmina,Daveridge,jdaveridge5g@springer.com,Research and Development,841-371-2512,Tieli
1198,Vittoria,Gorvin,vgorvin5h@weibo.com,Business Development,858-483-0317,Shancheng
1199,Bel,Rolfs,brolfs5i@livejournal.com,Sales,203-926-4094,Klumpit
1200,Niki,Brunger,nbrunger5j@sogou.com,Marketing,584-719-8195,Bačka Topola
1201,Juieta,Bissiker,jbissiker5k@theguardian.com,Engineering,229-958-7219,Rasony
1202,Tatiana,Leebetter,tleebetter5l@admin.ch,Research and Development,506-112-8109,Tyresö
1203,Seumas,Traher,straher5m@domainmarket.com,Research and Development,572-162-4129,Changtang
1204,Tiebold,Rossi,trossi5n@dedecms.com,Product Management,782-854-8948,Ji’ergele Teguoleng
1205,Lynn,Steers,lsteers5o@vk.com,Accounting,261-879-9878,Murindó
1206,Humphrey,Cockarill,hcockarill5p@skype.com,Accounting,730-775-8576,Latacunga
1207,Orsola,Skyppe,oskyppe5q@live.com,Accounting,528-893-7513,Popovi
1208,Adolphus,Greenough,agreenough5r@icio.us,Services,135-678-6794,Hebeitun
1209,Humfrid,Brecken,hbrecken5s@arizona.edu,Engineering,480-502-7065,Alagoa Grande
1210,Katharina,Doughton,kdoughton5t@joomla.org,Sales,129-663-2358,Hongos
1211,Lodovico,Eastup,leastup5u@over-blog.com,Engineering,370-940-1679,Frederiksberg
1212,Ransell,Pettingill,rpettingill5v@patch.com,Legal,355-792-5299,Terong
1213,Aidan,Tunnock,atunnock5w@themeforest.net,Accounting,801-768-6261,Salt Lake City
1214,Tanner,Bauldry,tbauldry5x@furl.net,Business Development,537-984-8947,Bratislava
1215,Armando,Goldsbrough,agoldsbrough5y@theguardian.com,Sales,278-509-4613,Montbéliard
1216,Rod,Lufkin,rlufkin5z@amazonaws.com,Services,210-602-3188,Malanville
1217,Banky,Wigglesworth,bwigglesworth60@apple.com,Product Management,488-628-2674,Topchikha
1218,Jamaal,Hatz,jhatz61@bloglovin.com,Sales,395-101-4317,Donegal
1219,Veronika,Cicculi,vcicculi62@tumblr.com,Accounting,160-242-2827,La Joya
1220,Olin,Swigger,oswigger63@surveymonkey.com,Support,943-332-6917,San Antonio
1221,Evvie,Acres,eacres64@reference.com,Business Development,242-526-5213,Dunhou
1222,Franklyn,Pittway,fpittway65@icq.com,Product Management,979-291-6208,Budapest
1223,Vivi,Ruffles,vruffles66@google.es,Services,149-569-9947,Jantake
1224,Gay,Sharplin,gsharplin67@slideshare.net,Legal,611-843-4445,Plandirejo
1225,Meggi,Roma,mroma68@angelfire.com,Marketing,288-823-4912,Frederiksberg
1226,Mariejeanne,Kroger,mkroger69@dagondesign.com,Human Resources,760-370-9468,San Bernardino
1227,Norri,Edmondson,nedmondson6a@businessinsider.com,Accounting,196-381-9392,Punaauia
1228,Bradley,Hardwicke,bhardwicke6b@163.com,Product Management,304-193-4633,Huifa
1229,Diana,Jerzycowski,djerzycowski6c@alexa.com,Support,654-505-8071,Kraslice
1230,Gilberte,Reddel,greddel6d@tiny.cc,Product Management,620-245-6249,Zhugentan
1231,Cally,Bus,cbus6e@jalbum.net,Product Management,755-464-6686,Zhuxi
1232,Codi,Wadesworth,cwadesworth6f@over-blog.com,Services,896-990-0076,Jiamaogong
1233,Valenka,McConway,vmcconway6g@gov.uk,Support,891-651-4647,Kamenný Přívoz
1234,Denny,Presley,dpresley6h@taobao.com,Training,374-428-1138,Tamansari
1235,Carrissa,Duckerin,cduckerin6i@ucsd.edu,Engineering,795-446-0922,Zheleznogorsk
1236,Mahmoud,Trenholme,mtrenholme6j@free.fr,Engineering,279-426-2958,Independencia
1237,Jillayne,Thorneley,jthorneley6k@biblegateway.com,Support,769-828-2604,Slavyanovo
1238,Blondy,Skerritt,bskerritt6l@jalbum.net,Engineering,693-503-7374,Shināş
1239,Debee,Tedder,dtedder6m@uol.com.br,Marketing,651-784-8237,Châlons-en-Champagne
1240,Myrle,McVeigh,mmcveigh6n@tiny.cc,Research and Development,344-296-7322,Baorixile
1241,Blythe,Fronks,bfronks6o@jugem.jp,Sales,876-656-7807,Hīrna
1242,Jameson,Elderfield,jelderfield6p@hao123.com,Sales,995-225-5380,Pojok
1243,Vonnie,Bettison,vbettison6q@ask.com,Services,217-883-3153,Springfield
1244,Alvinia,Ewell,aewell6r@economist.com,Services,407-329-1505,Orlando
1245,Consalve,Cucinotta,ccucinotta6s@amazon.co.uk,Services,626-195-7734,Maca
1246,Constancia,Stirman,cstirman6t@g.co,Sales,612-770-8624,Chengguan
1247,Marney,Albro,malbro6u@home.pl,Services,541-367-5627,Saint-Bruno
1248,Adelaida,Jessop,ajessop6v@narod.ru,Business Development,807-218-5900,Pucangkrajan
1249,Archy,Langhorn,alanghorn6w@nsw.gov.au,Legal,289-417-1930,El Marañón
1250,Terence,Cattermull,tcattermull6x@toplist.cz,Engineering,523-649-0735,Genang
1251,Ole,Micklewright,omicklewright6y@w3.org,Business Development,795-942-0854,Heichengzi
1252,Sigismondo,Mc Caughan,smccaughan6z@typepad.com,Support,745-467-9191,Red Hill
1253,Oralie,Breffitt,obreffitt70@nymag.com,Product Management,952-764-5867,Wydminy
1254,Erin,Itzkovici,eitzkovici71@tinypic.com,Engineering,257-204-3497,Mwene-Ditu
1255,Giorgio,Hekkert,ghekkert72@google.co.uk,Marketing,315-718-5961,Rochester
1256,Cthrine,Antrum,cantrum73@discovery.com,Support,135-444-4451,Drosiá
1257,Joane,Summergill,jsummergill74@1und1.de,Marketing,152-790-9210,Drayton Valley
1258,Bethina,Ritchie,britchie75@issuu.com,Support,386-235-4898,Ilandža
1259,Thorny,Desseine,tdesseine76@surveymonkey.com,Services,546-779-9551,Tobilolong
1260,Linea,Tonge,ltonge77@adobe.com,Marketing,528-797-2313,Duanjia
1261,Yettie,Coutts,ycoutts78@acquirethisname.com,Sales,831-608-3475,Zili
1262,Perla,Loseke,ploseke79@google.co.uk,Accounting,928-708-1663,Sagay
1263,Malcolm,Warwick,mwarwick7a@soup.io,Training,679-395-0814,Huangpu
1264,Ansell,Symcox,asymcox7b@opera.com,Training,439-747-8964,Debelets
1265,Camilla,Fromant,cfromant7c@imageshack.us,Training,755-749-3616,Assis
1266,Ly,Roglieri,lroglieri7d@nbcnews.com,Product Management,659-542-7738,Paipu
1267,Aubrie,Fingleton,afingleton7e@com.com,Training,924-336-8489,Malax
1268,Bernadene,Janzen,bjanzen7f@issuu.com,Support,808-105-3224,Honolulu
1269,Kerr,Loutheane,kloutheane7g@apache.org,Product Management,657-760-0708,La Roche-sur-Yon
1270,Maryl,Skedgell,mskedgell7h@alibaba.com,Sales,874-902-3333,São José do Rio Pardo
1271,Stanfield,Tsarovic,stsarovic7i@shareasale.com,Human Resources,525-148-6613,Dinājpur
1272,Willamina,Sullens,wsullens7j@clickbank.net,Research and Development,792-540-7164,Vicuña
1273,Alvis,Antliff,aantliff7k@umich.edu,Marketing,682-973-1666,Fort Worth
1274,Ezmeralda,Josebury,ejosebury7l@de.vu,Legal,926-648-7747,Timiryazevskoye
1275,Lila,Duny,lduny7m@dyndns.org,Sales,720-133-1277,Anyama
1276,Ashla,Hawler,ahawler7n@opensource.org,Research and Development,319-679-0844,Hucun
1277,Constancy,Snar,csnar7o@exblog.jp,Engineering,429-291-3835,Mazhu
1278,Bibbie,Duling,bduling7p@boston.com,Legal,305-876-4822,Quchanghī
1279,Sabra,Johannes,sjohannes7q@ask.com,Legal,594-915-3522,Uścimów Stary
1280,Zorana,O'Hartnedy,zohartnedy7r@wired.com,Legal,384-188-9435,Cabaritan East
1281,Alberik,Hardware,ahardware7s@xrea.com,Engineering,740-801-8962,Linköping
1282,Reina,Vakhlov,rvakhlov7t@storify.com,Services,747-209-3484,Conchal
1283,Kessia,Trembley,ktrembley7u@cdbaby.com,Training,716-847-8836,Nugas
1284,Cynthy,O' Mulderrig,comulderrig7v@reverbnation.com,Product Management,718-975-3276,Lidingö
1285,Daile,Newbigging,dnewbigging7w@people.com.cn,Legal,269-351-6484,Zhangping
1286,Reggie,Hackworthy,rhackworthy7x@live.com,Business Development,244-891-5023,Ak’ordat
1287,Chrissie,Trowill,ctrowill7y@cocolog-nifty.com,Human Resources,193-628-3280,Velyka Bilozerka
1288,Stephine,Lougheed,slougheed7z@cam.ac.uk,Engineering,615-563-9882,Kikuchi
1289,Ennis,Robertz,erobertz80@imgur.com,Accounting,598-392-0340,Doong
1290,Ronnie,Wisniowski,rwisniowski81@artisteer.com,Accounting,277-291-6626,Lusaka
1291,Raynor,Drejer,rdrejer82@google.ca,Product Management,634-474-9029,Ayolas
1292,Angelle,Cleal,acleal83@clickbank.net,Accounting,718-314-0387,Puerto de Nutrias
1293,Weston,Donne,wdonne84@narod.ru,Support,982-696-3615,Munggang
1294,Beverlee,Silvers,bsilvers85@hud.gov,Training,869-930-6443,Muhos
1295,Carney,Launder,claunder86@soundcloud.com,Support,460-108-3593,Al ‘Awjā
1296,Latrina,Fiander,lfiander87@washington.edu,Accounting,462-610-2998,Taipei
1297,Bernardo,Grandham,bgrandham88@fotki.com,Human Resources,237-416-2221,Sipocot
1298,Baily,Bentham3,bbentham89@tripadvisor.com,Services,926-796-2732,San Simon
1299,Baxy,Gingold,bgingold8a@amazon.com,Legal,730-813-4782,Cisasak
1300,Gelya,Damiral,gdamiral8b@xinhuanet.com,Research and Development,355-105-6581,Trondheim
1301,Noland,Alexsandrovich,nalexsandrovich8c@shop-pro.jp,Sales,176-971-8501,Rivas
1302,Noak,Klausewitz,nklausewitz8d@admin.ch,Accounting,419-934-0135,Gununggoong
1303,Lotty,Campo,lcampo8e@earthlink.net,Engineering,794-165-0202,El Ingenio
1304,Pippy,Gilcriest,pgilcriest8f@xing.com,Services,698-144-5178,Rasony
1305,Annelise,Brayfield,abrayfield8g@wix.com,Training,323-127-6894,Dolní Počernice
1306,Madlin,Phlippi,mphlippi8h@eventbrite.com,Engineering,551-155-4039,High River
1307,Iris,Boustead,iboustead8i@fastcompany.com,Business Development,927-478-8657,Priargunsk
1308,Lita,Tunesi,ltunesi8j@google.it,Sales,558-301-5754,Gonghe
1309,Gav,Scala,gscala8k@csmonitor.com,Human Resources,895-749-5993,Yankou
1310,Jolie,McIlrath,jmcilrath8l@ucla.edu,Training,272-570-8923,Wonodadi
1311,Leesa,Galbreth,lgalbreth8m@sbwire.com,Business Development,554-825-3912,Fernández
1312,Randa,Lesek,rlesek8n@tinypic.com,Legal,123-687-2682,Olupona
1313,Panchito,Cuss,pcuss8o@zimbio.com,Sales,172-316-9060,Al Muharraq
1314,Taddeo,Quan,tquan8p@creativecommons.org,Accounting,274-791-6270,Lilla Edet
1315,Ibbie,Gosnall,igosnall8q@yolasite.com,Legal,120-500-6873,Gayabaru
1316,Ricca,O'Suaird,rosuaird8r@tuttocitta.it,Support,826-595-1163,Maying
1317,Tammie,Gages,tgages8s@bandcamp.com,Business Development,994-236-5524,Tiflet
1318,Roxy,Amys,ramys8t@theglobeandmail.com,Services,766-726-6475,Sam Chuk
1319,Bax,Jimeno,bjimeno8u@ted.com,Accounting,835-586-2461,Kolaka
1320,Jackie,Summerside,jsummerside8v@yahoo.com,Sales,117-859-6245,Delingha
1321,Jo-anne,Marjanovic,jmarjanovic8w@spiegel.de,Support,634-853-2041,Iza
1322,Prinz,Linnock,plinnock8x@rediff.com,Business Development,748-962-3373,Taunan
1323,Hyacinthe,Martijn,hmartijn8y@biglobe.ne.jp,Product Management,137-532-0513,Wielka Nieszawka
1324,Cymbre,Durston,cdurston8z@chron.com,Support,241-429-6461,Toliara
1325,Gayleen,Hembrow,ghembrow90@tinyurl.com,Accounting,714-729-0687,Varazqān
1326,Mikkel,Baytrop,mbaytrop91@wunderground.com,Support,919-369-9781,Shuangtang
1327,Herbie,Crowdace,hcrowdace92@geocities.jp,Engineering,923-379-4492,Yukhnov
1328,Fredi,Botcherby,fbotcherby93@dailymotion.com,Training,592-502-9989,Harnoli
1329,Elsi,Purcell,epurcell94@army.mil,Services,170-435-3858,Muang Pakxan
1330,Domenico,Adshad,dadshad95@posterous.com,Accounting,358-163-1284,Yulin
1331,Zonda,Keener,zkeener96@blogspot.com,Sales,731-875-7536,Changlong
1332,Megan,Lourens,mlourens97@wired.com,Accounting,984-192-6524,Telde
1333,Sanderson,Bredes,sbredes98@blinklist.com,Marketing,114-336-7470,Zhujiapu
1334,Lorne,Rouse,lrouse99@weebly.com,Research and Development,951-351-7407,Paola
1335,Laraine,Litterick,llitterick9a@edublogs.org,Accounting,108-997-4967,Neẖalim
1336,Thor,Hallaways,thallaways9b@globo.com,Human Resources,379-510-0542,Steblevë
1337,Gertrude,Houliston,ghouliston9c@wikimedia.org,Sales,400-167-2259,Darband
1338,Othello,Le Barr,olebarr9d@shareasale.com,Engineering,505-770-5375,Stockholm
1339,Roshelle,Westby,rwestby9e@howstuffworks.com,Support,325-736-3824,Kuching
1340,Charin,Yarrall,cyarrall9f@icio.us,Product Management,869-651-6499,Cogreg Wetan
1341,Roosevelt,Sparham,rsparham9g@howstuffworks.com,Business Development,297-973-0694,Hekou
1342,Matthaeus,Raden,mraden9h@cmu.edu,Support,976-743-5287,Kunów
1343,Dori,Frugier,dfrugier9i@eventbrite.com,Engineering,874-678-8604,Greystones
1344,Abey,Ganter,aganter9j@china.com.cn,Human Resources,433-351-0954,Qinshan
1345,Leland,Heyns,lheyns9k@exblog.jp,Human Resources,982-519-1267,Matozinhos
1346,Hector,Ben,hben9l@xinhuanet.com,Support,427-492-6012,Pułtusk
1347,Shayla,Fairfoot,sfairfoot9m@delicious.com,Training,889-227-7506,Ipoh
1348,Gipsy,Tabram,gtabram9n@behance.net,Engineering,314-995-8860,Saint Louis
1349,Rasia,Hartshorn,rhartshorn9o@hubpages.com,Engineering,929-137-9105,Zarechnyy
1350,Ariadne,Pelcheur,apelcheur9p@taobao.com,Training,997-251-2760,Huifeng
1351,Brande,Tonkinson,btonkinson9q@un.org,Training,822-703-5566,Oslo
1352,Hildy,Derington,hderington9r@ucsd.edu,Product Management,198-983-7942,Gorichevo
1353,Moishe,Denisyuk,mdenisyuk9s@photobucket.com,Engineering,936-804-3404,Pursat
1354,Vinny,Mundle,vmundle9t@xing.com,Support,280-722-3420,Velenje
1355,Elana,Lief,elief9u@phpbb.com,Marketing,620-580-5561,Shchuchin
1356,Hattie,Krimmer,hkrimmer9v@redcross.org,Services,835-409-5856,Valdemarsvik
1357,Jeramey,Dorken,jdorken9w@artisteer.com,Business Development,873-116-3640,Yihe
1358,Leroy,Sattin,lsattin9x@csmonitor.com,Product Management,735-310-6683,Yongxing Chengguanzhen
1359,Lula,Gelardi,lgelardi9y@reference.com,Legal,818-963-7625,Libice nad Cidlinou
1360,Stoddard,Brushneen,sbrushneen9z@blogger.com,Engineering,115-450-6330,Uiasa
1361,Murdock,Caldecott,mcaldecotta0@tinyurl.com,Research and Development,982-659-8923,Buqei‘a
1362,Matty,Atling,matlinga1@npr.org,Human Resources,167-752-1247,Potštát
1363,Meyer,McChruiter,mmcchruitera2@digg.com,Services,507-489-1871,Saidpur
1364,Gabbi,Bambra,gbambraa3@ezinearticles.com,Engineering,998-220-7126,Tiwi
1365,Dall,Mulcahy,dmulcahya4@behance.net,Human Resources,202-747-0340,San Cristóbal
1366,Chery,Girkins,cgirkinsa5@delicious.com,Engineering,185-728-5041,Bandong
1367,Jacob,Tinman,jtinmana6@omniture.com,Services,670-466-3402,Lanas
1368,Clementius,Leith,cleitha7@fema.gov,Training,282-292-1008,Gondang
1369,Nora,Scottrell,nscottrella8@addtoany.com,Research and Development,270-669-7614,Cikaso
1370,Lynnea,Bernt,lbernta9@google.com.br,Marketing,860-597-5146,Nāḩiyat Alī ash Sharqī
1371,Oneida,Pomeroy,opomeroyaa@cargocollective.com,Sales,879-963-2395,Al ‘Āliyah
1372,Rabbi,Barnby,rbarnbyab@marriott.com,Research and Development,647-352-9439,Umeå
1373,Emmalyn,Lecount,elecountac@macromedia.com,Product Management,700-362-7606,Aboisso
1374,Marchelle,Rawsthorne,mrawsthornead@omniture.com,Legal,112-566-6362,Kousséri
1375,Leila,MacPharlain,lmacpharlainae@nhs.uk,Human Resources,628-837-8551,Tempurejo
1376,Nicko,Spellsworth,nspellsworthaf@narod.ru,Accounting,305-710-4605,Itapetininga
1377,Langston,Ginsie,lginsieag@gizmodo.com,Product Management,454-555-3971,Vila Chã
1378,Michal,Nealon,mnealonah@cbc.ca,Support,804-146-8096,Flic en Flac
1379,Emilia,Bonham,ebonhamai@clickbank.net,Business Development,708-597-8221,Goléré
1380,Hew,Pitceathly,hpitceathlyaj@bravesites.com,Marketing,864-841-1403,Krajan Sumurtawang
1381,Darline,Folds,dfoldsak@nationalgeographic.com,Product Management,714-325-5305,Manchester
1382,Richmound,Sommer,rsommeral@domainmarket.com,Engineering,787-477-1616,Nalsian Norte
1383,Dilan,Michael,dmichaelam@globo.com,Human Resources,281-215-4205,Wadung
1384,Hyacintha,Farlham,hfarlhaman@yellowbook.com,Services,963-757-5820,Kokkónion
1385,Otha,Leneve,oleneveao@businessinsider.com,Product Management,810-189-4189,Tehrān
1386,Bonita,Hammerman,bhammermanap@ox.ac.uk,Training,450-160-3495,Maninihon
1387,Avrit,Heartfield,aheartfieldaq@creativecommons.org,Services,988-759-9978,Marialva
1388,Marlo,Hansill,mhansillar@godaddy.com,Business Development,921-510-4086,Międzyrzecz
1389,Marve,Courtney,mcourtneyas@mediafire.com,Marketing,512-140-6214,Austin
1390,Arlin,Earthfield,aearthfieldat@timesonline.co.uk,Training,865-972-8166,Siumate
1391,Sofia,Jacquot,sjacquotau@xing.com,Accounting,130-322-9674,Nová Cerekev
1392,Yardley,Drepp,ydreppav@bloglovin.com,Human Resources,374-558-2792,Sanxi
1393,Gay,Thurling,gthurlingaw@facebook.com,Accounting,879-891-3705,Lapai
1394,Franciskus,Lowndsbrough,flowndsbroughax@qq.com,Marketing,125-519-9953,Karang Kulon
1395,Kimmie,Siddall,ksiddallay@dailymail.co.uk,Engineering,117-322-2511,Haunubenak
1396,Gustavo,Aingel,gaingelaz@smugmug.com,Research and Development,289-243-1987,Călăraşi
1397,Mattheus,Kupke,mkupkeb0@networkadvertising.org,Legal,533-512-7897,Cikijing
1398,Homerus,Exposito,hexpositob1@posterous.com,Business Development,945-623-3679,Ushuaia
1399,Erna,Gorch,egorchb2@stumbleupon.com,Support,643-381-9960,Ust’-Uda
1400,Roxie,Saban,rsabanb3@senate.gov,Engineering,402-885-7443,Lincoln
1401,Kienan,Keppin,kkeppinb4@typepad.com,Sales,907-900-8025,Otuke
1402,Brody,Fenlon,bfenlonb5@gravatar.com,Sales,295-459-2414,Dungang
1403,Tanner,Dallender,tdallenderb6@buzzfeed.com,Services,769-894-5089,Martigues
1404,Obed,Vedyaev,ovedyaevb7@elegantthemes.com,Human Resources,522-793-7214,Camplong
1405,Ali,Sysland,asyslandb8@mtv.com,Sales,821-905-2363,Rajhrad
1406,Adelina,Chastaing,achastaingb9@va.gov,Support,234-328-9556,Pondokrejo Wetan
1407,Pietrek,Johnson,pjohnsonba@craigslist.org,Business Development,666-823-0224,Moca
1408,Truda,Fennelly,tfennellybb@phpbb.com,Engineering,876-235-7253,Vũ Thư
1409,Nicol,Earngy,nearngybc@canalblog.com,Training,881-464-8098,Dogbo
1410,Ursulina,Jiroutka,ujiroutkabd@acquirethisname.com,Services,438-942-2293,Maticmatic
1411,Sheila,Sandifer,ssandiferbe@wikipedia.org,Sales,267-327-0294,Ngou
1412,Hillyer,Grieswood,hgrieswoodbf@dailymotion.com,Marketing,841-335-9181,Cuamba
1413,Cheslie,Iapico,ciapicobg@cisco.com,Support,107-527-4369,Zhengyu
1414,Walliw,Amey,wameybh@skyrock.com,Business Development,998-309-3001,Budapest
1415,Karolina,Parrett,kparrettbi@springer.com,Human Resources,940-246-4167,Tworków
1416,Coleen,Royse,croysebj@imgur.com,Business Development,757-549-3309,Pruszków
1417,Osmond,Tynan,otynanbk@aboutads.info,Training,361-323-7499,Lunenburg
1418,Aloysia,Claw,aclawbl@webnode.com,Services,609-725-7474,‘Izrā
1419,Cooper,Burhouse,cburhousebm@uol.com.br,Business Development,907-824-7941,Uychi
1420,Alden,Chapiro,achapirobn@cisco.com,Business Development,257-186-5426,Xiancun
1421,Tybie,Leile,tleilebo@slashdot.org,Services,131-569-6778,Pajung
1422,Lilly,Bellwood,lbellwoodbp@va.gov,Sales,654-361-2457,Xincheng
1423,Trstram,Doerling,tdoerlingbq@nih.gov,Services,619-211-7538,Vredenburg
1424,Vinny,Brabyn,vbrabynbr@buzzfeed.com,Services,250-386-0344,Fare
1425,Robyn,MacNeice,rmacneicebs@mapy.cz,Sales,141-424-5961,Indramayu
1426,Audrye,Arni,aarnibt@delicious.com,Legal,976-378-7216,Lille
1427,Chelsie,Simm,csimmbu@phpbb.com,Support,241-100-7889,Ordzhonikidzevskiy
1428,Gwenore,Houson,ghousonbv@woothemes.com,Business Development,232-379-7967,Semamung
1429,Heddie,Pollok,hpollokbw@cdbaby.com,Legal,408-273-8949,Tatsunochō-tominaga
1430,Virgie,Vallentine,vvallentinebx@jalbum.net,Support,827-310-9303,Bludov
1431,Kori,Yellowley,kyellowleyby@technorati.com,Human Resources,895-795-2168,Mizunami
1432,Valaria,Challis,vchallisbz@rediff.com,Support,800-455-8952,Bahui
1433,Holly-anne,Pettitt,hpettittc0@google.nl,Training,135-658-5718,Neya
1434,Sandro,Bartle,sbartlec1@intel.com,Services,372-715-2616,Timurjaya
1435,Hort,Barnhart,hbarnhartc2@discovery.com,Marketing,151-209-0036,Tabuating
1436,Britt,Bussetti,bbussettic3@wiley.com,Services,760-772-0621,Balakhninskiy
1437,Maura,Simmonite,msimmonitec4@alibaba.com,Research and Development,777-103-0250,Jetis
1438,Marijn,Tonkinson,mtonkinsonc5@rediff.com,Product Management,369-984-6241,Gwandu
1439,Reinold,Stagg,rstaggc6@miitbeian.gov.cn,Engineering,143-751-3575,Babantar
1440,Odelinda,Pandya,opandyac7@mac.com,Research and Development,590-690-1661,Březí
1441,Sharity,Chittem,schittemc8@netlog.com,Engineering,703-876-0345,Vanáton
1442,Olympie,Laws,olawsc9@earthlink.net,Accounting,197-220-8717,Pinhão
1443,Martyn,Kisar,mkisarca@sbwire.com,Support,812-239-5908,Balad
1444,Fancy,Ferney,fferneycb@cnn.com,Support,800-889-3157,Ukhta
1445,Rickie,Petrishchev,rpetrishchevcc@deviantart.com,Sales,293-295-5446,Jhang Sadr
1446,Merv,Bail,mbailcd@google.co.jp,Human Resources,466-153-2315,Longwan
1447,Michal,Pettengell,mpettengellce@opensource.org,Services,824-125-6622,Carrasqueira
1448,Kris,Jochanany,kjochananycf@blinklist.com,Research and Development,613-673-8158,Cisasak
1449,Had,Heineken,hheinekencg@liveinternet.ru,Business Development,656-511-9542,Kotatengah
1450,Devonna,Mealing,dmealingch@ft.com,Product Management,968-153-0702,Meirinhas
1451,Frazier,Thurgood,fthurgoodci@webeden.co.uk,Services,710-985-7208,Gradac
1452,Collette,Crummy,ccrummycj@state.tx.us,Services,864-812-4954,Aldergrove
1453,Fleur,Pattingson,fpattingsonck@moonfruit.com,Human Resources,127-537-4883,Barra do Corda
1454,Corrina,McLise,cmclisecl@com.com,Human Resources,275-371-1070,Pervomayskoye
1455,Nap,Tupie,ntupiecm@altervista.org,Accounting,967-407-1429,Quatá
1456,Waylon,Gummery,wgummerycn@aboutads.info,Engineering,640-610-3907,København
1457,Nada,Westpfel,nwestpfelco@answers.com,Business Development,241-372-8928,Waru Selatan
1458,Cariotta,Waterman,cwatermancp@usda.gov,Research and Development,399-738-8616,Ciawitali
1459,Mata,Duinbleton,mduinbletoncq@pbs.org,Sales,255-203-2118,‘Amd
1460,Sherill,Peters,speterscr@forbes.com,Human Resources,374-254-3889,Prómachoi
1461,Granny,Winning,gwinningcs@hubpages.com,Product Management,578-155-5372,San Miguel
1462,Dorrie,Serginson,dserginsonct@github.io,Research and Development,136-923-9150,Milagros
1463,Cherilyn,Chiswell,cchiswellcu@blogtalkradio.com,Product Management,336-170-0332,Dek’emhāre
1464,Orelle,Rubinsaft,orubinsaftcv@java.com,Services,138-940-6917,Sukakerta
1465,Gisella,Mahony,gmahonycw@symantec.com,Sales,350-400-7585,Sintansin
1466,Slade,Makepeace,smakepeacecx@alexa.com,Training,486-675-6467,Soroti
1467,Johnny,Trim,jtrimcy@live.com,Services,231-634-8674,Växjö
1468,Janeczka,MacCardle,jmaccardlecz@guardian.co.uk,Services,123-227-1431,Ołpiny
1469,Aland,Krikorian,akrikoriand0@google.es,Accounting,562-832-4809,Tekik Wetan
1470,Roby,Pechard,rpechardd1@gravatar.com,Product Management,977-374-8411,Koba
1471,Aubine,Boutwell,aboutwelld2@senate.gov,Services,242-472-4860,Libiąż
1472,Jemmy,Chaldecott,jchaldecottd3@is.gd,Sales,802-993-1966,Changliu
1473,Christos,Dumphrey,cdumphreyd4@cloudflare.com,Legal,185-562-7066,Stepanovićevo
1474,Cheri,Tye,ctyed5@alexa.com,Legal,667-721-8323,Engure
1475,Jeane,Hovie,jhovied6@ted.com,Sales,689-587-6434,Bakıxanov
1476,Clementine,Brody,cbrodyd7@un.org,Engineering,539-939-6937,Pedregal
1477,Terrel,Attkins,tattkinsd8@netvibes.com,Accounting,502-256-4748,Talovyy
1478,Lorrayne,Brain,lbraind9@last.fm,Business Development,984-822-1472,Kariya
1479,Anissa,Easterling,aeasterlingda@ning.com,Product Management,106-319-0884,Bakadagy
1480,Elbertine,Danilyuk,edanilyukdb@cargocollective.com,Legal,887-483-1022,Chengshan
1481,Leigha,Petriello,lpetriellodc@facebook.com,Human Resources,248-348-9451,Andorinha
1482,Ginny,Leser,gleserdd@dagondesign.com,Product Management,455-389-2975,Ragay
1483,Kandy,Coomber,kcoomberde@fc2.com,Research and Development,866-315-9215,Puerto Montt
1484,Mikol,MacDuffie,mmacduffiedf@ebay.com,Training,322-993-3780,Kinatakutan
1485,Kyle,Top,ktopdg@buzzfeed.com,Services,184-543-2548,Chuzhou
1486,Fredelia,Bickle,fbickledh@printfriendly.com,Training,360-660-2160,Oebobo
1487,Egan,Hambrick,ehambrickdi@dropbox.com,Marketing,365-602-1648,Binawara
1488,Carrissa,Tringham,ctringhamdj@abc.net.au,Sales,655-413-6742,Toulon
1489,Babita,Tapscott,btapscottdk@usa.gov,Legal,373-913-9507,Queenstown
1490,Walsh,Dight,wdightdl@wunderground.com,Training,562-553-6638,Sonlit
1491,Sella,Tal,staldm@geocities.jp,Business Development,712-643-1037,Lagos
1492,Godard,Portam,gportamdn@nifty.com,Human Resources,895-168-3127,Debre Zeyit
1493,Ruperta,Tapley,rtapleydo@icq.com,Accounting,481-105-4857,Quatre Bornes
1494,Ervin,Iacomini,eiacominidp@skyrock.com,Accounting,259-107-7074,Telnice
1495,Timmie,Mounsie,tmounsiedq@fotki.com,Services,237-805-5397,Beishan
1496,Herman,Moorey,hmooreydr@imageshack.us,Support,616-737-4283,Kaura Namoda
1497,Cori,Fruen,cfruends@oakley.com,Product Management,246-686-2396,Bilovods'k
1498,Stanwood,Abbey,sabbeydt@zimbio.com,Legal,650-969-5029,São Sebastião do Passé
1499,Oona,Torrent,otorrentdu@istockphoto.com,Accounting,601-867-7901,Sayansk
1500,Julissa,Bootes,jbootesdv@go.com,Product Management,889-442-4497,Babice
1501,Agustin,Marusic,amarusicdw@cornell.edu,Services,653-594-1686,Sumber
1502,Roberto,Ivery,riverydx@tmall.com,Accounting,296-838-2410,Datian
1503,Filberto,Vassano,fvassanody@github.io,Accounting,564-276-5574,Oliveira
1504,Morna,Freeberne,mfreebernedz@nature.com,Marketing,872-289-8808,Namyangju
1505,Lennie,Beahan,lbeahane0@mayoclinic.com,Training,659-727-9908,Verdizela
1506,Lurlene,Spurier,lspuriere1@businessinsider.com,Business Development,734-551-1620,Detroit
1507,Brannon,Alton,baltone2@yolasite.com,Marketing,922-776-9930,Dasuhe
1508,Jerrie,Gulleford,jgulleforde3@google.ru,Services,934-886-1396,Busdi
1509,Emanuel,Fealey,efealeye4@123-reg.co.uk,Sales,599-353-1027,Saint-Quentin-en-Yvelines
1510,Lynn,Gomersal,lgomersale5@twitpic.com,Services,972-767-2445,Dostoyevka
1511,Davidde,Rayne,draynee6@xinhuanet.com,Research and Development,511-378-6413,Kisela Voda
1512,Natalee,Hellard,nhellarde7@reddit.com,Engineering,658-259-2973,Bratslav
1513,Veronica,Down,vdowne8@reddit.com,Support,598-979-4471,Shiqiaotou
1514,Bert,Jerrome,bjerromee9@prweb.com,Human Resources,786-507-8834,Itaúna
1515,Gaspard,Hardwell,ghardwellea@yelp.com,Legal,729-692-6940,Arnoia
1516,Neda,Tebbett,ntebbetteb@umich.edu,Engineering,829-891-1147,Bopu
1517,Zarla,Dossett,zdossettec@samsung.com,Accounting,896-580-1216,Roscoff
1518,Alleyn,Cavendish,acavendished@meetup.com,Support,978-176-4501,Sumberbakti
1519,Devina,Chasmer,dchasmeree@goodreads.com,Research and Development,641-901-6714,Rabat
1520,Eryn,Chellenham,echellenhamef@wordpress.com,Business Development,225-946-9781,Stylída
1521,Georgianne,Stockwell,gstockwelleg@blogspot.com,Marketing,472-754-5420,Pulau Pinang
1522,Thayne,Antonopoulos,tantonopouloseh@kickstarter.com,Support,222-671-9709,Ouricuri
1523,Terri,Pagden,tpagdenei@examiner.com,Legal,332-489-7829,Mandaue City
1524,Alla,Blankley,ablankleyej@wikispaces.com,Training,825-115-9608,Aş Şūrah aş Şaghīrah
1525,Curr,Sibbit,csibbitek@blogger.com,Product Management,759-706-4410,Catarman
1526,Danny,Power,dpowerel@seattletimes.com,Research and Development,366-647-8175,Zaragoza
1527,Desmond,Stenbridge,dstenbridgeem@ameblo.jp,Marketing,717-569-9944,Czerwieńsk
1528,Leigh,Littlepage,llittlepageen@qq.com,Support,373-433-7139,Tignoan
1529,Jud,Linnard,jlinnardeo@studiopress.com,Engineering,843-727-5362,Paitan Norte
1530,Martynne,Duiged,mduigedep@cornell.edu,Legal,240-535-4435,Penisihan
1531,Saudra,Linnock,slinnockeq@si.edu,Support,404-864-4583,Nova Olímpia
1532,Gianni,Fair,gfairer@tiny.cc,Services,275-233-4250,Shuhe
1533,Stace,Wyd,swydes@networksolutions.com,Product Management,500-652-0174,Libacao
1534,Blondelle,Casol,bcasolet@so-net.ne.jp,Legal,893-532-2413,La Cumbre
1535,Kameko,Bonhome,kbonhomeeu@hatena.ne.jp,Support,648-707-8050,Peredovaya
1536,Deloris,Crowest,dcrowestev@census.gov,Human Resources,896-844-2487,Ash Shuhadā’
1537,Sibylla,Saltsberger,ssaltsbergerew@timesonline.co.uk,Marketing,138-760-4894,Zhangtan
1538,Delia,Dulen,ddulenex@engadget.com,Business Development,811-223-5234,Longzui
1539,Nappy,Vlasyev,nvlasyevey@apache.org,Accounting,100-190-9227,Casal Galego
1540,Norine,Kropp,nkroppez@howstuffworks.com,Product Management,114-910-6824,Tân Sơn
1541,Sidney,Deverick,sdeverickf0@pinterest.com,Services,929-547-6497,Zorak
1542,Elane,Harry,eharryf1@comsenz.com,Services,672-212-4678,Kayan
1543,Nickie,Brotherhood,nbrotherhoodf2@miitbeian.gov.cn,Marketing,967-579-2925,Ambato Boeny
1544,Cyndy,Flude,cfludef3@sciencedaily.com,Services,312-511-4153,Renhe
1545,Saleem,Bleasdille,sbleasdillef4@ftc.gov,Sales,625-563-2868,Castres
1546,Nat,McIsaac,nmcisaacf5@liveinternet.ru,Product Management,294-489-4183,San Rafael
1547,Shelba,Balwin,sbalwinf6@artisteer.com,Marketing,257-280-7852,Horad Rechytsa
1548,Glyn,Trimnell,gtrimnellf7@berkeley.edu,Product Management,899-987-3587,Mapaniqui
1549,Jeane,Rickard,jrickardf8@slideshare.net,Product Management,724-675-0955,Eṭ Ṭaiyiba
1550,Babette,Bumfrey,bbumfreyf9@dot.gov,Product Management,954-727-5833,Gaoxu
1551,Tomlin,Oake,toakefa@theglobeandmail.com,Marketing,675-740-8407,Kamienna Góra
1552,Sher,Muscat,smuscatfb@mozilla.org,Sales,482-884-4421,Le Blanc-Mesnil
1553,Angelo,Schuelcke,aschuelckefc@yandex.ru,Engineering,600-318-8735,Hanfeng
1554,Yankee,Wildblood,ywildbloodfd@twitpic.com,Training,967-112-8430,Calaya
1555,Juan,Markushkin,jmarkushkinfe@tamu.edu,Accounting,861-115-0785,Storuman
1556,Hildegaard,O'Dennehy,hodennehyff@aboutads.info,Human Resources,747-953-1118,Lérida
1557,Maureen,Lacy,mlacyfg@bigcartel.com,Support,727-675-7538,Napanee Downtown
1558,Jone,Schuelcke,jschuelckefh@gmpg.org,Engineering,612-484-9468,Alcala
1559,Gerald,Bartolomucci,gbartolomuccifi@squarespace.com,Research and Development,458-238-5296,Cabinda
1560,Shelden,Risby,srisbyfj@odnoklassniki.ru,Engineering,374-598-4585,Shahr-e Şafā
1561,Hardy,Darrow,hdarrowfk@mail.ru,Product Management,160-184-7920,Cluain Meala
1562,Gabbey,Waistell,gwaistellfl@independent.co.uk,Product Management,933-105-3880,Vera
1563,Isahella,Renforth,irenforthfm@buzzfeed.com,Product Management,986-115-6516,Norrköping
1564,Dacey,Nutter,dnutterfn@tiny.cc,Sales,222-348-7003,Velas
1565,Dane,Ormistone,dormistonefo@ed.gov,Business Development,523-174-2119,Trunovskoye
1566,Philis,McKiernan,pmckiernanfp@alexa.com,Human Resources,350-339-2176,Shangma
1567,Andie,Barca,abarcafq@feedburner.com,Engineering,845-286-0050,Mulandoro
1568,Amalita,McPhelimey,amcphelimeyfr@cocolog-nifty.com,Marketing,285-777-5077,Ejido
1569,Shawn,Cowton,scowtonfs@apple.com,Marketing,159-828-2376,Kulautuva
1570,Goldie,Haberjam,ghaberjamft@istockphoto.com,Sales,443-870-2660,Shufeng
1571,Cozmo,Nowaczyk,cnowaczykfu@tripadvisor.com,Research and Development,425-297-5479,Chengnan
1572,Demetrius,Silbermann,dsilbermannfv@twitter.com,Services,612-800-0026,Mempawah
1573,Fayina,Kemwal,fkemwalfw@symantec.com,Business Development,444-303-6639,Aībak
1574,Eldridge,Tindley,etindleyfx@icio.us,Research and Development,697-574-7445,Baoshan
1575,Norrie,Bexon,nbexonfy@army.mil,Legal,153-676-4583,Kyaka
1576,Editha,Gueny,eguenyfz@amazon.co.uk,Business Development,356-267-0852,Wenlin
1577,Lil,Fathers,lfathersg0@yandex.ru,Sales,149-876-5961,Nazaré
1578,Brose,Coan,bcoang1@scribd.com,Training,701-195-2993,Trilj
1579,Linda,Kimble,lkimbleg2@prlog.org,Product Management,250-711-7194,Rulenge
1580,Jo,Cheng,jchengg3@51.la,Accounting,339-488-1615,Mieścisko
1581,Shelly,Vickerstaff,svickerstaffg4@alibaba.com,Support,517-959-4226,Petrijevci
1582,Gillan,Denizet,gdenizetg5@ucla.edu,Research and Development,729-465-0973,Bajing
1583,Ainsley,Garnsworth,agarnsworthg6@dyndns.org,Marketing,917-784-8705,Stary Sącz
1584,Clayson,Walsham,cwalshamg7@meetup.com,Support,405-747-3825,Cungkal
1585,Inness,Crouse,icrouseg8@w3.org,Sales,529-609-5383,Yên Bái
1586,Beulah,Todd,btoddg9@fema.gov,Support,698-575-4905,Stockholm
1587,Arte,Normanville,anormanvillega@java.com,Legal,462-772-9215,Krasnohrad
1588,Sutherlan,Oneil,soneilgb@com.com,Training,633-361-1970,Al Başrah
1589,Conway,McConnel,cmcconnelgc@bloglines.com,Accounting,209-173-4564,Ngala
1590,Dalis,Brokenbrow,dbrokenbrowgd@scribd.com,Business Development,906-743-1204,Sumberbaru
1591,Lemar,Elger,lelgerge@google.com.hk,Legal,744-206-3244,La Calera
1592,Henry,Dreghorn,hdreghorngf@meetup.com,Sales,900-511-7482,Kuafeu
1593,Hadleigh,Beldum,hbeldumgg@deliciousdays.com,Legal,210-855-0813,San Antonio
1594,Sloan,Sarjeant,ssarjeantgh@ameblo.jp,Sales,373-668-2394,Layo
1595,Hermie,Lynett,hlynettgi@themeforest.net,Accounting,509-262-3907,Vila Fria
1596,Trace,Zoellner,tzoellnergj@home.pl,Training,892-807-6338,Providencia
1597,Elspeth,Paskerful,epaskerfulgk@simplemachines.org,Support,568-513-0188,Dongxi
1598,Shannon,Lilleycrop,slilleycropgl@nasa.gov,Training,415-317-4705,Alingsås
1599,Alanson,Lowthian,alowthiangm@over-blog.com,Sales,132-342-5866,Headlands
1600,Rubina,Sewall,rsewallgn@feedburner.com,Research and Development,274-166-0112,Asbest
1601,Kaleena,McGeoch,kmcgeochgo@slate.com,Support,717-949-6447,Alcanena
1602,Gena,Jedrysik,gjedrysikgp@sciencedaily.com,Business Development,276-974-9721,Wukari
1603,Aigneis,Sein,aseingq@tiny.cc,Training,780-907-3677,Toutosa
1604,Sander,Gunny,sgunnygr@businessweek.com,Legal,996-139-0929,Stratónion
1605,Thekla,Olyfat,tolyfatgs@de.vu,Support,447-681-9778,Berkovitsa
1606,Ortensia,Hansed,ohansedgt@dyndns.org,Training,570-573-2279,Ribeirão das Neves
1607,Johannah,Lefeuvre,jlefeuvregu@dailymail.co.uk,Legal,690-570-1294,George Town
1608,Bartolemo,Croster,bcrostergv@mail.ru,Accounting,234-101-4835,Gunung Timur
1609,Thomas,Tremollet,ttremolletgw@pagesperso-orange.fr,Sales,865-935-4146,Montfavet
1610,Daniella,Marjot,dmarjotgx@hud.gov,Research and Development,630-441-4110,Bokat
1611,Justis,Shiell,jshiellgy@gizmodo.com,Research and Development,808-670-1952,Krásná Lípa
1612,Cleopatra,Westley,cwestleygz@domainmarket.com,Business Development,138-591-9374,Duhu
1613,Bryana,Tooze,btoozeh0@example.com,Services,374-531-1652,Antagan Segunda
1614,Avigdor,Roubottom,aroubottomh1@merriam-webster.com,Support,902-483-5673,Khuean Ubonrat
1615,Chlo,Delos,cdelosh2@weather.com,Legal,859-728-4081,Kedawung
1616,Carine,Cornner,ccornnerh3@mlb.com,Human Resources,459-517-3326,Yazykovo
1617,Gerianna,Scotford,gscotfordh4@mozilla.org,Accounting,884-143-4744,Aurelliana
1618,Zorina,Brounsell,zbrounsellh5@jigsy.com,Human Resources,952-933-0452,Sagae
1619,Vivien,Elverston,velverstonh6@barnesandnoble.com,Support,481-932-5761,Ramiriquí
1620,Ernesto,Foden,efodenh7@seesaa.net,Training,247-744-7544,Boshi
1621,Maura,Woolmer,mwoolmerh8@hubpages.com,Training,574-231-8389,Béboto
1622,Lorrie,McAughtrie,lmcaughtrieh9@livejournal.com,Legal,276-486-8350,Calaya
1623,Emanuele,Cosgriff,ecosgriffha@bluehost.com,Marketing,569-319-9359,Fradelos
1624,Lammond,Spinello,lspinellohb@nydailynews.com,Engineering,328-793-1825,Longkou
1625,Staford,Shardlow,sshardlowhc@amazon.de,Marketing,686-284-3976,Lindome
1626,Kayley,Carmody,kcarmodyhd@joomla.org,Research and Development,353-235-4681,Ścinawa
1627,Oliviero,Holbury,oholburyhe@fastcompany.com,Engineering,106-510-1674,Belyy Gorodok
1628,Ted,Tarborn,ttarbornhf@gravatar.com,Accounting,169-571-0658,Pili
1629,Keen,Ivanikhin,kivanikhinhg@4shared.com,Marketing,422-167-9829,Pieksämäki
1630,Granger,Klimowski,gklimowskihh@sogou.com,Marketing,137-245-2051,Tenri
1631,Athene,Wastell,awastellhi@taobao.com,Business Development,613-734-6754,Itabira
1632,Rikki,Stannus,rstannushj@alibaba.com,Product Management,747-394-6007,Sergelen
1633,Lemmie,Beggio,lbeggiohk@ucla.edu,Services,111-175-4117,Gurlan
1634,Diahann,Tebbut,dtebbuthl@com.com,Sales,836-909-1263,Lianjiangkou
1635,Saundra,Hiskey,shiskeyhm@wordpress.org,Sales,382-865-4723,Kawaguchi
1636,Jackelyn,Cadding,jcaddinghn@google.ru,Accounting,295-110-0574,Siikajoki
1637,Asa,Catchpole,acatchpoleho@intel.com,Product Management,818-790-4886,Chuanbu
1638,Arman,Cockling,acocklinghp@guardian.co.uk,Training,249-236-5986,Vyšší Brod
1639,Gerrilee,Fruish,gfruishhq@nyu.edu,Business Development,485-304-3452,Lokorae
1640,Lief,Garham,lgarhamhr@skyrock.com,Engineering,987-317-0343,Jinzao
1641,Dulcea,Sedge,dsedgehs@goo.ne.jp,Accounting,427-982-7452,Capissayan Sur
1642,Patrizio,Avramchik,pavramchikht@domainmarket.com,Legal,847-944-3400,Dongfeng
1643,Terrijo,Possel,tposselhu@nationalgeographic.com,Research and Development,955-681-5256,Sunjia
1644,Daniela,Joseph,djosephhv@zimbio.com,Research and Development,815-312-5437,Kashirskoye
1645,Lisetta,Shapira,lshapirahw@hao123.com,Training,531-337-5705,Nanyulinxi
1646,Joachim,Arguile,jarguilehx@scientificamerican.com,Research and Development,183-724-0143,Dongshangguan
1647,Erminie,Ducket,educkethy@soup.io,Services,664-823-1317,Shimiaozi
1648,Suki,Sells,ssellshz@com.com,Accounting,331-203-5660,Gangbian
1649,Jose,Talmadge,jtalmadgei0@tumblr.com,Marketing,829-637-4458,Valmiera
1650,Reinwald,Oulet,rouleti1@tiny.cc,Product Management,373-674-6926,Lendan
1651,Towney,Missen,tmisseni2@state.tx.us,Product Management,398-970-3426,Mompach
1652,Guillermo,Somerled,gsomerledi3@google.es,Support,285-686-3688,Hekou
1653,Orelle,Astling,oastlingi4@csmonitor.com,Sales,523-521-8850,Soisy-sous-Montmorency
1654,Genevra,Heaps,gheapsi5@uol.com.br,Support,844-409-1043,Jacura
1655,Corrianne,Pelzer,cpelzeri6@tumblr.com,Engineering,937-508-1028,Pizarrete
1656,Melita,Hammerman,mhammermani7@mapy.cz,Human Resources,614-145-7779,Columbus
1657,Gianna,Lehrle,glehrlei8@gravatar.com,Support,395-565-8288,Freiria
1658,Maddalena,Vedenyakin,mvedenyakini9@globo.com,Product Management,335-929-6644,Khvastovichi
1659,Farrel,Bassindale,fbassindaleia@house.gov,Marketing,372-148-7495,Nepomuceno
1660,Stefan,Petric,spetricib@1und1.de,Sales,690-801-8976,Francisco I Madero
1661,Orbadiah,Worg,oworgic@gizmodo.com,Accounting,132-894-6226,Varser
1662,Jonie,Freddi,jfreddiid@phpbb.com,Marketing,933-733-3838,Jiayuguan
1663,Sharon,Dabbs,sdabbsie@upenn.edu,Training,898-102-7739,Borek
1664,Hanny,Allery,halleryif@fotki.com,Engineering,369-934-5853,Zaporizhzhya
1665,Robin,Piers,rpiersig@spotify.com,Product Management,327-476-8105,Lanckorona
1666,Selma,Ruggiero,sruggieroih@buzzfeed.com,Engineering,521-120-4964,Poitiers
1667,Eugen,Baudic,ebaudicii@seattletimes.com,Engineering,404-644-1317,Kopidlno
1668,Mallissa,Karpfen,mkarpfenij@odnoklassniki.ru,Accounting,269-826-3910,Chiguata
1669,Hube,Swanton,hswantonik@weebly.com,Business Development,739-308-5582,Itzer
1670,Robinet,Scarrott,rscarrottil@xrea.com,Research and Development,785-364-7233,Topeka
1671,Cassie,Stamps,cstampsim@usnews.com,Marketing,761-513-5387,Valmiera
1672,Libbie,Le Brun,llebrunin@ebay.com,Product Management,379-453-6954,Nazaré
1673,Chloette,Butlin,cbutlinio@twitter.com,Human Resources,243-237-4032,Zebrzydowice
1674,Virgil,Baxandall,vbaxandallip@time.com,Engineering,744-968-0939,Tāngāil
1675,Emmalynne,Trevarthen,etrevartheniq@addtoany.com,Services,282-296-5901,Huacao
1676,Georgeanne,Gristwood,ggristwoodir@disqus.com,Engineering,395-260-5769,Alverca do Ribatejo
1677,Shina,Jiggle,sjiggleis@nationalgeographic.com,Human Resources,730-508-2427,Sangumata
1678,Torin,Sturror,tsturrorit@com.com,Product Management,278-793-7285,Rasony
1679,Carmine,Waliszek,cwaliszekiu@devhub.com,Human Resources,630-987-6452,Lucheng
1680,Sonia,Tytherton,stythertoniv@behance.net,Business Development,759-458-3154,Carreira
1681,Kristien,Wynn,kwynniw@auda.org.au,Human Resources,352-792-5810,Ganting
1682,Shelden,Steers,ssteersix@tripadvisor.com,Research and Development,292-141-3523,Xinwo
1683,Nicola,McAvinchey,nmcavincheyiy@oracle.com,Accounting,843-760-2418,Dunhao
1684,Emmery,MacGeffen,emacgeffeniz@godaddy.com,Human Resources,717-241-4067,Catriel
1685,Dennie,Nyland,dnylandj0@google.co.uk,Marketing,474-476-9397,Driyorejo
1686,Iosep,Raddish,iraddishj1@guardian.co.uk,Sales,933-897-5616,Svyetlahorsk
1687,Kinnie,Cavil,kcavilj2@ox.ac.uk,Human Resources,327-332-9547,Krupanj
1688,Letty,McDunlevy,lmcdunlevyj3@gizmodo.com,Business Development,209-574-4390,Cholet
1689,Jud,Slinn,jslinnj4@statcounter.com,Accounting,376-761-6822,Las Lajas
1690,Bancroft,Schiementz,bschiementzj5@github.com,Services,304-739-3668,Tres Unidos
1691,Diannne,McHardy,dmchardyj6@patch.com,Product Management,966-446-6649,Apaga
1692,Vasili,Dullard,vdullardj7@thetimes.co.uk,Marketing,970-331-9811,Lammi
1693,Cullin,Readhead,creadheadj8@diigo.com,Services,314-260-0124,Ingenio La Esperanza
1694,Benjy,Amorine,bamorinej9@yellowbook.com,Business Development,567-471-3657,Jinggongqiao
1695,James,Avon,javonja@aol.com,Engineering,190-970-7136,Marseille
1696,Matthieu,Riach,mriachjb@techcrunch.com,Support,396-947-8525,Cimenga
1697,Archaimbaud,Rivard,arivardjc@cbsnews.com,Engineering,585-350-5544,Zahedan
1698,Sunshine,Castanho,scastanhojd@printfriendly.com,Sales,972-648-9002,Gramoteino
1699,Carlina,Westover,cwestoverje@google.it,Sales,665-449-5727,Jia’an
1700,Vittorio,Scole,vscolejf@bbc.co.uk,Research and Development,751-811-5089,Yangzi Jianglu
1701,Caprice,Maevela,cmaevelajg@dropbox.com,Human Resources,872-544-2412,Cilegi
1702,Des,Hemphrey,dhemphreyjh@reuters.com,Support,550-542-3910,Cartago
1703,Gwendolyn,Barrar,gbarrarji@webeden.co.uk,Accounting,926-233-1802,Shahumyan
1704,Rory,Penbarthy,rpenbarthyjj@senate.gov,Engineering,434-856-3112,Lazaro Cardenas
1705,Kristan,Ord,kordjk@businessweek.com,Research and Development,108-322-7689,Petawawa
1706,Nowell,Francom,nfrancomjl@simplemachines.org,Research and Development,659-949-4646,Sawin
1707,Emlynne,Rogeron,erogeronjm@digg.com,Legal,722-765-6487,Dana
1708,Wald,Winch,wwinchjn@cpanel.net,Accounting,339-308-2002,Yakutsk
1709,Bobby,Fosberry,bfosberryjo@quantcast.com,Human Resources,278-512-2060,Burgersdorp
1710,Jordon,Kleinholz,jkleinholzjp@engadget.com,Human Resources,118-343-8126,Bassa
1711,Kevon,Anfrey,kanfreyjq@freewebs.com,Sales,357-152-5821,Tayzhina
1712,Donelle,MacRierie,dmacrieriejr@weebly.com,Services,580-768-3865,Quinta
1713,Kinna,Mougenel,kmougeneljs@deliciousdays.com,Sales,129-990-5242,Радовиш
1714,Bernadene,Bausmann,bbausmannjt@amazon.co.jp,Support,605-743-9093,Sioux Falls
1715,Rachele,Kingstne,rkingstneju@dion.ne.jp,Accounting,172-646-5240,Tegalalang
1716,Lenette,Fidge,lfidgejv@dedecms.com,Marketing,798-765-5564,Rudong
1717,Tommie,Blackett,tblackettjw@ocn.ne.jp,Human Resources,846-760-1415,Bureng
1718,Laurel,Rennolds,lrennoldsjx@163.com,Marketing,157-486-0277,Ruoqiang
1719,Benito,Patrone,bpatronejy@w3.org,Services,229-866-3679,Lapaz
1720,Ivan,Longley,ilongleyjz@opensource.org,Human Resources,177-403-2061,Kadubincarung
1721,Edythe,Meadmore,emeadmorek0@google.cn,Business Development,737-760-6735,Chợ Mới
1722,Salaidh,Ridewood,sridewoodk1@123-reg.co.uk,Support,472-357-2598,Pianling
1723,Celene,Rosingdall,crosingdallk2@ehow.com,Sales,460-577-5954,Slavuta
1724,Cosette,Rosbottom,crosbottomk3@printfriendly.com,Product Management,533-202-4650,Bzou
1725,Farah,Vigrass,fvigrassk4@barnesandnoble.com,Engineering,380-196-4204,Peredovaya
1726,Laney,Papez,lpapezk5@de.vu,Engineering,839-343-7319,Ibaté
1727,Nedda,Ricciardello,nricciardellok6@businessinsider.com,Business Development,698-361-9792,Chiquinquirá
1728,Ulrica,Chicotti,uchicottik7@boston.com,Accounting,314-817-2123,Pātan
1729,Ezra,Maybery,emayberyk8@nymag.com,Sales,581-572-8658,Oeiras
1730,Melissa,Bischoff,mbischoffk9@booking.com,Services,732-324-7924,Balazar
1731,Sibeal,Kerrigan,skerriganka@google.ru,Support,584-680-7774,Sadowie
1732,Elnar,Daile,edailekb@comsenz.com,Marketing,807-970-2885,Pessac
1733,Bethina,Shervil,bshervilkc@barnesandnoble.com,Engineering,669-430-6138,Koch'ang
1734,Tomas,Paoloni,tpaolonikd@infoseek.co.jp,Legal,252-243-6170,Lekaj
1735,Allistir,Cookman,acookmanke@dell.com,Services,434-821-6507,Zürich
1736,Solly,Longbothom,slongbothomkf@a8.net,Research and Development,739-603-2527,Vänersborg
1737,Thorstein,Polgreen,tpolgreenkg@soup.io,Accounting,609-812-1606,Angono
1738,Hedi,Hughf,hhughfkh@joomla.org,Support,250-899-1780,Fujishiro
1739,Iver,Ravenhill,iravenhillki@taobao.com,Sales,538-531-5099,San Matías
1740,Klarrisa,Mallalieu,kmallalieukj@princeton.edu,Sales,129-477-1321,Wuxi
1741,Mort,Hallas,mhallaskk@bluehost.com,Business Development,922-189-4823,Bantar Tengah
1742,Kessia,Mattielli,kmattiellikl@un.org,Services,189-339-3779,Kota Bharu
1743,Kirsten,Haking,khakingkm@home.pl,Sales,494-831-2033,Kidal
1744,Randi,Offer,rofferkn@nyu.edu,Services,353-294-1378,Al Fūlah
1745,Rand,Ibert,ribertko@netvibes.com,Training,752-181-9920,Berlin
1746,Cris,Triplet,ctripletkp@cafepress.com,Marketing,494-413-5909,Palangan
1747,Adella,Batchelar,abatchelarkq@tumblr.com,Product Management,741-742-9435,Burgas
1748,Eadith,Knappen,eknappenkr@prlog.org,Engineering,681-432-8880,Valencia
1749,Lisbeth,Dunsleve,ldunsleveks@myspace.com,Training,991-235-7754,Qīrah
1750,Danita,Stonall,dstonallkt@spotify.com,Product Management,249-912-4135,Klang
1751,Neely,Peeters,npeetersku@google.fr,Accounting,615-830-2272,Nashville
1752,Tucker,Aitken,taitkenkv@twitter.com,Accounting,991-465-4352,Heping
1753,Lianne,Manuelli,lmanuellikw@about.me,Services,586-695-9160,Los Andes
1754,Nedi,Scinelli,nscinellikx@nifty.com,Accounting,239-607-6527,Mekkaw
1755,Caryn,Goodge,cgoodgeky@google.de,Services,451-494-7610,Plakhtiyivka
1756,Prentice,Pettipher,ppettipherkz@ustream.tv,Accounting,886-852-8223,Kuivaniemi
1757,Pam,Bordes,pbordesl0@nymag.com,Product Management,383-777-3784,Palencia
1758,Cherie,Handman,chandmanl1@thetimes.co.uk,Support,209-732-6794,Garden Grove
1759,Hamlen,Guthrie,hguthriel2@netvibes.com,Human Resources,193-603-8777,Vodnjan
1760,Nariko,Brickner,nbricknerl3@intel.com,Business Development,244-890-3678,Logroño
1761,Idelle,Munnings,imunningsl4@wikimedia.org,Product Management,999-856-6741,Sorongan
1762,Jen,Horsewood,jhorsewoodl5@blogs.com,Sales,494-835-0078,Znamenskoye
1763,Netty,Voak,nvoakl6@digg.com,Marketing,895-647-5802,Kapuan
1764,Ruben,Allen,rallenl7@mapquest.com,Engineering,544-486-7183,Dvorovi
1765,Mair,Garrelts,mgarreltsl8@gmpg.org,Support,931-369-2910,Ḩarīb
1766,Johan,Lean,jleanl9@artisteer.com,Sales,576-247-5987,Klatakan
1767,Lucien,Hollyar,lhollyarla@mediafire.com,Business Development,932-417-0983,Gulong
1768,Nester,Abramcik,nabramciklb@a8.net,Sales,240-753-0640,San Jose
1769,Andrus,Bilbery,abilberylc@facebook.com,Human Resources,547-137-7314,Kurumkan
1770,Johannah,Korneluk,jkornelukld@webs.com,Support,475-832-9245,Caçapava
1771,Candace,Greedier,cgreedierle@zdnet.com,Training,403-626-6387,Handa
1772,Flori,Stegers,fstegerslf@boston.com,Training,480-531-4889,Xinqiao
1773,Patton,Jurgensen,pjurgensenlg@biglobe.ne.jp,Sales,450-337-3756,Sepahua
1774,Shelia,Charlewood,scharlewoodlh@who.int,Marketing,653-680-9985,Invermere
1775,Margarette,Aslam,maslamli@ycombinator.com,Research and Development,846-385-2251,Niigata-shi
1776,Aubrette,Loines,aloineslj@myspace.com,Research and Development,977-766-1389,Lloqan
1777,Meyer,Pawson,mpawsonlk@google.co.jp,Human Resources,840-478-3503,Yuejin
1778,Philip,Duckhouse,pduckhousell@huffingtonpost.com,Training,504-744-6183,Lgota Wielka
1779,Nance,Allaker,nallakerlm@ted.com,Training,724-469-3677,Ucluelet
1780,Donalt,Lound,dloundln@freewebs.com,Product Management,937-541-2104,Daying
1781,Levey,Brunetti,lbrunettilo@fastcompany.com,Product Management,129-907-9516,Reggada
1782,Koral,MacCoughen,kmaccoughenlp@deviantart.com,Marketing,408-166-8664,Los Angeles
1783,Sherry,Welfare,swelfarelq@devhub.com,Training,801-828-2953,Putrajaya
1784,Catherina,Dillingham,cdillinghamlr@bloglovin.com,Sales,163-395-1970,Göteborg
1785,Freeman,Chirm,fchirmls@si.edu,Training,726-244-1505,Huanggang
1786,Ninnette,Wilkie,nwilkielt@ucla.edu,Services,378-204-5654,Cocachacra
1787,Romy,Warmington,rwarmingtonlu@chronoengine.com,Business Development,589-738-0033,Matola
1788,Rey,Pylkynyton,rpylkynytonlv@arizona.edu,Sales,719-208-4757,Vân Đình
1789,Inga,Maydwell,imaydwelllw@si.edu,Support,792-636-6461,Zlatoust
1790,Ward,Oddey,woddeylx@epa.gov,Business Development,960-210-9600,Lupak
1791,Louis,Farey,lfareyly@nih.gov,Engineering,845-877-7335,Glagahan
1792,Kippar,Coddington,kcoddingtonlz@weibo.com,Accounting,738-330-6816,Fusagasuga
1793,Harrie,Pietz,hpietzm0@cmu.edu,Business Development,185-344-3841,Sumberagung
1794,Natty,Darrington,ndarringtonm1@cyberchimps.com,Human Resources,196-736-9278,Curahpacul Satu
1795,Morley,Paal,mpaalm2@admin.ch,Business Development,585-141-5723,Yunxi
1796,Camellia,Hemeret,chemeretm3@purevolume.com,Support,687-150-3025,Prienai
1797,Marietta,Caven,mcavenm4@taobao.com,Training,657-113-7499,Yintang
1798,Matti,Pearton,mpeartonm5@ameblo.jp,Engineering,807-662-6798,Guayabetal
1799,Rivkah,Pidcock,rpidcockm6@japanpost.jp,Accounting,486-261-0999,Orillia
1800,Codi,Kopfer,ckopferm7@theatlantic.com,Accounting,322-450-7686,Irkutsk
1801,Angeli,Kingerby,akingerbym8@people.com.cn,Business Development,547-882-6982,Kotovo
1802,Morgen,Dumbreck,mdumbreckm9@amazon.de,Support,199-743-4031,Taytayan
1803,Halley,Keoghane,hkeoghanema@theatlantic.com,Product Management,805-202-8900,Strasbourg
1804,Gregg,Brookzie,gbrookziemb@blog.com,Support,688-168-1601,Tunguang
1805,Mason,Grandham,mgrandhammc@fema.gov,Marketing,986-238-2209,Zarichne
1806,Camella,Yushachkov,cyushachkovmd@amazon.co.uk,Engineering,889-112-2688,Veselynove
1807,Zolly,Kaindl,zkaindlme@dropbox.com,Marketing,357-153-5397,Piltown
1808,Ezechiel,Normant,enormantmf@paypal.com,Engineering,944-796-4328,Lityn
1809,Thelma,Gillooly,tgilloolymg@bandcamp.com,Training,518-662-4689,Zaqatala
1810,Pen,Fardy,pfardymh@wikimedia.org,Training,878-584-6389,Bang Lamung
1811,Ebeneser,Greensmith,egreensmithmi@de.vu,Engineering,942-225-5187,Porto de Mós
1812,Dean,Paulitschke,dpaulitschkemj@odnoklassniki.ru,Legal,592-442-3311,Aurora
1813,Tamar,Kiehl,tkiehlmk@chronoengine.com,Business Development,841-367-6654,Strasbourg
1814,Caralie,Brougham,cbroughamml@senate.gov,Sales,532-155-6602,Poja Nae
1815,Dillie,Byrne,dbyrnemm@umich.edu,Accounting,136-886-6570,Houzhai
1816,Felicity,Sallows,fsallowsmn@nymag.com,Support,141-341-8410,Sungaibengkal
1817,Fina,Wardington,fwardingtonmo@theglobeandmail.com,Support,501-421-9527,Danchang
1818,Horatius,Stredwick,hstredwickmp@apple.com,Legal,223-757-2512,Sūq Sibāḩ
1819,Robby,Linthead,rlintheadmq@a8.net,Legal,650-926-9113,Oakland
1820,Farrand,Colisbe,fcolisbemr@reddit.com,Human Resources,116-109-5532,Fuxing
1821,Jon,Ruger,jrugerms@pagesperso-orange.fr,Engineering,424-550-7443,Wangdian
1822,Wynnie,Arnault,warnaultmt@admin.ch,Research and Development,793-464-3973,Dal’nerechensk
1823,Janet,Godby,jgodbymu@fda.gov,Human Resources,609-767-5906,Ruo
1824,Devlen,Arndt,darndtmv@utexas.edu,Human Resources,632-835-6480,Xiaba
1825,Darcey,Bilfoot,dbilfootmw@psu.edu,Accounting,744-482-9638,Siteki
1826,Tania,Font,tfontmx@smh.com.au,Product Management,226-844-1094,Xibër-Murrizë
1827,Arley,Ladyman,aladymanmy@ehow.com,Support,992-259-9839,Ängelholm
1828,Hanson,Micah,hmicahmz@imageshack.us,Product Management,144-123-6455,Thap Khlo
1829,Denni,Gladeche,dgladechen0@devhub.com,Research and Development,875-150-8467,Samālūţ
1830,Theo,Meriott,tmeriottn1@parallels.com,Support,594-667-3093,Starigrad
1831,Inger,Maddin,imaddinn2@psu.edu,Sales,738-940-9167,Ranao
1832,Gail,Bougen,gbougenn3@tamu.edu,Sales,992-844-8248,Arroio do Meio
1833,Bernice,Buckenham,bbuckenhamn4@baidu.com,Engineering,937-261-3071,Dayton
1834,Priscella,Glasner,pglasnern5@vkontakte.ru,Accounting,490-420-0730,Sergio Osmeña Sr
1835,Boony,Zeplin,bzeplinn6@nytimes.com,Training,159-702-7591,Lamatuka
1836,Der,Keysel,dkeyseln7@nasa.gov,Support,281-615-9236,Bidbid
1837,Minnie,Stare,mstaren8@paginegialle.it,Product Management,715-294-0064,Seixal
1838,Tabbie,Seres,tseresn9@state.tx.us,Human Resources,967-713-2571,Katoúna
1839,Jayme,Scholtz,jscholtzna@discovery.com,Accounting,758-314-2418,Lagunillas
1840,Cilka,Joost,cjoostnb@icio.us,Product Management,180-733-8166,Faranah
1841,Lisha,Blant,lblantnc@addthis.com,Product Management,452-437-3565,Romans-sur-Isère
1842,Durant,Guitonneau,dguitonneaund@livejournal.com,Research and Development,621-705-9631,Lusacan
1843,Dione,Walaron,dwalaronne@amazonaws.com,Legal,319-175-5476,Cedar Rapids
1844,Almira,Covelle,acovellenf@sakura.ne.jp,Support,127-222-1437,Filabusi
1845,Nanete,Pawelek,npawelekng@addthis.com,Services,382-833-0984,Orléans
1846,Lonny,Amorine,lamorinenh@ning.com,Engineering,501-165-6527,Jiangzao
1847,Myles,Pratte,mpratteni@redcross.org,Accounting,917-360-6475,Albina
1848,Marilyn,Loughney,mloughneynj@theglobeandmail.com,Research and Development,933-522-7423,Manique de Baixo
1849,Jemimah,Devine,jdevinenk@icq.com,Business Development,494-138-6065,Jiangpan
1850,Michael,Fadian,mfadiannl@acquirethisname.com,Services,625-600-3351,Messina
1851,Brietta,Peyro,bpeyronm@examiner.com,Legal,930-110-5096,Ohafia-Ifigh
1852,Nita,Adshad,nadshadnn@boston.com,Sales,785-680-9449,Vihti
1853,Tiebout,Calvard,tcalvardno@squarespace.com,Human Resources,677-738-5280,Takatsuki
1854,Tersina,Blakeslee,tblakesleenp@jugem.jp,Services,417-154-4811,Niepos
1855,Peggie,Postance,ppostancenq@google.com.au,Human Resources,866-303-0763,Iogach
1856,Heidie,Wooles,hwoolesnr@sphinn.com,Business Development,140-531-3174,Bato
1857,Dix,Crickett,dcrickettns@house.gov,Product Management,822-109-1598,Pirg
1858,Don,Sevier,dseviernt@nasa.gov,Product Management,200-225-7683,Pedro Carbo
1859,Dahlia,Freear,dfreearnu@1und1.de,Business Development,187-816-2108,Zaqatala
1860,Gisella,Wheatman,gwheatmannv@blogs.com,Sales,764-971-5440,Twante
1861,Gibb,Charon,gcharonnw@cyberchimps.com,Sales,406-671-1921,Vännäs
1862,Zarah,Anfusso,zanfussonx@sina.com.cn,Services,819-517-3860,Labinot-Mal
1863,Rochester,Lumbley,rlumbleyny@surveymonkey.com,Product Management,598-512-1613,Vesoul
1864,Marlane,Roston,mrostonnz@github.com,Research and Development,973-217-6564,Dongxiao
1865,Dacy,Binyon,dbinyono0@list-manage.com,Accounting,874-289-9437,Bagé
1866,Amara,Ferschke,aferschkeo1@time.com,Product Management,858-663-6788,Qulaybīyah
1867,Ferne,Stollenwerck,fstollenwercko2@amazon.co.jp,Training,453-596-6933,Shumyachi
1868,Gilemette,Roubottom,groubottomo3@abc.net.au,Engineering,115-903-4483,Beiwa
1869,Thadeus,Longthorn,tlongthorno4@biglobe.ne.jp,Accounting,908-448-0058,Penghu
1870,Wang,Lamburn,wlamburno5@amazon.com,Business Development,232-625-5609,Jinhu
1871,Margarette,Conisbee,mconisbeeo6@godaddy.com,Product Management,276-659-9918,Dajie
1872,Ransom,Pankethman,rpankethmano7@lycos.com,Training,996-707-3217,Sanana
1873,Edwina,Teresse,eteresseo8@facebook.com,Human Resources,364-565-3913,Santa Rosa
1874,Asa,Djurevic,adjurevico9@utexas.edu,Legal,128-774-0331,Sundbyberg
1875,Pat,Rabbet,prabbetoa@so-net.ne.jp,Research and Development,104-637-5588,Milanówek
1876,Fremont,Cranfield,fcranfieldob@chron.com,Marketing,711-537-5864,Lokavec
1877,Ole,Yeardsley,oyeardsleyoc@chron.com,Business Development,837-258-7057,Neochórion
1878,Cary,Lathey,clatheyod@house.gov,Services,393-728-8319,Kybartai
1879,Carita,Rupel,crupeloe@nhs.uk,Accounting,496-565-5736,Sungailiat
1880,Kattie,Lawey,klaweyof@ucoz.ru,Services,933-167-6087,Liukou
1881,Bobbette,Gummory,bgummoryog@apple.com,Support,963-817-7522,Salantai
1882,Karina,Mathwin,kmathwinoh@merriam-webster.com,Support,176-305-5224,Emalgolin Mongolzuxiang
1883,Flin,Lebang,flebangoi@yelp.com,Human Resources,622-881-2380,Torres Novas
1884,Carolann,Itzkov,citzkovoj@omniture.com,Sales,497-954-3271,San José El Ídolo
1885,Carlin,Botcherby,cbotcherbyok@mail.ru,Product Management,417-515-3310,Esfarāyen
1886,Tracie,Bigadike,tbigadikeol@ft.com,Sales,661-678-3792,Varnávas
1887,Sanders,Sinkinson,ssinkinsonom@mac.com,Legal,680-451-7953,Kuningan
1888,Camey,Stave,cstaveon@blog.com,Accounting,297-238-3207,Xarag
1889,Bel,Tenney,btenneyoo@prnewswire.com,Research and Development,495-766-0945,Masaraway
1890,Sheelah,Knagges,sknaggesop@newsvine.com,Human Resources,493-654-3532,Kivijärvi
1891,Gay,Heinsen,gheinsenoq@xing.com,Training,551-731-3595,Rokytne
1892,Chucho,Sizzey,csizzeyor@quantcast.com,Research and Development,467-938-7449,Dongdai
1893,Winn,Gateshill,wgateshillos@businessweek.com,Engineering,407-392-1698,Černá Hora
1894,Sabra,Crowdy,scrowdyot@usda.gov,Legal,555-322-1414,Gucun
1895,June,Chessell,jchessellou@lycos.com,Accounting,671-835-6613,Jagabaya Dua
1896,Mildred,Terris,mterrisov@nps.gov,Legal,793-400-8225,Kunsan
1897,Bob,Niemetz,bniemetzow@irs.gov,Product Management,135-832-6216,Angers
1898,Beryle,Reed,breedox@clickbank.net,Legal,232-928-4740,Chayuan
1899,Marilee,Phethean,mphetheanoy@ibm.com,Services,371-853-5376,Budva
1900,Mina,Blackhurst,mblackhurstoz@telegraph.co.uk,Engineering,194-407-6431,Mudon
1901,Hillary,Durant,hdurantp0@is.gd,Research and Development,940-344-5750,Södra Sandby
1902,Kerwin,Bromehead,kbromeheadp1@dyndns.org,Research and Development,798-675-6480,Orsay
1903,Lonna,Carnock,lcarnockp2@sakura.ne.jp,Services,575-585-2264,Kiamba
1904,Somerset,Chase,schasep3@buzzfeed.com,Services,730-870-3123,Kingsey Falls
1905,Branden,Ruddiforth,bruddiforthp4@uol.com.br,Support,452-463-5291,Avellaneda
1906,Phillis,Garaghan,pgaraghanp5@epa.gov,Accounting,556-312-6642,Mingguang
1907,Janey,Kirke,jkirkep6@wikia.com,Product Management,399-674-4057,Bolnisi
1908,Elvyn,Cluely,ecluelyp7@bloglines.com,Legal,770-337-8080,Shangcheng Chengguanzhen
1909,Gustave,Cockerell,gcockerellp8@godaddy.com,Services,806-112-0797,Labin
1910,Eyde,Trevear,etrevearp9@free.fr,Marketing,311-544-2374,Hejiaping
1911,Leonidas,Hallihane,lhallihanepa@webeden.co.uk,Training,558-887-2532,Mahajanga
1912,Jerrine,Kempshall,jkempshallpb@sitemeter.com,Support,670-450-0882,Shahrak-e Bākharz
1913,Jimmie,Whisker,jwhiskerpc@china.com.cn,Engineering,390-436-4788,El Cubolero
1914,Joete,Gillett,jgillettpd@narod.ru,Engineering,303-650-7926,Targanice
1915,Julienne,Canario,jcanariope@cbc.ca,Human Resources,380-218-1726,Hwaseong-si
1916,Karee,Beagles,kbeaglespf@twitpic.com,Human Resources,965-820-1627,Jiyang
1917,Derick,Bosenworth,dbosenworthpg@engadget.com,Accounting,345-106-8482,‘Ibwayn
1918,Judye,Hildred,jhildredph@amazon.de,Business Development,269-826-6850,Bankeryd
1919,Lay,Bickardike,lbickardikepi@ovh.net,Marketing,347-808-8939,Kirove
1920,Fawnia,Ruppel,fruppelpj@devhub.com,Human Resources,753-776-3235,Karney Shomron
1921,Ganny,Jesson,gjessonpk@exblog.jp,Product Management,474-359-8880,Jiuting
1922,Shayla,Brisbane,sbrisbanepl@webnode.com,Research and Development,876-212-1776,Dazhipo
1923,Flor,Pumfrey,fpumfreypm@dyndns.org,Human Resources,841-614-5695,Rakitovo
1924,Simone,Mackney,smackneypn@homestead.com,Support,560-830-2147,Galle
1925,Elmore,McDell,emcdellpo@hatena.ne.jp,Engineering,112-665-0142,Trat
1926,Adorne,Musprat,amuspratpp@fc2.com,Product Management,723-179-8320,Zhongzhai
1927,Richie,Spencers,rspencerspq@etsy.com,Human Resources,115-463-7780,Paclolo
1928,Thia,Harbinson,tharbinsonpr@linkedin.com,Accounting,481-702-8856,Znojmo
1929,Corrie,O' Mahony,comahonyps@wp.com,Product Management,589-220-5346,Cestas
1930,Sharlene,Labeuil,slabeuilpt@ifeng.com,Services,491-369-4775,Langkaplancar
1931,Ellswerth,Colquete,ecolquetepu@ihg.com,Human Resources,880-591-2089,Pancan
1932,Lesli,Neasam,lneasampv@blogger.com,Human Resources,885-433-6344,Antas
1933,Addy,Goede,agoedepw@epa.gov,Human Resources,920-600-2941,Capitán Sarmiento
1934,Rhodia,Habble,rhabblepx@moonfruit.com,Business Development,640-640-3863,Lunao
1935,Cammy,Basili,cbasilipy@usnews.com,Product Management,328-354-0746,Sōka
1936,Karel,Fearn,kfearnpz@vimeo.com,Accounting,147-854-9452,Zhangjiawan
1937,Cathlene,Redholes,credholesq0@google.pl,Support,109-332-6855,Padej
1938,Aurore,Pollastrone,apollastroneq1@xinhuanet.com,Accounting,732-913-5882,Pomacanchi
1939,Orland,Milier,omilierq2@china.com.cn,Services,308-781-5572,Al Ḩajar al Aswad
1940,Troy,Fairbairn,tfairbairnq3@sciencedirect.com,Sales,382-885-2970,Dongyuan
1941,Percy,Quick,pquickq4@netscape.com,Accounting,355-916-4536,Zhaojia
1942,Marianne,Lemary,mlemaryq5@eepurl.com,Sales,556-538-9757,Xunhe
1943,Terrel,de Courcy,tdecourcyq6@bravesites.com,Sales,333-135-7443,Rizhao
1944,Evita,Schindler,eschindlerq7@tinypic.com,Engineering,823-478-4601,Mata-Utu
1945,Cristiano,Harston,charstonq8@quantcast.com,Product Management,208-428-4858,Qingshui
1946,Gerty,Rogge,groggeq9@si.edu,Human Resources,363-128-5717,Krasnogorodskoye
1947,Vivianna,Batcheldor,vbatcheldorqa@lulu.com,Sales,699-337-9576,Cheremnoye
1948,Darlleen,Melson,dmelsonqb@techcrunch.com,Services,526-547-8813,Nanjing
1949,Ami,Vaughton,avaughtonqc@unesco.org,Business Development,695-906-7786,Watergrasshill
1950,Martha,Daltry,mdaltryqd@youku.com,Accounting,147-140-8448,Longtian
1951,Jania,Rookesby,jrookesbyqe@amazon.com,Human Resources,339-779-0789,Qagan Obo
1952,Kellyann,Donnan,kdonnanqf@xing.com,Sales,333-761-4929,Tselinnoye
1953,Stephana,Challin,schallinqg@hugedomains.com,Support,550-610-9214,Caraguatatuba
1954,Flemming,Draxford,fdraxfordqh@quantcast.com,Training,672-133-4848,Barnaul
1955,Kayle,Izakson,kizaksonqi@earthlink.net,Accounting,176-352-7859,Bajia
1956,Ari,Nisuis,anisuisqj@weather.com,Sales,568-914-7720,Rozivka
1957,Trenton,Kienle,tkienleqk@goo.ne.jp,Business Development,719-855-0448,Colorado Springs
1958,Rycca,Thwaite,rthwaiteql@deviantart.com,Business Development,623-965-7574,Engenho
1959,Teresa,Broszkiewicz,tbroszkiewiczqm@bloglovin.com,Marketing,278-440-6553,Lyon
1960,Kalle,Start,kstartqn@reference.com,Legal,467-400-8783,Wangzha
1961,Lothario,Goodswen,lgoodswenqo@yale.edu,Human Resources,682-789-7952,Saue
1962,Hazel,Earlam,hearlamqp@wix.com,Engineering,453-439-4615,Suhong
1963,Waylan,Mallen,wmallenqq@wunderground.com,Business Development,458-489-6202,Jiahu
1964,Peadar,Gerald,pgeraldqr@xrea.com,Research and Development,670-940-1108,Stenungsund
1965,Lars,McLese,lmcleseqs@behance.net,Services,156-215-0166,Beisijiazi
1966,Base,Vauter,bvauterqt@ycombinator.com,Research and Development,390-886-2040,Tambulatana
1967,Trixy,Flewett,tflewettqu@blogspot.com,Accounting,180-537-5184,Xinqiao
1968,Wilmar,Stalman,wstalmanqv@sakura.ne.jp,Training,494-119-6307,Al Fashn
1969,Lainey,Bettinson,lbettinsonqw@comsenz.com,Human Resources,224-162-9446,Shagang
1970,Charlotte,Dosdell,cdosdellqx@howstuffworks.com,Support,770-529-6547,Davyd-Haradok
1971,Giovanna,Ridder,gridderqy@google.co.jp,Business Development,532-541-7942,Banhā
1972,Sherrie,Luckhurst,sluckhurstqz@creativecommons.org,Services,905-841-2352,Vrdy
1973,Alexei,Drohane,adrohaner0@sciencedirect.com,Product Management,867-779-8684,Pirané
1974,Devon,Kadd,dkaddr1@flavors.me,Sales,226-196-2435,Banqiao
1975,Gareth,Westmarland,gwestmarlandr2@plala.or.jp,Support,324-628-8287,Itaí
1976,Quinn,De-Ville,qdeviller3@theglobeandmail.com,Services,441-216-0316,Agalteca
1977,Audrey,Dewerson,adewersonr4@xinhuanet.com,Services,119-797-4782,Sayaxché
1978,Catlaina,Errey,cerreyr5@hexun.com,Sales,266-742-7963,Palmas
1979,Emanuele,Caulliere,ecaullierer6@upenn.edu,Human Resources,446-986-4744,Pagelaran
1980,Marja,Diggins,mdigginsr7@woothemes.com,Marketing,511-874-4180,Cankova
1981,Dara,Pepon,dpeponr8@google.co.uk,Product Management,480-585-2821,Casal da Anja
1982,Cally,Paggitt,cpaggittr9@1688.com,Human Resources,881-193-0274,Bualu
1983,Gusti,Etheredge,getheredgera@engadget.com,Human Resources,539-369-0663,H̱olon
1984,Amos,Gulleford,agullefordrb@gmpg.org,Product Management,434-374-4731,Ramos
1985,Julienne,Paulino,jpaulinorc@si.edu,Research and Development,245-359-6183,Ngori
1986,Lucio,Cushe,lcusherd@imageshack.us,Training,832-245-0677,Lille
1987,Allix,Abramamovh,aabramamovhre@reference.com,Support,954-323-9626,Srubec
1988,Tillie,Sheehan,tsheehanrf@apache.org,Accounting,397-812-1037,Rtishchevo
1989,Bud,Alenov,balenovrg@over-blog.com,Legal,639-710-7587,Olszyna
1990,Shane,Domaschke,sdomaschkerh@theguardian.com,Human Resources,766-820-9541,Bayan Bulag
1991,Rowan,Yurasov,ryurasovri@360.cn,Sales,456-689-2869,Khuzhir
1992,Nissy,Cragoe,ncragoerj@mail.ru,Business Development,831-750-7735,Mîndreşti
1993,Terrill,Bushaway,tbushawayrk@livejournal.com,Human Resources,598-832-7393,Mochishche
1994,Mireille,Guinery,mguineryrl@usda.gov,Legal,756-613-4478,Norton
1995,Desmond,Chaloner,dchalonerrm@va.gov,Sales,810-215-1833,Saint Andrews
1996,Alejandra,Shurrocks,ashurrocksrn@t.co,Training,692-764-0459,Ha
1997,Bronny,Gair,bgairro@ca.gov,Marketing,340-774-4583,Banjar Bali
1998,Elenore,Grimme,egrimmerp@goodreads.com,Business Development,609-602-2437,Castilla
1999,Gayelord,Issett,gissettrq@bravesites.com,Legal,464-590-5202,Espinosa
2000,Kaleb,Biasioni,kbiasionirr@mac.com,Sales,561-374-6820,Médanos
