id,first_name,last_name,email,department,phone_number,city
2001,Leora,Wakeford,lwakeford0@symantec.com,Marketing,124-125-9538,Figueira Castelo Rodrigo
2002,Norton,Spacie,nspacie1@csmonitor.com,Business Development,189-117-4100,Kemuning
2003,Josselyn,Dagon,jdagon2@toplist.cz,Marketing,183-723-0694,Shibīn al Qanāţir
2004,Ludovika,Carlisle,lcarlisle3@harvard.edu,Product Management,585-756-4165,Tilburg
2005,Elihu,Sweeney,esweeney4@slashdot.org,Training,317-395-4633,Romblon
2006,Eveleen,Pancost,epancost5@nydailynews.com,Sales,481-490-3291,Si’en
2007,Winslow,Prynne,wprynne6@ebay.com,Support,911-564-8052,José de Freitas
2008,Bonni,Stockall,bstockall7@elegantthemes.com,Engineering,581-882-8466,Kobarid
2009,Theobald,Schettini,tschettini8@wufoo.com,Legal,214-753-6724,Dallas
2010,Loy,Zuan,lzuan9@vinaora.com,Sales,112-805-4995,Situbondo
2011,Tabby,Chalke,tchalkea@indiegogo.com,Business Development,486-925-9312,Libu
2012,Garner,Grieve,ggrieveb@4shared.com,Engineering,859-484-0460,Tapilon
2013,Sari,McGorley,smcgorleyc@google.de,Business Development,897-772-4369,Älmhult
2014,Gamaliel,Sparkes,gsparkesd@apache.org,Legal,323-237-8322,Ifanadiana
2015,Agatha,Kybird,akybirde@bloglovin.com,Training,132-742-0987,Maluko
2016,Mayor,Florio,mfloriof@freewebs.com,Accounting,679-343-0429,Acolla
2017,Sigfrid,Rosario,srosariog@goodreads.com,Research and Development,246-503-3518,Ruda-Huta
2018,Barn,Bartoszinski,bbartoszinskih@etsy.com,Sales,602-597-5254,Askainen
2019,Gelya,Flaverty,gflavertyi@homestead.com,Product Management,928-261-8636,Puqi
2020,Betti,Rottgers,brottgersj@wikispaces.com,Marketing,735-813-6017,Bang Saphan
2021,Giacinta,Bakhrushkin,gbakhrushkink@macromedia.com,Research and Development,999-464-0911,Barra de São Francisco
2022,Cullie,Crehan,ccrehanl@guardian.co.uk,Human Resources,467-613-4384,Zhongshu
2023,Hyacinthe,Twinbrow,htwinbrowm@state.gov,Accounting,847-364-5714,Srokowo
2024,Montague,Trigwell,mtrigwelln@artisteer.com,Accounting,477-323-4351,Jiangkou
2025,Athene,Rickaby,arickabyo@auda.org.au,Support,606-163-1499,Ziębice
2026,Salomon,Fernandes,sfernandesp@washington.edu,Marketing,817-664-0988,Fort Worth
2027,Gertrude,Snedker,gsnedkerq@hugedomains.com,Accounting,816-369-4107,Yedun
2028,Trent,Aggott,taggottr@wikipedia.org,Sales,919-762-8410,Durham
2029,Gae,Whife,gwhifes@typepad.com,Training,763-133-3477,Maple Plain
2030,Alla,Staggs,astaggst@baidu.com,Research and Development,341-688-5219,Wonodadi
2031,Carmelina,Runciman,cruncimanu@deliciousdays.com,Research and Development,130-936-6505,Banisilan
2032,Bethanne,Kemwal,bkemwalv@nasa.gov,Support,847-212-8636,Lian’an
2033,Glenn,Hornbuckle,ghornbucklew@nih.gov,Product Management,328-115-0319,Gornji Grad
2034,Aldis,Garrettson,agarrettsonx@cmu.edu,Business Development,867-312-6311,Xinfeng
2035,Frazier,Crop,fcropy@pinterest.com,Legal,450-256-3602,Taibai
2036,Boote,De Hailes,bdehailesz@sciencedirect.com,Sales,681-944-0103,Kebonan
2037,Stace,Midner,smidner10@ucoz.com,Human Resources,843-197-4937,Canutama
2038,Joellyn,Gatcliff,jgatcliff11@wiley.com,Product Management,197-389-5231,Ananea
2039,Cecil,Klemenz,cklemenz12@surveymonkey.com,Accounting,708-847-5402,Uubulan
2040,Marysa,Prattington,mprattington13@addthis.com,Product Management,226-548-7409,Bama
2041,Perrine,Heibl,pheibl14@zdnet.com,Training,660-278-5279,Gromadka
2042,Liana,Outhwaite,louthwaite15@tmall.com,Services,833-739-2079,Jingyang
2043,Lucas,Southworth,lsouthworth16@shop-pro.jp,Research and Development,986-893-2813,Połajewo
2044,Tremayne,Towersey,ttowersey17@mac.com,Engineering,885-427-5745,Ivano-Frankove
2045,Rand,Ivanonko,rivanonko18@cdc.gov,Business Development,397-784-6479,Bureya
2046,Moise,Copner,mcopner19@noaa.gov,Business Development,486-905-5947,Karobokan
2047,Gil,Garmston,ggarmston1a@salon.com,Research and Development,113-820-4078,Gedangan
2048,Heindrick,Matteuzzi,hmatteuzzi1b@plala.or.jp,Marketing,464-647-6357,Indramayu
2049,Karmen,McCarry,kmccarry1c@salon.com,Product Management,519-796-2690,Talon
2050,Halie,Cockroft,hcockroft1d@miibeian.gov.cn,Training,719-181-2683,Quintã
2051,Sharline,Warrender,swarrender1e@digg.com,Marketing,490-507-2870,Ulricehamn
2052,Corabel,Poulden,cpoulden1f@nbcnews.com,Training,693-609-4354,Sandao
2053,Konstantine,Richardes,krichardes1g@oaic.gov.au,Research and Development,876-811-0732,Menglie
2054,Ewen,Melding,emelding1h@toplist.cz,Legal,299-946-1317,Budapest
2055,Genny,Pocke,gpocke1i@indiegogo.com,Training,304-590-6156,Charleston
2056,Dalt,Stevings,dstevings1j@japanpost.jp,Product Management,288-673-6005,Paitan
2057,Britni,Cokely,bcokely1k@uiuc.edu,Marketing,805-962-0346,Kocēni
2058,Christa,Stronough,cstronough1l@yahoo.com,Training,576-106-9749,Hal’shany
2059,Marlane,Di Nisco,mdinisco1m@buzzfeed.com,Support,352-152-3856,Tanagara
2060,Debora,Joscelin,djoscelin1n@slate.com,Support,272-306-0204,Las Toscas
2061,Bernhard,Boothroyd,bboothroyd1o@columbia.edu,Human Resources,219-455-7282,Tanabe
2062,Cher,Lacer,clacer1p@bloglovin.com,Services,255-268-4484,Gotse Delchev
2063,Bernette,Brisse,bbrisse1q@is.gd,Research and Development,983-202-7638,Isesaki
2064,Corby,Hardacre,chardacre1r@csmonitor.com,Engineering,792-381-2921,Grijó
2065,Meier,Pattillo,mpattillo1s@gmpg.org,Human Resources,433-383-7064,Siqiao
2066,Colline,McEneny,cmceneny1t@reuters.com,Training,530-606-2440,Nizhniye Achaluki
2067,Emilia,Buzek,ebuzek1u@ovh.net,Human Resources,823-795-2187,Hudai
2068,Denice,Shergill,dshergill1v@earthlink.net,Accounting,722-927-7862,Chaykovskaya
2069,Boote,McEachern,bmceachern1w@guardian.co.uk,Sales,976-557-2703,Iwata
2070,Boris,MacVagh,bmacvagh1x@google.it,Human Resources,378-342-1187,Assiniboia
2071,Marshall,Mobberley,mmobberley1y@deviantart.com,Human Resources,608-421-0489,Kawakawa
2072,Thatcher,Lassells,tlassells1z@unblog.fr,Engineering,568-690-7906,Lewopao
2073,Lorry,Greenwood,lgreenwood20@homestead.com,Research and Development,870-944-7485,Boulaide
2074,Thomasine,Fermer,tfermer21@google.co.jp,Support,141-682-0679,La Eduvigis
2075,Rudy,Shackleton,rshackleton22@goo.gl,Product Management,695-213-5344,Buenavista
2076,Cara,Hayton,chayton23@constantcontact.com,Training,724-469-3011,Alfeizerão
2077,Siobhan,Abendroth,sabendroth24@deviantart.com,Product Management,424-740-5569,Dusit
2078,Kimmi,Philpotts,kphilpotts25@ucoz.ru,Services,469-833-7376,Banepa
2079,Ogden,Hele,ohele26@time.com,Product Management,180-484-5489,Nasīrābād
2080,Renault,Faldoe,rfaldoe27@t.co,Support,799-350-9453,Damiao
2081,Vilhelmina,Enrigo,venrigo28@unc.edu,Research and Development,820-335-9919,Psachná
2082,Allsun,Maciaszek,amaciaszek29@narod.ru,Support,365-192-8744,Setun’
2083,Odelle,Purkis,opurkis2a@zimbio.com,Services,417-215-3206,Bužim
2084,Mercy,Adamski,madamski2b@posterous.com,Engineering,129-268-5547,Bojano
2085,Tremaine,Gollard,tgollard2c@list-manage.com,Marketing,662-602-0537,Huatajata
2086,Linnie,Dunsmuir,ldunsmuir2d@msn.com,Engineering,188-772-7078,Kota Ternate
2087,Munmro,Clemerson,mclemerson2e@census.gov,Sales,839-300-1331,Monino
2088,Brande,Gingel,bgingel2f@yale.edu,Human Resources,140-734-9296,Culacling
2089,Renelle,Shawyers,rshawyers2g@cbsnews.com,Training,212-937-2283,Sukamulya
2090,Carilyn,Tuckley,ctuckley2h@intel.com,Legal,525-503-8485,Uherské Hradiště
2091,Demetra,Heers,dheers2i@army.mil,Research and Development,849-967-1183,Hobart
2092,Oralia,Hansod,ohansod2j@yale.edu,Human Resources,227-596-3296,Bernal
2093,Scot,Legges,slegges2k@yellowpages.com,Business Development,550-845-7336,Poshnje
2094,Barnabas,Grigorey,bgrigorey2l@alexa.com,Engineering,259-297-0239,Dazu
2095,Derrek,Kobierra,dkobierra2m@soundcloud.com,Sales,651-623-7794,Timaru
2096,Austina,Leglise,aleglise2n@cam.ac.uk,Training,667-717-2801,Hāla
2097,Susana,Dowtry,sdowtry2o@exblog.jp,Human Resources,971-265-0440,Dobri Dol
2098,Lucius,Handes,lhandes2p@nsw.gov.au,Engineering,934-610-9925,Venâncio Aires
2099,Abey,Sproul,asproul2q@spiegel.de,Training,346-871-8183,Chociwel
2100,Raimondo,Tomaszewicz,rtomaszewicz2r@printfriendly.com,Product Management,271-996-2425,Cibolang
2101,Hedi,Maginn,hmaginn2s@unc.edu,Services,422-615-4812,Timezgadiouine
2102,Madelina,Kleinhausen,mkleinhausen2t@examiner.com,Accounting,591-431-3137,Kliwon Cibingbin
2103,Palm,Mandrier,pmandrier2u@spiegel.de,Human Resources,397-683-9434,Houping
2104,Hendrik,Paty,hpaty2v@last.fm,Accounting,842-330-2955,Szeged
2105,Eadith,Grice,egrice2w@mozilla.org,Legal,883-407-0085,Aizhai
2106,Steve,Hember,shember2x@stumbleupon.com,Accounting,427-855-9364,Muhos
2107,Meghann,Glasgow,mglasgow2y@hexun.com,Support,483-390-5198,Pontal
2108,Cindee,Reuss,creuss2z@live.com,Product Management,835-114-2125,Cikondang
2109,Dane,Lis,dlis30@friendfeed.com,Research and Development,111-226-3189,Boco
2110,Karyl,Burley,kburley31@flickr.com,Business Development,482-776-9335,Havana
2111,Justina,Petrozzi,jpetrozzi32@bluehost.com,Research and Development,352-452-3545,Qufu
2112,Ardine,Wolfenden,awolfenden33@elegantthemes.com,Support,638-427-2528,Hongshanzui
2113,Karine,Willgoose,kwillgoose34@kickstarter.com,Legal,919-861-4757,Las Flores
2114,Nicky,Insull,ninsull35@omniture.com,Legal,166-680-2985,Oslo
2115,Lian,Rudkin,lrudkin36@springer.com,Training,376-406-4816,Al Jumūm
2116,Codi,Poutress,cpoutress37@opensource.org,Accounting,276-108-8712,Valença
2117,Noelle,Eakeley,neakeley38@skyrock.com,Services,624-873-3092,Pilar
2118,Bernette,Oylett,boylett39@independent.co.uk,Services,514-484-4707,Heishan
2119,Lissa,Derell,lderell3a@comsenz.com,Marketing,991-866-5617,Shucheng Chengguanzhen
2120,Geneva,Sample,gsample3b@freewebs.com,Services,757-389-2588,Wujing
2121,Papageno,Abrey,pabrey3c@blogger.com,Training,739-276-3281,Shāhzādpur
2122,Jacques,Gwinnell,jgwinnell3d@wikia.com,Product Management,799-330-1236,Paseh
2123,Nancey,Flew,nflew3e@businesswire.com,Support,122-375-1266,Cibetung Dua
2124,Benetta,Berryann,bberryann3f@homestead.com,Product Management,371-320-5224,Pamungguan
2125,Nowell,Stagg,nstagg3g@mapy.cz,Sales,470-346-6245,Kalianda
2126,Chen,Rhyme,crhyme3h@woothemes.com,Research and Development,718-705-5530,Varberg
2127,Caren,Jachtym,cjachtym3i@home.pl,Marketing,413-665-8917,Tangchijie
2128,Judd,Letherbury,jletherbury3j@youtu.be,Product Management,381-929-5027,Karlskoga
2129,Roseline,Drejer,rdrejer3k@wiley.com,Marketing,506-493-9079,Chengbei
2130,Sid,Casier,scasier3l@salon.com,Research and Development,781-718-1160,Klimavichy
2131,Pennie,Sheward,psheward3m@alibaba.com,Services,701-498-8068,Tayzhina
2132,Ramon,Lalor,rlalor3n@smugmug.com,Business Development,501-962-1870,Banjar Bali
2133,Rosemaria,Espino,respino3o@elpais.com,Product Management,826-377-4271,Chengtang
2134,Rab,Cosgrave,rcosgrave3p@moonfruit.com,Research and Development,687-262-4085,Lefkímmi
2135,Redford,Grierson,rgrierson3q@sakura.ne.jp,Engineering,487-528-6821,Rongkou
2136,Marquita,Emlyn,memlyn3r@java.com,Services,474-433-4238,Masoyila
2137,Gardner,Janouch,gjanouch3s@squidoo.com,Accounting,971-953-9915,Limboto
2138,Otes,Nutbeam,onutbeam3t@yellowbook.com,Training,707-508-6110,Youzha
2139,Tarra,Febvre,tfebvre3u@dot.gov,Business Development,454-784-5663,Queluz
2140,Merridie,Greenstead,mgreenstead3v@washington.edu,Training,302-622-5766,Yelizovo
2141,Donny,Skittle,dskittle3w@nytimes.com,Engineering,157-787-7800,Wonorejo
2142,Evered,Paddeley,epaddeley3x@bloglovin.com,Marketing,310-927-4509,Qingfa
2143,Merv,Syder,msyder3y@cdc.gov,Accounting,274-970-9825,Oetuke
2144,Mavra,Pickard,mpickard3z@washingtonpost.com,Research and Development,986-893-2935,Yelizavetino
2145,Issi,Pipkin,ipipkin40@naver.com,Product Management,253-553-3206,Sidamulya Satu
2146,Elsey,Inglesent,einglesent41@latimes.com,Support,166-938-5357,Cilaja
2147,Baudoin,Saladin,bsaladin42@webmd.com,Research and Development,959-310-2308,Hualingang
2148,Urbain,Upward,uupward43@blinklist.com,Engineering,772-616-9202,Khulo
2149,Mattias,Turneaux,mturneaux44@google.ru,Legal,321-604-7761,Turgun
2150,Wyatan,Wade,wwade45@skype.com,Research and Development,895-497-6585,Ryglice
2151,Bartolemo,Tropman,btropman46@about.com,Product Management,505-813-6861,Ruokolahti
2152,Rudolfo,De Pietri,rdepietri47@msu.edu,Human Resources,235-984-6405,Sananduva
2153,Patten,Chooter,pchooter48@mashable.com,Support,402-847-3567,Ryazanskiy
2154,Bret,Penman,bpenman49@about.com,Sales,245-389-1540,Ccatca
2155,Harmonie,Hammill,hhammill4a@g.co,Marketing,422-922-5453,Brody
2156,Duncan,Huikerby,dhuikerby4b@canalblog.com,Marketing,916-849-1908,Huanggang
2157,Elora,Seccombe,eseccombe4c@discuz.net,Product Management,412-998-6899,Rowokangkung
2158,Anabella,Notton,anotton4d@soundcloud.com,Product Management,714-904-0746,Dornava
2159,Shelton,Mailes,smailes4e@home.pl,Support,207-666-5712,Shamakhi
2160,Jamesy,Martini,jmartini4f@berkeley.edu,Support,410-729-4636,La Purisima
2161,Jerrold,Rustman,jrustman4g@tripadvisor.com,Sales,352-800-0961,La Uvita
2162,Ailbert,Oldroyd,aoldroyd4h@phoca.cz,Legal,932-850-6407,Uchaly
2163,Andris,Humfrey,ahumfrey4i@cnbc.com,Legal,462-384-8127,Gongping
2164,Carleton,Aleksich,caleksich4j@marketwatch.com,Accounting,705-804-3075,Kairouan
2165,Heinrick,Stopper,hstopper4k@w3.org,Legal,925-881-9792,Lysekil
2166,Brock,Bendley,bbendley4l@wired.com,Support,814-190-5673,Longjin
2167,Vania,Ludlam,vludlam4m@istockphoto.com,Training,896-186-0199,Mikhaylovsk
2168,Elisabet,Robjant,erobjant4n@wikipedia.org,Business Development,445-113-4806,Yonago
2169,Gav,Verney,gverney4o@cdbaby.com,Sales,541-427-1017,Dezhou
2170,Flynn,Rielly,frielly4p@weibo.com,Research and Development,188-962-1814,Rogoźnik
2171,Edwina,Heining,eheining4q@microsoft.com,Sales,565-942-9009,Takehara
2172,Virgil,Singleton,vsingleton4r@fotki.com,Product Management,560-839-7184,Bang Rakam
2173,Irwin,Monger,imonger4s@spotify.com,Training,593-442-4194,Jaguimitan
2174,Cyril,Phipson,cphipson4t@phpbb.com,Human Resources,377-324-0891,Sanhe
2175,Lorine,Kivelhan,lkivelhan4u@wikispaces.com,Training,907-746-8589,Leifeng
2176,Montgomery,Gallaccio,mgallaccio4v@chronoengine.com,Sales,551-520-0292,Trafaria
2177,Hester,Palmby,hpalmby4w@washington.edu,Accounting,929-869-2860,Skwierzyna
2178,Stephanus,Kienlein,skienlein4x@chicagotribune.com,Business Development,478-871-9618,Fale old settlement
2179,Cesya,Leynton,cleynton4y@slate.com,Engineering,895-508-1149,Hronov
2180,Deb,Demead,ddemead4z@wiley.com,Accounting,497-352-0300,Wadung
2181,Osbert,Daid,odaid50@earthlink.net,Business Development,873-692-2475,Nancun
2182,Frederique,Vivash,fvivash51@list-manage.com,Support,723-210-5693,Wuxi
2183,Rodger,Cramp,rcramp52@ihg.com,Training,774-941-3467,Kolpny
2184,Rem,Whoston,rwhoston53@about.me,Training,568-595-1254,La’ershan
2185,Hephzibah,Jacks,hjacks54@sphinn.com,Marketing,956-982-4156,Bonneville
2186,Jessalin,Patterfield,jpatterfield55@friendfeed.com,Training,841-497-9886,Chengzhong
2187,Madonna,Labon,mlabon56@soundcloud.com,Legal,609-987-5241,Cishangang
2188,Brita,Kennifeck,bkennifeck57@storify.com,Sales,576-222-8273,Lysá nad Labem
2189,Robbi,Jendrich,rjendrich58@cdc.gov,Human Resources,949-272-7036,Jaguaribe
2190,Sarita,Reskelly,sreskelly59@pinterest.com,Research and Development,106-536-1976,Balad
2191,Hillard,Garlick,hgarlick5a@pcworld.com,Accounting,827-980-6375,Ashiya
2192,Freemon,Kattenhorn,fkattenhorn5b@cloudflare.com,Product Management,167-621-9446,Santo Niño
2193,Pepi,Boughton,pboughton5c@gizmodo.com,Human Resources,692-830-3690,Cieplice Śląskie Zdrój
2194,Dunn,Weale,dweale5d@ucsd.edu,Support,711-132-8280,Trasak
2195,Corrie,Tasseler,ctasseler5e@parallels.com,Training,730-498-8357,Ресен
2196,Merry,Lebel,mlebel5f@fda.gov,Legal,369-219-9721,Kingston
2197,Paquito,Sendall,psendall5g@ft.com,Product Management,454-197-2018,Shuanglong
2198,Cordelia,Filyukov,cfilyukov5h@vkontakte.ru,Product Management,102-333-1478,Changtian
2199,Cortney,Koch,ckoch5i@exblog.jp,Marketing,385-561-6122,Ushuaia
2200,Graig,Thor,gthor5j@artisteer.com,Business Development,310-945-6629,Patulul
2201,Dayle,Saterweyte,dsaterweyte5k@psu.edu,Business Development,975-560-5035,Tsuma
2202,Rycca,Shakesbye,rshakesbye5l@hibu.com,Business Development,588-360-2973,Ban Selaphum
2203,Dal,Tregona,dtregona5m@google.es,Marketing,174-108-9070,Várzea da Palma
2204,Erhart,Barbary,ebarbary5n@usa.gov,Research and Development,508-902-3179,Mörön
2205,Gwyneth,Lemmen,glemmen5o@desdev.cn,Marketing,787-496-5703,Kvasiny
2206,Jacqueline,Dawtre,jdawtre5p@so-net.ne.jp,Product Management,136-883-4753,Fátima
2207,Ursula,De Filippis,udefilippis5q@ucoz.ru,Product Management,210-772-5819,Dongcun
2208,Wolfie,Threadgill,wthreadgill5r@ox.ac.uk,Support,636-871-8466,Los Angeles
2209,Carolyn,Autie,cautie5s@buzzfeed.com,Business Development,370-827-4911,Hasan
2210,Nikolaos,Duligal,nduligal5t@vk.com,Marketing,784-892-5065,Cijoho
2211,Marnia,McClinton,mmcclinton5u@hostgator.com,Business Development,747-548-8279,Colonia Elisa
2212,Sigismund,Warder,swarder5v@mapy.cz,Business Development,194-663-1162,Cibuah
2213,Rozele,Sherred,rsherred5w@hc360.com,Engineering,749-583-0473,Madjeouéni
2214,Helyn,Durning,hdurning5x@tripod.com,Research and Development,932-867-7953,Kasreman Wetan
2215,Sara,Topp,stopp5y@wisc.edu,Training,399-878-4581,Jiamaying
2216,Elle,Gooday,egooday5z@ameblo.jp,Support,800-491-0001,Makoua
2217,Brand,Mattingley,bmattingley60@g.co,Human Resources,516-857-4309,Tangjin
2218,Ezri,Mitchall,emitchall61@seesaa.net,Legal,571-970-3253,Báguanos
2219,Jsandye,Drinan,jdrinan62@arizona.edu,Legal,398-841-3350,Luziânia
2220,Fiona,Gumb,fgumb63@zimbio.com,Business Development,465-585-2513,Guangshan Chengguanzhen
2221,Oliviero,Asty,oasty64@usatoday.com,Research and Development,608-166-9257,Wugong
2222,Thornie,Clerke,tclerke65@wisc.edu,Legal,765-469-5523,Sabirabad
2223,Frazer,O'Neary,foneary66@google.com.br,Research and Development,147-766-4045,Granada
2224,Althea,Forten,aforten67@digg.com,Legal,746-307-3908,Oslo
2225,Rebbecca,Goodinge,rgoodinge68@yellowbook.com,Product Management,374-623-1313,Kamenica
2226,Alastair,Aldwinckle,aaldwinckle69@csmonitor.com,Research and Development,612-665-0532,Shangzhang
2227,Leslie,Greening,lgreening6a@cbsnews.com,Support,495-111-1778,Perrelos
2228,Janaya,Slack,jslack6b@wired.com,Training,828-937-2763,Asheville
2229,Standford,Lawdham,slawdham6c@abc.net.au,Business Development,475-593-7053,Leiwang
2230,Colas,Pichan,cpichan6d@squarespace.com,Business Development,127-590-3570,Manzini
2231,Hayley,Joice,hjoice6e@cargocollective.com,Engineering,845-317-3548,Mari
2232,Alethea,Bohje,abohje6f@altervista.org,Services,203-554-1319,Minshan
2233,Shayne,Labrone,slabrone6g@freewebs.com,Legal,604-323-7182,Grangwav
2234,Joanne,Ryde,jryde6h@parallels.com,Services,612-296-6979,Bandundu
2235,Raviv,Schonfeld,rschonfeld6i@weibo.com,Support,570-156-8535,Aquidauana
2236,Juan,Bentz,jbentz6j@senate.gov,Sales,843-186-1035,Bungalaleng
2237,Keene,Wheadon,kwheadon6k@newyorker.com,Business Development,760-248-1429,Deskáti
2238,Annmarie,Darell,adarell6l@nsw.gov.au,Support,555-383-8671,Balongmulyo
2239,Damita,Privost,dprivost6m@ehow.com,Accounting,775-989-5842,Anjozorobe
2240,Madge,Enriques,menriques6n@godaddy.com,Accounting,845-131-4607,Cabreúva
2241,Dani,Griniov,dgriniov6o@wufoo.com,Legal,971-133-9515,Elektrėnai
2242,Demetri,Gorghetto,dgorghetto6p@ihg.com,Sales,401-230-7477,Mîndreşti
2243,Ulric,Nise,unise6q@indiatimes.com,Legal,273-151-3696,Ljupina
2244,Kristien,Babinski,kbabinski6r@wsj.com,Research and Development,270-891-7953,Dranoc
2245,Elvera,Padberry,epadberry6s@newsvine.com,Engineering,562-198-2445,Soloneshnoye
2246,Quillan,Rois,qrois6t@stanford.edu,Engineering,435-644-9623,Jatisari
2247,Giavani,Junes,gjunes6u@baidu.com,Services,676-323-9806,Daidaon
2248,Chloe,Kristoffersen,ckristoffersen6v@trellian.com,Research and Development,794-401-9973,Tiguion
2249,Francois,Works,fworks6w@phpbb.com,Support,123-982-4417,Łęczyce
2250,Suellen,Franzonetti,sfranzonetti6x@delicious.com,Human Resources,715-109-3181,Gasri
2251,Mildred,Conrart,mconrart6y@google.ru,Engineering,920-915-2345,Gzy
2252,Juline,Sanja,jsanja6z@joomla.org,Human Resources,102-153-2422,Kosan
2253,Ricky,Aliberti,raliberti70@google.es,Sales,392-336-1726,Sanski Most
2254,Auroora,Nockalls,anockalls71@va.gov,Support,426-594-3720,Dahongmen
2255,Henrietta,Stratz,hstratz72@mozilla.com,Product Management,393-247-6150,Kalchevaya
2256,Julianna,Cicutto,jcicutto73@godaddy.com,Product Management,200-152-2806,Roma
2257,Kori,Diggle,kdiggle74@washingtonpost.com,Accounting,432-425-0833,Marseille
2258,Esra,Busfield,ebusfield75@boston.com,Sales,303-415-0128,Hougang
2259,Rene,Padbury,rpadbury76@ehow.com,Support,828-790-3551,Agnibilékrou
2260,Aprilette,Wane,awane77@shop-pro.jp,Legal,952-149-5548,Mishan
2261,Nadia,O Mullen,nomullen78@cnet.com,Engineering,186-419-8179,Daeosin Satu
2262,Mark,Anfosso,manfosso79@wordpress.com,Sales,900-270-2863,Pampas
2263,Gayelord,Ryall,gryall7a@cdbaby.com,Accounting,836-726-9495,El Banco
2264,Edna,Idle,eidle7b@loc.gov,Research and Development,960-790-0857,Pataias
2265,Reginald,Franschini,rfranschini7c@msu.edu,Research and Development,445-772-9733,Leuwayang
2266,Nichol,Turfs,nturfs7d@unicef.org,Legal,897-657-3110,Haveliān
2267,Humphrey,Dampney,hdampney7e@mysql.com,Human Resources,699-257-7191,Mairiporã
2268,Melba,Doak,mdoak7f@seattletimes.com,Engineering,814-335-2883,Hengelo
2269,Leia,Boyde,lboyde7g@youku.com,Support,457-156-4918,Dengfang
2270,Petrina,Yoxen,pyoxen7h@hexun.com,Business Development,235-566-9191,Yandun
2271,Austin,Upward,aupward7i@delicious.com,Product Management,681-836-4562,Chichigalpa
2272,Aimil,Tiler,atiler7j@weebly.com,Accounting,295-814-8539,Grigiškės
2273,Helenelizabeth,Zaniolini,hzaniolini7k@opensource.org,Training,919-900-6910,Bandar Pusat Jengka
2274,Karissa,Quarterman,kquarterman7l@ovh.net,Marketing,154-353-0394,Bełżec
2275,Zaneta,Crowley,zcrowley7m@alibaba.com,Research and Development,727-223-1096,Chetian
2276,Nonna,Panter,npanter7n@blogger.com,Product Management,739-167-8309,Messina
2277,Regan,Cowie,rcowie7o@123-reg.co.uk,Legal,520-400-6227,Dunleer
2278,Lorettalorna,Shewsmith,lshewsmith7p@theglobeandmail.com,Sales,576-859-6182,Oltintopkan
2279,Nigel,Brewins,nbrewins7q@cisco.com,Engineering,430-276-7370,Dake
2280,Torre,Farry,tfarry7r@ca.gov,Research and Development,809-997-5609,Sulūq
2281,Duky,Bendson,dbendson7s@ox.ac.uk,Accounting,495-599-5072,Kampungsusah
2282,Austina,Issac,aissac7t@symantec.com,Research and Development,267-233-2259,Balfour
2283,Hildegarde,Saltsberg,hsaltsberg7u@opera.com,Engineering,295-774-2600,Irákleion
2284,Kayle,Leppo,kleppo7v@imgur.com,Marketing,871-983-6899,Stockholm
2285,Alexine,Barnsdale,abarnsdale7w@youku.com,Accounting,977-778-7522,Purral
2286,Lauren,Walrond,lwalrond7x@oaic.gov.au,Services,417-788-3266,Eaton
2287,Eolanda,Acors,eacors7y@behance.net,Services,616-320-8073,Xishan
2288,Findlay,Betz,fbetz7z@desdev.cn,Sales,196-279-0701,Douliu
2289,Valle,Iacomi,viacomi80@1und1.de,Marketing,773-701-1070,Jianping
2290,Domingo,Sherston,dsherston81@telegraph.co.uk,Legal,942-594-5184,Visim
2291,Karoline,Conibeer,kconibeer82@bing.com,Accounting,202-903-9803,Zongzhai
2292,Cart,Paske,cpaske83@typepad.com,Business Development,185-782-7890,Pātan
2293,Livvy,Corah,lcorah84@baidu.com,Engineering,613-219-5775,Ngama
2294,Kacey,Daftor,kdaftor85@icq.com,Services,387-912-1940,Ifanes
2295,My,Wylam,mwylam86@sitemeter.com,Engineering,653-571-4936,Vientiane
2296,Ludovika,Whitcombe,lwhitcombe87@weather.com,Engineering,396-674-1027,Baćkowice
2297,Gabriele,Possa,gpossa88@un.org,Accounting,447-461-1616,Diaowei
2298,Berke,Pray,bpray89@java.com,Product Management,215-628-2463,Philadelphia
2299,Bobette,Maydwell,bmaydwell8a@weibo.com,Engineering,661-800-6445,An Lão
2300,Vivien,Kelsey,vkelsey8b@wunderground.com,Training,252-111-5403,Yawata
2301,Andi,Clabburn,aclabburn8c@europa.eu,Research and Development,331-240-2542,Lycksele
2302,Gusta,Findley,gfindley8d@youtu.be,Training,375-168-9841,Campos
2303,Udale,Yitzhak,uyitzhak8e@zimbio.com,Training,379-184-8492,Saint-Constant
2304,Chic,De'Vere - Hunt,cdeverehunt8f@opera.com,Product Management,819-233-0449,Strawczyn
2305,Carlotta,Bernardeschi,cbernardeschi8g@boston.com,Services,529-528-0883,Lembursawah
2306,Leanor,Silverson,lsilverson8h@apple.com,Research and Development,141-650-8175,Santo Anastácio
2307,Shelly,Shurrocks,sshurrocks8i@bravesites.com,Marketing,592-581-1255,Ilaya
2308,Shaughn,Gillard,sgillard8j@desdev.cn,Sales,717-999-0973,Kalbugan
2309,Maxwell,Braksper,mbraksper8k@census.gov,Research and Development,128-400-6143,Bao’an
2310,Hayley,Ughelli,hughelli8l@de.vu,Services,552-388-7002,Kobe
2311,Maureen,Pirozzi,mpirozzi8m@bloomberg.com,Legal,351-485-1314,Överkalix
2312,Aliza,Illesley,aillesley8n@xing.com,Marketing,889-701-5595,Calgary
2313,Kenn,Harper,kharper8o@oaic.gov.au,Training,672-368-5094,Šavnik
2314,Jephthah,Kilmartin,jkilmartin8p@census.gov,Support,561-410-7701,Guangyi
2315,Englebert,Caret,ecaret8q@reuters.com,Business Development,252-416-4521,Banqiaodian
2316,Pauly,Phear,pphear8r@furl.net,Engineering,412-268-0872,Panadura
2317,Billi,Eveque,beveque8s@samsung.com,Support,516-114-5071,Bao’an
2318,Lawry,Edworthie,ledworthie8t@so-net.ne.jp,Legal,306-538-5849,Lushnjë
2319,Jorge,Ramble,jramble8u@slate.com,Human Resources,239-402-9931,Loutrá
2320,Gustaf,Tomblings,gtomblings8v@techcrunch.com,Legal,443-222-1593,Kuala Lumpur
2321,Clea,MacRirie,cmacririe8w@gov.uk,Product Management,631-328-8483,Bearna
2322,Amy,Drohun,adrohun8x@mozilla.org,Product Management,550-116-0650,Renliu
2323,Linn,Alfonso,lalfonso8y@acquirethisname.com,Accounting,134-353-8045,Dashi
2324,Dania,Malcolmson,dmalcolmson8z@icio.us,Services,153-260-2324,Baqiu
2325,Saundra,Corten,scorten90@ow.ly,Research and Development,276-249-5477,Kutamangu
2326,Darren,Tesimon,dtesimon91@symantec.com,Legal,877-362-9261,Sypniewo
2327,Silvana,Goncalo,sgoncalo92@cmu.edu,Engineering,962-820-0185,Cemara
2328,Nydia,Kyd,nkyd93@wunderground.com,Services,997-515-4142,Safed
2329,Celestyna,Pinnell,cpinnell94@blogspot.com,Accounting,574-672-7406,Lindavista
2330,Marlow,De Bischof,mdebischof95@alibaba.com,Product Management,779-143-5556,Changshan
2331,Ryley,Frankema,rfrankema96@amazon.co.jp,Marketing,256-514-0402,Eindhoven
2332,Maddie,Jouaneton,mjouaneton97@blogger.com,Product Management,345-179-7974,Duas Igrejas
2333,Sabra,Jakeman,sjakeman98@delicious.com,Human Resources,236-836-3326,Chishtiān Mandi
2334,Kay,Feighry,kfeighry99@engadget.com,Product Management,600-694-2211,Xinchengzi
2335,Chickie,Shakeshaft,cshakeshaft9a@ucla.edu,Accounting,600-214-9445,Neuilly-sur-Seine
2336,Keslie,Gummery,kgummery9b@boston.com,Services,111-350-7875,Malinaw
2337,Coop,Face,cface9c@instagram.com,Marketing,269-997-7625,Los Rastrojos
2338,Lazare,Langer,llanger9d@eepurl.com,Support,659-622-4498,Jihlava
2339,Auguste,Rabbe,arabbe9e@guardian.co.uk,Support,246-774-9939,Gunung Talang
2340,Hermie,Matschuk,hmatschuk9f@un.org,Training,187-657-1198,Horní Bříza
2341,Allan,Ledgerton,aledgerton9g@netvibes.com,Training,100-150-1373,Castainço
2342,Felicity,Beeckx,fbeeckx9h@ted.com,Services,213-335-2606,Xinglong
2343,Corissa,Chiechio,cchiechio9i@mayoclinic.com,Product Management,834-502-6940,Tando Jām
2344,Lanna,Pelosi,lpelosi9j@intel.com,Accounting,504-634-4781,São Manuel
2345,Justis,Melwall,jmelwall9k@g.co,Marketing,264-183-0912,Mollās̄ānī
2346,Frederigo,Lamyman,flamyman9l@dropbox.com,Marketing,984-438-0940,Smokvica
2347,Zeb,Hutchings,zhutchings9m@springer.com,Training,562-724-8610,South River
2348,Irita,Andrasch,iandrasch9n@businessinsider.com,Legal,330-994-0598,Beigucheng
2349,Susannah,Heritege,sheritege9o@yandex.ru,Engineering,216-120-1360,Novovarshavka
2350,Dar,Cubitt,dcubitt9p@bloglovin.com,Engineering,814-637-8966,Miaotang
2351,Loree,Andrat,landrat9q@alexa.com,Marketing,383-673-3384,Quibal
2352,Dall,Kares,dkares9r@deliciousdays.com,Accounting,470-313-7856,Lluchubamba
2353,Sunshine,Masham,smasham9s@dell.com,Research and Development,729-885-5833,Koszęcin
2354,Norine,Stiles,nstiles9t@blogger.com,Human Resources,754-393-4474,Vichy
2355,Kinny,Sharpin,ksharpin9u@ustream.tv,Legal,237-366-7018,Dobra
2356,Chadwick,Grew,cgrew9v@amazon.co.jp,Legal,550-721-5533,Villaviciosa
2357,Creigh,Dik,cdik9w@google.it,Support,955-273-6594,Saint-Ambroise
2358,Dayna,Langford,dlangford9x@deviantart.com,Business Development,916-443-5051,Lantapan
2359,North,Talkington,ntalkington9y@noaa.gov,Services,335-680-5786,Hongguang
2360,Orelie,Van Dale,ovandale9z@opera.com,Accounting,245-294-2296,Dayushu
2361,Claiborn,Joron,cjorona0@biglobe.ne.jp,Human Resources,998-941-5216,Oslo
2362,Claudie,Zorzetti,czorzettia1@pcworld.com,Legal,476-206-7298,Nine
2363,Jamey,Atkins,jatkinsa2@mit.edu,Training,197-548-1035,Keetmanshoop
2364,Editha,Ebbing,eebbinga3@topsy.com,Sales,470-713-7329,Ptghunk’
2365,Wakefield,Dadds,wdaddsa4@prlog.org,Training,851-781-2095,Trzebinia
2366,Alex,Nugent,anugenta5@house.gov,Engineering,293-556-9440,Sijing
2367,Tiphanie,Inns,tinnsa6@unicef.org,Support,998-720-8311,Upi
2368,Pat,Aish,paisha7@unc.edu,Legal,736-739-5402,Doudleby nad Orlicí
2369,Virgie,Kunkel,vkunkela8@shutterfly.com,Human Resources,641-868-6355,General Luna
2370,Ferris,Sharple,fsharplea9@bluehost.com,Accounting,760-596-6523,Venlo
2371,Susie,Welman,swelmanaa@hatena.ne.jp,Services,298-703-0748,Vilarinho da Castanheira
2372,Carr,Hellings,chellingsab@ehow.com,Research and Development,967-269-0381,Dasuhe
2373,Moss,Kinge,mkingeac@answers.com,Support,752-952-1654,Valence
2374,Cheston,Smuth,csmuthad@telegraph.co.uk,Accounting,352-399-9735,Cafe
2375,Karl,Shires,kshiresae@youku.com,Support,756-491-1130,Hetou
2376,Deirdre,Heck,dheckaf@npr.org,Legal,607-174-4447,Pirogovo
2377,Elora,Laidlaw,elaidlawag@dailymail.co.uk,Services,620-266-0218,Ḩalḩūl
2378,Brose,Michurin,bmichurinah@drupal.org,Sales,571-145-3751,Sterling
2379,Winnifred,Ashurst,washurstai@barnesandnoble.com,Sales,661-779-9747,Cube
2380,Angus,Tummons,atummonsaj@altervista.org,Product Management,727-685-7308,Conde
2381,Georgette,Pendry,gpendryak@un.org,Training,621-931-7031,Calmar
2382,Thomas,Endicott,tendicottal@google.nl,Legal,181-958-1441,Koímisi
2383,Brnaba,Krolle,bkrolleam@networkadvertising.org,Marketing,346-408-6546,Rízoma
2384,Matteo,Everil,meverilan@51.la,Accounting,616-242-9793,Jagistay
2385,Woodie,Campa,wcampaao@yale.edu,Business Development,138-245-2773,El Hatillo
2386,Fonzie,Burrill,fburrillap@ucoz.com,Legal,779-885-3336,Villa Nueva
2387,Tally,Vaney,tvaneyaq@barnesandnoble.com,Product Management,410-706-2431,Lipin Bor
2388,Corbet,Plampin,cplampinar@ebay.co.uk,Sales,207-225-6480,Magoúla
2389,Willis,Foulks,wfoulksas@amazon.de,Services,127-617-0732,Velká Bystřice
2390,Anjela,Tesdale,atesdaleat@theglobeandmail.com,Human Resources,324-653-6059,Kara
2391,Sayer,Fibbitts,sfibbittsau@ebay.com,Support,781-717-8669,Ringinrejo
2392,Nial,Liddall,nliddallav@aol.com,Legal,472-605-4997,Moratuwa
2393,Kenna,Doni,kdoniaw@reddit.com,Training,249-425-1842,Tecka
2394,Imojean,Figgen,ifiggenax@google.nl,Legal,951-956-9562,Wuqiao
2395,Norine,Sneesby,nsneesbyay@dion.ne.jp,Research and Development,355-637-3858,San Pedro
2396,Min,Lapsley,mlapsleyaz@omniture.com,Engineering,461-866-3471,Buôn Trấp
2397,Vinita,Elleyne,velleyneb0@goo.ne.jp,Business Development,107-349-9364,Soraya
2398,Lowe,Buttle,lbuttleb1@pcworld.com,Business Development,894-467-2811,Huangcaotuo
2399,Lita,Clementson,lclementsonb2@ft.com,Engineering,714-451-6999,Fullerton
2400,Vachel,Avrahamian,vavrahamianb3@senate.gov,Human Resources,430-996-8990,Agboville
2401,Jennica,Lamy,jlamyb4@bizjournals.com,Marketing,463-862-8398,Birobidzhan
2402,Isidro,Drover,idroverb5@sakura.ne.jp,Sales,702-335-0730,Las Vegas
2403,Harmonie,Ogles,hoglesb6@flavors.me,Accounting,657-189-6015,Tamel
2404,Danya,Lambird,dlambirdb7@paypal.com,Marketing,871-596-9595,Margahayu
2405,Ludovico,Beardsley,lbeardsleyb8@aboutads.info,Sales,405-835-7297,Banyubang
2406,Lotti,Lode,llodeb9@amazon.de,Research and Development,874-190-3443,Chao
2407,Kippie,Dwerryhouse,kdwerryhouseba@skyrock.com,Sales,705-122-7451,Vohibinany
2408,Rriocard,Lindwasser,rlindwasserbb@tmall.com,Product Management,483-611-6441,Mangusu
2409,Osborne,Wybern,owybernbc@trellian.com,Accounting,502-237-7182,Dori
2410,Nilson,Birwhistle,nbirwhistlebd@lycos.com,Support,729-865-3992,Malino
2411,Gideon,Riepl,grieplbe@engadget.com,Engineering,266-871-7560,Hujirt
2412,Emiline,Barbera,ebarberabf@bbb.org,Business Development,470-387-8306,Nacka
2413,Layton,Scotsbrook,lscotsbrookbg@vinaora.com,Legal,122-655-8082,Lameiras
2414,Brit,Scriviner,bscrivinerbh@admin.ch,Training,560-611-0949,Babao
2415,Bree,Cottage,bcottagebi@phpbb.com,Training,987-408-6137,Saint-Denis
2416,Patience,Dowdall,pdowdallbj@yahoo.co.jp,Marketing,212-978-6471,Liuji
2417,Bailie,Chipchase,bchipchasebk@goodreads.com,Accounting,325-590-7818,Orkney
2418,Devondra,Black,dblackbl@google.cn,Human Resources,156-625-9121,Kuching
2419,Josie,Fontel,jfontelbm@sphinn.com,Product Management,512-933-8039,Qiling
2420,Bee,Francais,bfrancaisbn@facebook.com,Engineering,136-845-3601,Kill
2421,Dill,Newey,dneweybo@comsenz.com,Marketing,621-529-6844,Jianshan
2422,Cody,Kohnen,ckohnenbp@mozilla.org,Training,285-407-6634,São Pedro
2423,Sherwood,Jaeggi,sjaeggibq@cbslocal.com,Training,814-305-2463,Cuenca
2424,Lucius,Jeandot,ljeandotbr@elpais.com,Business Development,578-710-3701,Clamart
2425,Stacie,Thurlborn,sthurlbornbs@google.de,Marketing,945-148-4763,Yulin
2426,Winona,Gamet,wgametbt@is.gd,Training,412-634-6571,Zhangdun
2427,Derrik,deBanke,ddebankebu@networkadvertising.org,Human Resources,742-902-5401,Paris 18
2428,Tome,Sandy,tsandybv@furl.net,Accounting,662-953-8868,Göteborg
2429,Freeland,Papaminas,fpapaminasbw@narod.ru,Accounting,940-937-9083,Cotahuasi
2430,Claire,Gruczka,cgruczkabx@merriam-webster.com,Accounting,910-146-1378,Itaporanga
2431,Hollyanne,Yushmanov,hyushmanovby@imgur.com,Research and Development,545-335-7672,Ar Raqqah
2432,Ainslie,Tweedie,atweediebz@ted.com,Marketing,157-119-7791,Beizhakou
2433,Cleo,De Gogay,cdegogayc0@apple.com,Engineering,915-630-7599,Partille
2434,Ashly,Davison,adavisonc1@newyorker.com,Research and Development,353-859-6723,Xiamazhuang
2435,Deny,Gercke,dgerckec2@people.com.cn,Marketing,899-975-0592,Chenjiatan
2436,Ignazio,Whoolehan,iwhoolehanc3@nymag.com,Services,903-268-6013,Praszka
2437,Abbot,Luciano,alucianoc4@intel.com,Research and Development,970-372-1264,Sapernoye
2438,Corliss,Yvens,cyvensc5@ibm.com,Support,633-698-2804,Goris
2439,Pamela,Dorran,pdorranc6@eepurl.com,Sales,417-733-9900,Pedome
2440,Conant,Whellams,cwhellamsc7@issuu.com,Business Development,681-692-4484,Hulitu
2441,Arluene,Yurin,ayurinc8@qq.com,Training,240-381-7667,Zahvizdya
2442,Waring,Cordoba,wcordobac9@yale.edu,Human Resources,722-738-3035,Sabinópolis
2443,Germana,Ghiroldi,gghiroldica@cdbaby.com,Sales,605-856-8126,Campo Grande
2444,Adan,Wilce,awilcecb@ameblo.jp,Product Management,697-667-6285,Miřetice
2445,Francisca,Dumingo,fdumingocc@arizona.edu,Accounting,644-317-8875,Matmata
2446,Myriam,Beardshall,mbeardshallcd@123-reg.co.uk,Research and Development,171-990-1054,Basista
2447,Brana,Standfield,bstandfieldce@samsung.com,Accounting,630-591-7594,Kashira
2448,Benito,Whitloe,bwhitloecf@lycos.com,Research and Development,646-848-7889,Uitenhage
2449,Susie,Seary,ssearycg@pcworld.com,Support,743-607-9776,Yantang
2450,Daisi,Ulyat,dulyatch@yelp.com,Business Development,910-765-2204,Morelos
2451,Erinn,Banane,ebananeci@mysql.com,Services,986-427-0023,Korsun’-Shevchenkivs’kyy
2452,Larry,Sygrove,lsygrovecj@list-manage.com,Research and Development,666-779-5002,Putat Lor
2453,Tore,Iannelli,tiannellick@cbc.ca,Engineering,869-140-6961,Changzheng
2454,Bidget,Mcall,bmcallcl@buzzfeed.com,Sales,325-153-4804,Pilzno
2455,Kelbee,MacGillacolm,kmacgillacolmcm@i2i.jp,Research and Development,155-461-1344,Almendra
2456,Grant,Dyche,gdychecn@geocities.jp,Research and Development,436-177-2185,Gongxi
2457,Loy,Naerup,lnaerupco@hao123.com,Research and Development,407-914-3307,Malinta
2458,Shae,Odda,soddacp@deviantart.com,Business Development,917-548-7665,Khvastovichi
2459,Jodi,Bembrigg,jbembriggcq@yale.edu,Engineering,142-176-5332,Louguan
2460,Kimberly,Flewitt,kflewittcr@prweb.com,Research and Development,897-733-6776,Qobu
2461,Camile,Richford,crichfordcs@salon.com,Engineering,142-111-6601,Villeurbanne
2462,Pepi,Slevin,pslevinct@archive.org,Training,147-443-5757,Dzüünkharaa
2463,Birgit,Crannage,bcrannagecu@nature.com,Marketing,324-756-8400,Werangere
2464,Eve,Colbran,ecolbrancv@mtv.com,Legal,500-755-2339,Lorena
2465,Eustacia,Lauga,elaugacw@ftc.gov,Training,791-894-7710,Ljusdal
2466,Clevie,Wickrath,cwickrathcx@github.com,Product Management,860-959-5397,Henan’an
2467,Alecia,Mattusov,amattusovcy@google.nl,Sales,702-445-6709,Las Vegas
2468,Amil,Kanter,akantercz@list-manage.com,Engineering,638-788-6463,Hongchuan
2469,Dall,Abramowitch,dabramowitchd0@reverbnation.com,Accounting,302-965-9938,Mulyadadi
2470,Cecile,McCard,cmccardd1@reuters.com,Marketing,877-279-2231,Pantubig
2471,Garey,Allpress,gallpressd2@ucoz.ru,Engineering,851-502-0330,Sychëvo
2472,Ardath,Brockelsby,abrockelsbyd3@state.tx.us,Business Development,239-357-9917,Wadusari
2473,Baudoin,Fominov,bfominovd4@g.co,Research and Development,522-433-3117,Dahuang
2474,Dorolisa,Devonside,ddevonsided5@microsoft.com,Services,551-152-7001,Portumna
2475,Cari,Gittose,cgittosed6@dell.com,Training,401-355-5875,Longfengshan
2476,Nanci,Hanks,nhanksd7@bbb.org,Support,328-347-5044,Matatiele
2477,Kaela,Starsmore,kstarsmored8@si.edu,Training,948-349-8529,Blois
2478,Andie,Mucklo,amucklod9@admin.ch,Accounting,963-261-0912,Tubualá
2479,Elayne,Snartt,esnarttda@typepad.com,Research and Development,827-564-3566,Melipilla
2480,Mariana,Stickney,mstickneydb@java.com,Research and Development,883-416-8225,Xinpo
2481,Phelia,Zettoi,pzettoidc@unicef.org,Services,293-992-5169,Montemor-o-Velho
2482,Christalle,Whitecross,cwhitecrossdd@wordpress.com,Marketing,662-488-2095,Zhongying
2483,Petunia,Nance,pnancede@tamu.edu,Training,732-903-6305,Ballitoville
2484,Kirbie,Abbis,kabbisdf@google.de,Research and Development,951-505-5395,Khoa
2485,Ann-marie,Klimsch,aklimschdg@icq.com,Training,511-383-1840,Yanglang
2486,Dacie,Rumbellow,drumbellowdh@furl.net,Human Resources,574-241-1508,Glinojeck
2487,Flory,Mosco,fmoscodi@xing.com,Human Resources,110-616-3299,Могила
2488,Pryce,Shirland,pshirlanddj@ezinearticles.com,Accounting,127-885-2934,Sapu Padidu
2489,Abey,Caws,acawsdk@hatena.ne.jp,Training,816-447-8558,Xianhe
2490,Kylie,Gregoriou,kgregorioudl@guardian.co.uk,Support,902-677-2323,Calbuco
2491,Tiebout,Guyver,tguyverdm@utexas.edu,Accounting,975-297-4802,Frutal
2492,Sal,Guild,sguilddn@si.edu,Research and Development,827-599-6695,Sammatti
2493,Janine,Devlin,jdevlindo@pagesperso-orange.fr,Product Management,171-415-6009,Lamas
2494,Lizette,Lamerton,llamertondp@hc360.com,Engineering,995-573-0902,Évreux
2495,Casi,MacWhirter,cmacwhirterdq@nhs.uk,Services,973-293-7934,Saskatoon
2496,Dallas,Sparshott,dsparshottdr@google.es,Product Management,101-694-8980,Saint Helier
2497,Georgine,Durrance,gdurranceds@ucoz.ru,Human Resources,140-954-8885,Rio Brilhante
2498,Norry,Jansey,njanseydt@twitpic.com,Services,322-481-3203,Rājbirāj
2499,Melvyn,Gillice,mgillicedu@state.gov,Research and Development,514-101-4904,Göteborg
2500,Myron,de'-Ancy Willis,mdeancywillisdv@businesswire.com,Business Development,479-286-7064,Fabianki
2501,Carol,Arney,carneydw@freewebs.com,Engineering,416-594-1456,Masaki-chō
2502,Nancie,McCrackem,nmccrackemdx@amazon.co.uk,Research and Development,937-920-9334,Turochak
2503,Aubrey,Crebo,acrebody@fastcompany.com,Business Development,329-495-2722,Maluno Sur
2504,Hanni,Truckett,htruckettdz@arstechnica.com,Training,240-322-2592,San Marcos
2505,Harlin,Bate,hbatee0@economist.com,Human Resources,317-948-5242,Camiling
2506,Uriah,Croker,ucrokere1@umich.edu,Product Management,398-122-7018,Gaotian
2507,Miof mela,Batch,mbatche2@zimbio.com,Accounting,960-394-1835,Xianren
2508,Darbie,Fierman,dfiermane3@hud.gov,Sales,338-505-0466,Putrajaya
2509,Enos,Maletratt,emaletratte4@army.mil,Sales,604-563-7359,Huangtian
2510,Kendall,Higgen,khiggene5@guardian.co.uk,Accounting,890-360-6738,Rungis
2511,Sherwood,Fawkes,sfawkese6@phoca.cz,Research and Development,540-499-0021,Xunzhong
2512,Jedediah,Bladen,jbladene7@printfriendly.com,Research and Development,886-791-5328,Sanqiao
2513,Marcellina,Playle,mplaylee8@webeden.co.uk,Human Resources,586-146-8633,Pojan
2514,Lynea,Chat,lchate9@icq.com,Human Resources,299-604-5673,Dateng
2515,Aldrich,Kondratenya,akondratenyaea@craigslist.org,Marketing,953-803-7884,Bol’shoy Kamen’
2516,Ingram,Chatfield,ichatfieldeb@sciencedirect.com,Legal,117-183-5999,Pemzashen
2517,Rubi,Curds,rcurdsec@dion.ne.jp,Sales,866-627-2616,Saint-Quentin-en-Yvelines
2518,Brandi,Frankcom,bfrankcomed@wikispaces.com,Sales,683-954-2191,La Tola
2519,Bettina,Prose,bproseee@theguardian.com,Services,930-518-6727,Kikinda
2520,Orelie,Bradtke,obradtkeef@state.tx.us,Marketing,331-476-3034,Raas
2521,Quincy,Demetr,qdemetreg@pinterest.com,Research and Development,504-141-5583,Ushirombo
2522,Isadora,Coope,icoopeeh@dailymail.co.uk,Product Management,554-964-5084,Creil
2523,Christian,Seals,csealsei@php.net,Sales,185-690-5479,Buyunshan
2524,Bink,Eldin,beldinej@businessweek.com,Business Development,953-928-7315,Roioen
2525,Salmon,Gentry,sgentryek@unc.edu,Accounting,505-209-0531,Albuquerque
2526,Melesa,Antonutti,mantonuttiel@skyrock.com,Legal,828-781-9485,Santa Bárbara de Padrões
2527,Peria,Osipenko,posipenkoem@intel.com,Accounting,144-763-6079,Jablunkov
2528,Britney,Linch,blinchen@miitbeian.gov.cn,Sales,631-983-0200,Whitwell
2529,Jehanna,Sumpton,jsumptoneo@digg.com,Business Development,816-404-3115,Gading
2530,Burnaby,Ovenell,bovenellep@wp.com,Services,501-517-3048,Padre Burgos
2531,Ellerey,Aslott,easlotteq@netscape.com,Business Development,675-727-8040,Jiangpan
2532,Aurel,Fitzmaurice,afitzmauriceer@dropbox.com,Human Resources,916-260-4540,Bulusari
2533,Joyce,Beddie,jbeddiees@sohu.com,Business Development,589-364-8084,Zeya
2534,Valentijn,Heeran,vheeranet@domainmarket.com,Marketing,601-354-6353,Karak City
2535,Inglis,Lamacraft,ilamacrafteu@bbc.co.uk,Services,540-733-7210,Tai Po
2536,Aron,McGlaud,amcglaudev@histats.com,Support,885-917-0260,Carpentras
2537,Bryn,Gorner,bgornerew@issuu.com,Business Development,687-756-6160,Waru
2538,Aleece,Tungay,atungayex@noaa.gov,Training,127-497-9145,Kefar Shemaryahu
2539,Sarah,Bomb,sbombey@surveymonkey.com,Marketing,858-787-8140,Vide
2540,Culley,Goodwins,cgoodwinsez@simplemachines.org,Support,318-434-4298,Yujing
2541,Leontyne,Dominicacci,ldominicaccif0@ca.gov,Marketing,274-145-1316,Plateliai
2542,Sandro,Thoday,sthodayf1@mapy.cz,Business Development,208-659-2594,Shaxi
2543,Dexter,Steutly,dsteutlyf2@soup.io,Services,416-846-5393,Ipoh
2544,Orsa,Di Boldi,odiboldif3@nps.gov,Sales,352-692-2361,Lubao
2545,Orlan,Ardron,oardronf4@reddit.com,Product Management,847-609-5904,Neftegorsk
2546,Klarika,Penddreth,kpenddrethf5@prweb.com,Product Management,412-459-6345,Sudoměřice
2547,Eugenie,Rodden,eroddenf6@walmart.com,Product Management,892-238-4211,Paingar
2548,Laureen,Engelmann,lengelmannf7@imgur.com,Legal,553-491-8228,Paris La Défense
2549,Zabrina,McAreavey,zmcareaveyf8@domainmarket.com,Sales,600-737-8956,Billère
2550,Karina,Bellam,kbellamf9@yelp.com,Engineering,878-273-1994,Cobh
2551,Audie,Sandcroft,asandcroftfa@nhs.uk,Services,238-236-2328,Pueblo Nuevo
2552,Maurits,Hawe,mhawefb@cam.ac.uk,Engineering,344-279-3361,Shuangnian
2553,Franz,Roberds,froberdsfc@cbslocal.com,Legal,747-790-0936,Luniao
2554,Roxie,Coverly,rcoverlyfd@multiply.com,Human Resources,167-112-2894,Besuki Dua
2555,Corinne,Windress,cwindressfe@pinterest.com,Business Development,824-248-2934,Libertador General San Martín
2556,Hans,McCrea,hmccreaff@google.co.uk,Human Resources,571-963-4576,Paris 09
2557,Laina,Bugbird,lbugbirdfg@opensource.org,Services,482-301-4451,Machang
2558,Aretha,Darkott,adarkottfh@myspace.com,Engineering,362-117-3324,Zhumadian
2559,Shermie,Ottewell,sottewellfi@princeton.edu,Business Development,213-579-4190,Mierzęcice
2560,Erny,Cadogan,ecadoganfj@dell.com,Marketing,102-720-0733,Áyios Vasílios
2561,Angel,Scranney,ascranneyfk@berkeley.edu,Research and Development,905-835-2303,Parakanpanjang
2562,Arlen,Rapport,arapportfl@toplist.cz,Training,917-959-5310,Anilao
2563,Clerc,Slany,cslanyfm@yellowbook.com,Support,286-882-3924,Arcos
2564,Sandi,De Blasi,sdeblasifn@cisco.com,Legal,599-601-0095,Taozhuang
2565,Obed,Leng,olengfo@cnbc.com,Research and Development,698-912-8349,Revolucion
2566,Angela,Hasley,ahasleyfp@symantec.com,Business Development,996-186-5071,Tres Isletas
2567,Aimee,Krahl,akrahlfq@huffingtonpost.com,Product Management,601-864-4584,Xinxi
2568,Dino,Lempenny,dlempennyfr@army.mil,Sales,527-222-8995,Elato
2569,Kippar,Bernat,kbernatfs@weather.com,Marketing,376-115-0656,Kameda-honchō
2570,Louise,Irdale,lirdaleft@miitbeian.gov.cn,Product Management,628-590-5961,Shaffa
2571,Bianka,Earngy,bearngyfu@yahoo.com,Marketing,585-373-9483,Czudec
2572,Rosalyn,Axelbee,raxelbeefv@irs.gov,Marketing,693-440-4462,El’brus
2573,Joellen,Cale,jcalefw@amazon.com,Business Development,957-284-7689,Caigangan
2574,Ashil,Blackbrough,ablackbroughfx@dmoz.org,Support,215-461-2166,Ujsoły
2575,Tamra,Asplen,tasplenfy@ucoz.com,Human Resources,300-346-5846,Wichian Buri
2576,Karissa,Giacomini,kgiacominifz@technorati.com,Legal,678-969-2635,Dalongzhan
2577,Darryl,Urwin,durwing0@drupal.org,Business Development,191-681-1585,Jatipamor
2578,Orbadiah,Edworthye,oedworthyeg1@oracle.com,Human Resources,947-825-9169,Chmielno
2579,Vinny,Stark,vstarkg2@bloglovin.com,Product Management,985-823-2128,Cachoeirinha
2580,Bren,Rops,bropsg3@sitemeter.com,Business Development,885-704-5502,Chang’an
2581,Katalin,Larenson,klarensong4@lycos.com,Marketing,842-887-6779,Gancheng
2582,Seana,Vanyukhin,svanyukhing5@samsung.com,Human Resources,791-805-8855,‘Afrīn
2583,Daphene,Gibard,dgibardg6@sohu.com,Legal,524-757-0528,Póvoa
2584,Tilly,Quigley,tquigleyg7@hp.com,Engineering,316-565-7124,Pallasovka
2585,Royce,Bushrod,rbushrodg8@mtv.com,Legal,464-127-5108,Sapphaya
2586,Katey,Bilbery,kbilberyg9@pinterest.com,Training,115-684-2356,Rosario
2587,Dieter,Aistrop,daistropga@wsj.com,Legal,702-454-9259,Zmeyskaya
2588,Matty,Servant,mservantgb@etsy.com,Engineering,860-793-9198,Jinsha
2589,Caressa,Ornils,cornilsgc@surveymonkey.com,Accounting,739-751-9679,Kalodu
2590,Alvin,Geraldez,ageraldezgd@toplist.cz,Accounting,645-869-0959,Leśna Podlaska
2591,West,Sherington,wsheringtonge@zimbio.com,Legal,973-163-8308,Ban Khlong Bang Sao Thong
2592,Phillipp,Piris,ppirisgf@nationalgeographic.com,Research and Development,948-438-0811,Baiyang
2593,Sue,Cackett,scackettgg@amazon.com,Business Development,575-420-6643,Stockholm
2594,Babara,Gildersleeve,bgildersleevegh@51.la,Support,662-195-7020,Laoqiao
2595,Marge,Cato,mcatogi@state.tx.us,Training,987-656-4976,Jēkabpils
2596,Harrie,Barling,hbarlinggj@surveymonkey.com,Human Resources,721-193-4181,Lahar
2597,Meg,Piesold,mpiesoldgk@china.com.cn,Legal,245-338-8909,Altos
2598,Alexine,Broose,abroosegl@gnu.org,Product Management,287-802-3315,Wakuya
2599,Ansell,Langan,alangangm@sohu.com,Accounting,906-919-0567,Morales
2600,Darwin,Doore,ddooregn@lycos.com,Support,481-256-6116,Strančice
2601,John,Pagan,jpagango@ebay.com,Human Resources,154-378-9202,Arnage
2602,Deena,Gandy,dgandygp@yahoo.co.jp,Sales,649-935-2600,Yanqi
2603,Cletus,Locks,clocksgq@canalblog.com,Accounting,358-240-2532,Horodnya
2604,Jeremie,Ayers,jayersgr@4shared.com,Research and Development,672-490-2697,Kunčina
2605,Martie,Edson,medsongs@phpbb.com,Marketing,520-454-5465,Turochak
2606,Randal,Cordrey,rcordreygt@pen.io,Sales,150-380-2756,Nouakchott
2607,Sherie,Rymell,srymellgu@desdev.cn,Support,467-186-8112,Zhuangke
2608,Sheila-kathryn,Reeder,sreedergv@washington.edu,Sales,920-569-0568,Homeyo
2609,Alene,Syme,asymegw@alexa.com,Engineering,255-538-0027,Martigues
2610,Clemmie,Witham,cwithamgx@state.gov,Training,639-742-1560,Ibusuki
2611,Gradeigh,Fabry,gfabrygy@admin.ch,Marketing,205-349-7607,Salamwates
2612,Thornton,Carss,tcarssgz@ted.com,Engineering,850-373-0177,Ifanes
2613,Gussy,Tommen,gtommenh0@addtoany.com,Training,787-200-9812,Challas
2614,Dario,Paten,dpatenh1@time.com,Human Resources,366-127-9629,Marelesu
2615,Trey,Breeder,tbreederh2@usgs.gov,Legal,496-713-0940,Boshchorbogh
2616,Lidia,Golagley,lgolagleyh3@usa.gov,Training,469-904-8316,Baru
2617,Joletta,Stenson,jstensonh4@com.com,Accounting,365-748-6566,Malichang
2618,Sloane,Brereton,sbreretonh5@vinaora.com,Product Management,276-339-8055,Saint-Cloud
2619,Harbert,Worner,hwornerh6@nifty.com,Sales,801-481-5345,Tula
2620,Row,Housam,rhousamh7@liveinternet.ru,Research and Development,522-134-4554,Banff
2621,Ava,Suarez,asuarezh8@unesco.org,Research and Development,313-695-2703,Dalsjöfors
2622,Suki,Paolozzi,spaolozzih9@ow.ly,Research and Development,953-620-5876,Paraíba do Sul
2623,Regine,Stelfox,rstelfoxha@imageshack.us,Accounting,328-294-0524,Pysznica
2624,Cathrine,Shewon,cshewonhb@rambler.ru,Training,257-743-6963,Hepo
2625,Jasper,Laker,jlakerhc@bbb.org,Marketing,229-248-0862,Shuikou
2626,Wilma,Guise,wguisehd@nifty.com,Engineering,137-858-9954,Sandefjord
2627,Leona,Bocken,lbockenhe@loc.gov,Human Resources,182-488-0891,Al Khārijah
2628,Verge,McHenry,vmchenryhf@booking.com,Training,672-202-2870,Daohe
2629,Dur,Hellens,dhellenshg@nhs.uk,Training,701-389-0972,Phaya Thai
2630,Kyla,Whewill,kwhewillhh@sogou.com,Business Development,135-307-4996,Puputan
2631,Giacomo,Yarnell,gyarnellhi@zimbio.com,Product Management,801-642-4090,Kanshi
2632,Germana,Skittrall,gskittrallhj@google.ca,Training,287-703-3074,Alejo Ledesma
2633,Valentine,Jeanin,vjeaninhk@51.la,Accounting,686-252-5615,Paris 11
2634,Eleanora,Pencot,epencothl@nymag.com,Accounting,179-523-8228,Huaguoshan
2635,Celisse,Frayling,cfraylinghm@aol.com,Human Resources,562-909-4047,Changqing
2636,Fionnula,Baurerich,fbaurerichhn@t.co,Legal,128-141-2810,Sebeta
2637,Allard,Trout,atroutho@abc.net.au,Accounting,788-736-2195,Tuchkovo
2638,Vinita,Berndtssen,vberndtssenhp@imgur.com,Engineering,408-149-6485,Darłowo
2639,Marge,Steers,msteershq@kickstarter.com,Training,569-332-9118,Millet
2640,Jodi,MacLise,jmaclisehr@amazon.com,Research and Development,673-423-0860,Jianfeng
2641,Meriel,Swanbourne,mswanbournehs@dell.com,Marketing,404-774-2003,Atlanta
2642,Lynnett,Cocksedge,lcocksedgeht@cam.ac.uk,Services,216-934-1188,Xomong
2643,Rustin,Burbage,rburbagehu@reddit.com,Legal,983-311-2848,Piškorevci
2644,Delmore,Liebmann,dliebmannhv@loc.gov,Marketing,656-685-7581,Porciúncula
2645,Dniren,Tombs,dtombshw@netvibes.com,Legal,568-267-0867,Baniachang
2646,Belva,Grishanin,bgrishaninhx@alexa.com,Services,159-305-2116,Jeju-si
2647,Charmane,Dunkersley,cdunkersleyhy@ezinearticles.com,Engineering,169-452-8480,Taihe
2648,Abrahan,Kopps,akoppshz@linkedin.com,Business Development,771-268-9335,Xiayang
2649,Aubrey,Caurah,acaurahi0@redcross.org,Legal,676-296-3349,Januszkowice
2650,Clemmy,Tomasoni,ctomasonii1@mozilla.com,Training,355-325-4224,Ust’ye
2651,Consuela,Lulham,clulhami2@merriam-webster.com,Legal,117-726-5033,Sitularang Landeuh
2652,Lida,Henmarsh,lhenmarshi3@biglobe.ne.jp,Legal,125-920-6587,Itaberaba
2653,Wenona,Verrell,wverrelli4@smh.com.au,Engineering,747-223-8753,Gelin
2654,Skylar,Oldcroft,soldcrofti5@rakuten.co.jp,Accounting,703-884-9600,Paupanda Bawah
2655,Jackquelin,Sloan,jsloani6@mtv.com,Engineering,464-774-2267,La Tebaida
2656,Gladi,Varnham,gvarnhami7@wufoo.com,Research and Development,845-266-2811,Olo
2657,Roddy,Kike,rkikei8@imdb.com,Services,884-807-7889,Mačkovec
2658,Elly,Ludwikiewicz,eludwikiewiczi9@noaa.gov,Training,863-262-3271,Verkhnyaya Belka
2659,Stanislaw,Capel,scapelia@mysql.com,Training,436-281-5250,Gaza
2660,Callida,Gascoigne,cgascoigneib@netvibes.com,Research and Development,585-793-1697,Tebara
2661,Alida,Renard,arenardic@apple.com,Engineering,395-420-5375,Polykárpi
2662,Auguste,Heaphy,aheaphyid@un.org,Services,456-486-0913,Kyurdarmir
2663,Dur,Woolham,dwoolhamie@businessweek.com,Sales,239-962-2350,Kiloloran
2664,Kirk,Jeffreys,kjeffreysif@mail.ru,Legal,380-444-0171,Ranao
2665,Alexia,Regelous,aregelousig@cbsnews.com,Business Development,298-232-3819,Serrana
2666,Susie,Jope,sjopeih@chron.com,Legal,335-585-8858,Dimataling
2667,Shaine,Graveston,sgravestonii@ucla.edu,Services,577-880-7744,Tarusan
2668,Sandy,Breche,sbrecheij@booking.com,Human Resources,541-561-3535,Otllak
2669,Juliet,Phuprate,jphuprateik@ocn.ne.jp,Sales,979-146-9477,Arroyo Naranjo
2670,Grayce,Winchcum,gwinchcumil@altervista.org,Accounting,177-705-1468,Vale Covo
2671,Cece,Silley,csilleyim@theguardian.com,Sales,461-329-6752,Beaverlodge
2672,Karon,Collerd,kcollerdin@harvard.edu,Marketing,431-152-8305,Al Khānkah
2673,Dallas,Mulloch,dmullochio@bloglovin.com,Engineering,429-682-3817,Verkhnya Syrovatka
2674,Laverne,Miguel,lmiguelip@rakuten.co.jp,Research and Development,454-460-4554,Jadowniki Mokre
2675,Cristin,Dreger,cdregeriq@odnoklassniki.ru,Training,362-547-8010,Río Guayabal de Yateras
2676,Cathe,Cardoe,ccardoeir@usatoday.com,Human Resources,217-854-8527,Mañazo
2677,Freemon,Embleton,fembletonis@google.es,Training,639-968-6528,Laboulaye
2678,Elonore,Georgeson,egeorgesonit@woothemes.com,Legal,325-257-1539,Banjar Ponggang
2679,Nickie,Duggan,ndugganiu@sfgate.com,Human Resources,642-918-6434,Siem Reap
2680,Gladys,Isaak,gisaakiv@example.com,Engineering,778-752-6256,Novoarkhanhel’s’k
2681,Margette,Chaffyn,mchaffyniw@technorati.com,Human Resources,137-539-4213,Nice
2682,Zechariah,Sansome,zsansomeix@lulu.com,Legal,424-717-0226,Yanggu
2683,Adda,Trim,atrimiy@myspace.com,Marketing,260-136-8578,Dabbūrīya
2684,Lib,Bauman,lbaumaniz@homestead.com,Accounting,186-830-9958,Pokhara
2685,Audy,Camerana,acameranaj0@google.com.au,Training,261-234-3276,Inari
2686,Hortensia,Wingatt,hwingattj1@lulu.com,Research and Development,814-633-2743,Jiulong
2687,Ronica,Korba,rkorbaj2@addthis.com,Marketing,893-582-5800,El Pino
2688,Fifine,Beardmore,fbeardmorej3@cnn.com,Business Development,872-670-8067,Paltashaco
2689,Oberon,Hamlet,ohamletj4@soup.io,Product Management,860-316-2749,Kangding
2690,Sergio,Lacroux,slacrouxj5@sourceforge.net,Training,617-425-0143,Kašina
2691,Roselia,Jochen,rjochenj6@sohu.com,Legal,179-877-4352,Jindong
2692,Stace,Worling,sworlingj7@economist.com,Training,193-485-4155,Sironko
2693,Josi,Reedie,jreediej8@cisco.com,Accounting,336-290-6637,Mayanhe
2694,Teddy,Hellsdon,thellsdonj9@weibo.com,Research and Development,548-588-8695,Eskilstuna
2695,Wallache,Rutherforth,wrutherforthja@seesaa.net,Legal,667-150-6472,Dajalorong
2696,Alika,Gaukroger,agaukrogerjb@zdnet.com,Legal,208-703-6879,Quipot
2697,Hedi,Whylie,hwhyliejc@bing.com,Product Management,881-363-7106,Tobelo
2698,Jourdain,Symon,jsymonjd@over-blog.com,Marketing,932-972-9342,Haiyu
2699,Nikaniki,De Vaar,ndevaarje@google.fr,Engineering,179-434-1827,Bawshar
2700,Becky,McGuirk,bmcguirkjf@blogtalkradio.com,Support,547-983-8608,Ambatondrazaka
2701,Brenda,Predohl,bpredohljg@earthlink.net,Business Development,874-300-0949,Miandrivazo
2702,Stafford,Freda,sfredajh@marketwatch.com,Engineering,700-720-7664,Ayorou
2703,Raoul,Porter,rporterji@last.fm,Support,427-590-7186,Doibang
2704,Anderson,Nicol,anicoljj@elegantthemes.com,Training,476-726-0689,Panan
2705,Cesya,Baker,cbakerjk@merriam-webster.com,Services,619-714-8904,Adtugan
2706,Boothe,Wimmer,bwimmerjl@adobe.com,Training,570-468-5585,Sadowie
2707,Cherie,Strickland,cstricklandjm@hugedomains.com,Sales,295-731-6903,Kirkton
2708,Vidovic,Keuntje,vkeuntjejn@google.de,Support,189-409-9835,Chợ Lầu
2709,Briana,Mager,bmagerjo@pen.io,Business Development,421-123-9989,Machov
2710,Marita,Mateus,mmateusjp@tinypic.com,Research and Development,418-694-8843,Pamungguan
2711,Berthe,Ilyas,bilyasjq@t.co,Business Development,178-985-8333,Jiqu
2712,Shina,Gofford,sgoffordjr@economist.com,Training,166-258-6939,San Gabriel
2713,Priscilla,Belchambers,pbelchambersjs@ed.gov,Research and Development,781-680-6430,El Suyatal
2714,Mala,Littlepage,mlittlepagejt@oracle.com,Legal,563-193-6149,Al Mushannaf
2715,Elinor,Cansdale,ecansdaleju@irs.gov,Research and Development,964-507-7747,Huanan
2716,Joyous,McCall,jmccalljv@va.gov,Services,134-269-0104,Majan
2717,Quinn,Beddis,qbeddisjw@nytimes.com,Business Development,217-140-2267,Pinglin
2718,Humberto,Sancias,hsanciasjx@a8.net,Legal,163-894-3769,Kurumoch
2719,Beatrisa,Liggins,bligginsjy@fc2.com,Accounting,221-604-4461,Malinovskiy
2720,Sheilah,Tart,startjz@liveinternet.ru,Services,672-632-4358,Jabonga
2721,Mame,Wills,mwillsk0@rakuten.co.jp,Training,255-240-8575,Hetai
2722,Lennard,Senton,lsentonk1@google.ca,Legal,797-173-9969,Banakaja
2723,Dudley,Pobjay,dpobjayk2@guardian.co.uk,Research and Development,582-955-6334,Ñuñoa
2724,Essie,Overall,eoverallk3@admin.ch,Business Development,457-565-0677,Sheffield
2725,Forster,Winyard,fwinyardk4@buzzfeed.com,Services,375-412-0822,Toumodi
2726,Niall,Stive,nstivek5@topsy.com,Engineering,920-467-8164,Zangzhai
2727,Rolph,Bartosiak,rbartosiakk6@whitehouse.gov,Research and Development,695-227-6490,Novotroitskaya
2728,Edmon,Bachellier,ebachellierk7@narod.ru,Services,502-161-5513,Louisville
2729,Griselda,Stoving,gstovingk8@google.com.hk,Business Development,924-301-6223,Anse Boileau
2730,Fallon,Busen,fbusenk9@accuweather.com,Human Resources,958-986-4345,Huyunxiang
2731,Molly,Crutchley,mcrutchleyka@163.com,Sales,163-452-9708,Portëz
2732,Linette,Fibbings,lfibbingskb@theglobeandmail.com,Research and Development,793-776-3012,Tygda
2733,Wilmar,Puffett,wpuffettkc@ow.ly,Engineering,877-205-9470,Ringinagung
2734,Cacilia,Roddy,croddykd@yandex.ru,Research and Development,823-203-1094,Dobra
2735,Padraig,Catherall,pcatherallke@phpbb.com,Product Management,654-373-9568,Nandu
2736,Ami,Yendall,ayendallkf@about.com,Engineering,335-218-7141,Esparza
2737,Barbette,Huscroft,bhuscroftkg@github.io,Human Resources,657-706-5776,Viñales
2738,Whitby,Fackney,wfackneykh@symantec.com,Research and Development,967-786-6156,Yoshkar-Ola
2739,Giffy,Dorin,gdorinki@geocities.com,Business Development,683-470-5890,Laiyuan
2740,Evangeline,Finlator,efinlatorkj@craigslist.org,Services,632-381-5231,Pasirlimus
2741,Leonidas,Mil,lmilkk@g.co,Business Development,374-900-2309,Halayhay
2742,Harland,Trevenu,htrevenukl@nifty.com,Services,657-828-1924,Cipadung Timur
2743,Ines,Borg-Bartolo,iborgbartolokm@fotki.com,Sales,358-208-9930,Nusaherang
2744,Ardelia,Heckney,aheckneykn@foxnews.com,Legal,406-902-1257,Billings
2745,Renault,Gallemore,rgallemoreko@smugmug.com,Marketing,255-204-9826,Giade
2746,Cathrine,Bursnell,cbursnellkp@gov.uk,Business Development,143-494-4564,San Jose
2747,Wilfred,Lambole,wlambolekq@seattletimes.com,Marketing,190-293-5334,Floridablanca
2748,Arch,Bernardon,abernardonkr@home.pl,Product Management,220-232-8195,Trollhättan
2749,Ben,Ertelt,berteltks@furl.net,Research and Development,958-470-7853,Salon-de-Provence
2750,Aguistin,Erley,aerleykt@surveymonkey.com,Support,131-205-9523,Glinojeck
2751,Torrin,Antowski,tantowskiku@shutterfly.com,Services,129-601-8810,Deba Habe
2752,Janos,Pestor,jpestorkv@merriam-webster.com,Legal,715-256-9837,Sanban
2753,Sara-ann,Billison,sbillisonkw@google.es,Legal,349-632-1541,Mao’er
2754,Rhetta,Malham,rmalhamkx@freewebs.com,Accounting,553-771-0642,Крушопек
2755,Isadore,Gehrels,igehrelsky@washingtonpost.com,Training,881-534-8309,Leidian
2756,Sydney,Thoma,sthomakz@globo.com,Accounting,155-723-4576,Ormož
2757,Ewan,Thoresbie,ethoresbiel0@aboutads.info,Product Management,238-631-5257,Qal‘eh Ganj
2758,Shirl,Johnsson,sjohnssonl1@theatlantic.com,Research and Development,573-292-6277,Rajūzah
2759,Wright,Gernier,wgernierl2@sourceforge.net,Support,520-689-0440,Tucson
2760,Durand,Empleton,dempletonl3@histats.com,Human Resources,313-880-0535,Florida
2761,Berri,Marjanski,bmarjanskil4@businessinsider.com,Engineering,268-919-6951,Benavila
2762,Gregorio,Oddboy,goddboyl5@vkontakte.ru,Services,702-820-8583,Madaoua
2763,Gayle,Laidler,glaidlerl6@loc.gov,Services,620-123-4399,Haiyang
2764,Ransell,Bachmann,rbachmannl7@squidoo.com,Business Development,966-428-0389,Stockholm
2765,Afton,Pozer,apozerl8@ucsd.edu,Training,730-368-4020,Jāndiāla Sher Khān
2766,Virgilio,Cousans,vcousansl9@illinois.edu,Engineering,475-972-2794,Vila Flor
2767,Claiborn,enzley,cenzleyla@prnewswire.com,Services,349-439-5984,Bama
2768,Jolie,Kyndred,jkyndredlb@amazonaws.com,Sales,285-194-1282,Metsamor
2769,Ingunna,Chrstine,ichrstinelc@ebay.com,Accounting,967-662-1588,Xiangshui
2770,Nanni,McElhargy,nmcelhargyld@zimbio.com,Training,822-199-7968,Bejuco
2771,Daisi,Loweth,dlowethle@senate.gov,Services,537-473-0902,Saint-Louis
2772,Bil,Harsant,bharsantlf@blinklist.com,Support,568-437-3098,Repelón
2773,Ryon,Hinder,rhinderlg@guardian.co.uk,Research and Development,991-378-8125,Farsta
2774,Chad,Bucham,cbuchamlh@fda.gov,Business Development,109-386-4356,Kutampi
2775,Aldis,Blader,abladerli@jalbum.net,Human Resources,878-124-1921,Kedung
2776,Neilla,Lidgley,nlidgleylj@marriott.com,Accounting,801-860-1850,Al Khārijah
2777,Dorey,Cleve,dclevelk@vinaora.com,Legal,603-887-9661,Paris 08
2778,Lowe,Grix,lgrixll@meetup.com,Services,984-761-8307,Nowshera Cantonment
2779,Adelaide,Bedin,abedinlm@pbs.org,Research and Development,441-639-9267,Tongda
2780,Mel,Bourgeois,mbourgeoisln@comcast.net,Research and Development,878-974-5475,Ibiporã
2781,Janos,Reasce,jreascelo@prlog.org,Support,365-137-2336,Barotac Nuevo
2782,Ingemar,Morando,imorandolp@usa.gov,Marketing,714-923-4128,Bộc Bố
2783,Ambur,Bullent,abullentlq@auda.org.au,Human Resources,913-445-3628,Al Khafjī
2784,Rudd,Ochterlony,rochterlonylr@meetup.com,Business Development,304-844-0445,San Roque
2785,Fonz,Schust,fschustls@xinhuanet.com,Marketing,168-610-2138,Usatove
2786,Stevena,Biaggi,sbiaggilt@blogtalkradio.com,Accounting,598-692-1628,Rudnichnyy
2787,Eden,Titherington,etitheringtonlu@oaic.gov.au,Product Management,701-293-7026,Uyutne
2788,Cassie,Halton,chaltonlv@eepurl.com,Engineering,180-894-1804,Sharkawshchyna
2789,Meaghan,Whitrod,mwhitrodlw@ebay.co.uk,Research and Development,411-952-8767,Bar
2790,Boris,Pavese,bpaveselx@so-net.ne.jp,Services,948-158-6312,Secunda
2791,Penelope,Leehane,pleehanely@google.co.uk,Engineering,351-606-3317,Mahdia
2792,Issi,Ullyott,iullyottlz@phoca.cz,Research and Development,729-324-2869,Mpraeso
2793,Parsifal,Agney,pagneym0@diigo.com,Product Management,666-779-2031,Brody
2794,Alyda,Penddreth,apenddrethm1@prlog.org,Accounting,227-767-1010,Florencio Sánchez
2795,Amity,D'Aulby,adaulbym2@skype.com,Accounting,477-895-7201,Teslić
2796,Stanislas,Culham,sculhamm3@kickstarter.com,Marketing,820-482-6055,Figueira Castelo Rodrigo
2797,Gaye,Prettyman,gprettymanm4@aol.com,Human Resources,556-298-5041,Saddina
2798,Travis,Brigshaw,tbrigshawm5@mayoclinic.com,Product Management,637-681-1952,Dzaoudzi
2799,Marie,Stowte,mstowtem6@unc.edu,Support,243-572-3812,Mtsensk
2800,Ava,Tumielli,atumiellim7@furl.net,Research and Development,171-237-9941,Enköping
2801,Elihu,Sorby,esorbym8@columbia.edu,Human Resources,640-160-0839,Mekarsari
2802,Joby,Coneybeare,jconeybearem9@addthis.com,Human Resources,119-330-1745,Talisayan
2803,Tibold,Degoey,tdegoeyma@independent.co.uk,Business Development,722-836-3790,Minh Lương
2804,Louise,Bamblett,lbamblettmb@toplist.cz,Product Management,773-526-2392,Morales
2805,Jess,Scimone,jscimonemc@pen.io,Sales,916-257-1717,Sacramento
2806,Randy,Coulton,rcoultonmd@army.mil,Accounting,615-568-2177,Cervantes
2807,Bradford,Morgan,bmorganme@hp.com,Research and Development,924-495-7215,Rāipur
2808,Sawyer,Edmonds,sedmondsmf@accuweather.com,Legal,326-125-9756,Changtian
2809,Hortense,Empringham,hempringhammg@over-blog.com,Legal,330-899-4079,Moravský Písek
2810,Ebba,Filipowicz,efilipowiczmh@wsj.com,Business Development,976-477-2230,Chapayeve
2811,Brett,Scamel,bscamelmi@abc.net.au,Services,856-621-8896,Borovany
2812,Kingsly,Boatwright,kboatwrightmj@mozilla.com,Support,137-473-1350,Akouda
2813,Chris,Casero,ccaseromk@spotify.com,Business Development,688-536-2957,Al Baqāliţah
2814,Candie,Camings,ccamingsml@aboutads.info,Engineering,328-607-2554,Haiyanmiao
2815,Zacherie,Matantsev,zmatantsevmm@symantec.com,Human Resources,516-359-9314,Vasilikón
2816,Gavrielle,Leyband,gleybandmn@nasa.gov,Product Management,393-636-8230,Caxias
2817,Sebastian,Laven,slavenmo@icq.com,Accounting,280-311-8397,Zagórów
2818,Katherina,Flintoft,kflintoftmp@wikispaces.com,Services,208-959-8716,Boise
2819,Fernande,Mawson,fmawsonmq@theatlantic.com,Product Management,417-249-1077,Gazli
2820,Madelyn,Kniveton,mknivetonmr@ask.com,Training,606-425-2444,Navan
2821,Wiley,Pounder,wpounderms@cnbc.com,Legal,667-611-2877,Jinfeng
2822,Dal,Blindmann,dblindmannmt@economist.com,Support,159-805-1309,Huidong
2823,Alex,Kuhnt,akuhntmu@prnewswire.com,Research and Development,365-418-5928,Al Marsá
2824,Broddy,Asey,baseymv@bbc.co.uk,Marketing,296-912-9481,Zborovice
2825,Aurlie,Carnilian,acarnilianmw@gizmodo.com,Accounting,162-305-1076,Xinzhuang
2826,Nikos,Penhalurick,npenhalurickmx@trellian.com,Marketing,528-185-7407,Ladário
2827,Lida,Cory,lcorymy@hud.gov,Business Development,502-697-9485,Cotovia
2828,Jerome,Sauter,jsautermz@w3.org,Product Management,387-502-6602,Jiuli
2829,Ilyse,Eckly,iecklyn0@tamu.edu,Product Management,475-865-1010,Krzęcin
2830,Goddard,Zouch,gzouchn1@google.com.br,Engineering,886-846-9466,Haputale
2831,Christoper,Capin,ccapinn2@ed.gov,Accounting,635-680-8339,Jandir
2832,Alvis,Rabbitt,arabbittn3@wordpress.org,Research and Development,407-222-9680,Amadora
2833,Justino,Nation,jnationn4@bing.com,Research and Development,610-647-1370,San Pedro Apartado
2834,Philly,Manssuer,pmanssuern5@diigo.com,Sales,315-635-8856,Isla Pucú
2835,Norah,By,nbyn6@oakley.com,Support,299-470-1719,Tefé
2836,Umberto,Grevile,ugrevilen7@europa.eu,Support,784-102-5272,Amuñgan
2837,Joli,Barwick,jbarwickn8@google.nl,Business Development,962-725-1816,Oslo
2838,Kayla,Hoggin,khogginn9@youku.com,Business Development,120-542-9366,Pudong
2839,Eadith,Ingarfill,eingarfillna@opensource.org,Research and Development,877-942-6140,Dimovo
2840,Parke,Goldsmith,pgoldsmithnb@pinterest.com,Product Management,568-868-4320,Iksan
2841,Liv,Broader,lbroadernc@ucla.edu,Business Development,208-163-2844,Bafilo
2842,Clementius,Kores,ckoresnd@spiegel.de,Training,943-687-9752,Göteborg
2843,Ninnetta,Addyman,naddymanne@tinyurl.com,Business Development,540-861-7363,Shah Alam
2844,Lloyd,Scahill,lscahillnf@deliciousdays.com,Business Development,384-166-3376,Tagapul-an
2845,Adair,Barthorpe,abarthorpeng@mlb.com,Support,443-991-6889,Tarasovskiy
2846,Willyt,Climie,wclimienh@ustream.tv,Research and Development,675-140-2301,Kampokpok
2847,Ophelia,Tredget,otredgetni@google.es,Legal,977-710-5570,Kill
2848,Amery,Nuzzi,anuzzinj@unesco.org,Product Management,242-439-8237,Lanchyn
2849,Gwenette,Lowndesbrough,glowndesbroughnk@clickbank.net,Product Management,665-753-3922,Iperu
2850,Johnette,Dell,jdellnl@squidoo.com,Research and Development,483-556-3891,San Miguel
2851,Elberta,Shemelt,eshemeltnm@quantcast.com,Engineering,117-679-6988,Shūsh
2852,Brian,Twyning,btwyningnn@cbsnews.com,Training,607-433-2774,Tyvriv
2853,Burke,Pigne,bpigneno@histats.com,Engineering,705-183-6519,Fier-Çifçi
2854,Korney,Jouhandeau,kjouhandeaunp@lycos.com,Research and Development,163-944-4296,Rokitno Szlacheckie
2855,Danit,Yackiminie,dyackiminienq@mac.com,Services,905-765-9795,Cabriz
2856,Sara,Liggons,sliggonsnr@jimdo.com,Accounting,819-576-4083,Ḩāfiz̧ Moghul
2857,Joel,Jedrych,jjedrychns@mysql.com,Research and Development,101-351-1367,Talavera
2858,Winnie,Draaisma,wdraaismant@php.net,Legal,132-432-6525,Peace River
2859,Leia,Twiggs,ltwiggsnu@europa.eu,Sales,317-942-5778,Zhaitou
2860,Shaylynn,Coffelt,scoffeltnv@nydailynews.com,Engineering,808-538-0529,Handegate
2861,Madelaine,Somerset,msomersetnw@hostgator.com,Engineering,635-563-5569,Luján
2862,Lynnett,Pepye,lpepyenx@wiley.com,Product Management,286-483-6945,Huangduobu
2863,Wyatan,Fidele,wfideleny@newyorker.com,Support,566-833-7100,Paltashaco
2864,Winfield,Gligorijevic,wgligorijevicnz@netscape.com,Research and Development,510-190-1729,København
2865,Olvan,Blaxall,oblaxallo0@amazon.co.uk,Engineering,122-593-9169,Jinhua
2866,Jonis,Armfirld,jarmfirldo1@forbes.com,Legal,473-567-3683,Si That
2867,Sayres,Heathcoat,sheathcoato2@bigcartel.com,Engineering,475-148-1423,Balatero
2868,Creigh,Hinkes,chinkeso3@cisco.com,Services,622-683-2807,Pitogo
2869,Neysa,Elliman,nellimano4@berkeley.edu,Services,510-748-2315,Tavira
2870,Caprice,Touhig,ctouhigo5@list-manage.com,Accounting,686-259-0585,Xiyuan
2871,Selle,Dewfall,sdewfallo6@redcross.org,Human Resources,373-918-3202,Karangarjo
2872,Magnum,Dibner,mdibnero7@archive.org,Product Management,971-250-9038,Mikuni
2873,Skip,Priest,spriesto8@house.gov,Accounting,269-501-1835,Maindang
2874,Chuck,Coniff,cconiffo9@ocn.ne.jp,Marketing,918-663-3259,Pondokunyur
2875,Sacha,Morriarty,smorriartyoa@utexas.edu,Research and Development,393-396-7591,Teminabuan
2876,Allegra,Warbrick,awarbrickob@boston.com,Accounting,682-969-0297,Brits
2877,Keane,Hryniewicz,khryniewiczoc@discuz.net,Research and Development,797-322-2753,Mmaaf
2878,Claudia,Wroth,cwrothod@mayoclinic.com,Business Development,142-279-2904,Marcovia
2879,Isahella,Fourmy,ifourmyoe@studiopress.com,Support,555-327-7153,Hujigou
2880,Laurice,Haistwell,lhaistwellof@chron.com,Training,612-106-8926,Minneapolis
2881,Doroteya,Marklow,dmarklowog@nymag.com,Legal,615-546-8647,Nashville
2882,Nevins,Stryde,nstrydeoh@vkontakte.ru,Marketing,890-291-1425,San Carlos
2883,Sanford,Aylward,saylwardoi@ifeng.com,Support,964-174-8923,Siedliska
2884,Ripley,Culbert,rculbertoj@cafepress.com,Support,343-553-1022,Riverton
2885,Moria,Cahen,mcahenok@tamu.edu,Accounting,290-257-1088,Tylicz
2886,Lorie,Gringley,lgringleyol@hhs.gov,Research and Development,281-617-8424,Al ‘Alamayn
2887,Heindrick,Wybrow,hwybrowom@wp.com,Product Management,401-319-0262,Shanghu
2888,Ethelin,Cozens,ecozenson@jimdo.com,Services,565-325-8409,Nanling
2889,Jade,Lince,jlinceoo@phpbb.com,Sales,559-391-7557,Chai Badan
2890,Griffie,Daughtrey,gdaughtreyop@seesaa.net,Business Development,575-587-0188,Canguçu
2891,Gaile,Cannop,gcannopoq@hexun.com,Sales,465-119-8418,Liuji
2892,Giustina,Hedgecock,ghedgecockor@ihg.com,Legal,716-183-1191,Alilem
2893,Corene,Gladtbach,cgladtbachos@dell.com,Sales,175-181-1574,La’ershan
2894,Kin,Mallabone,kmallaboneot@mediafire.com,Research and Development,253-461-0564,Segodim
2895,Brandais,Jurs,bjursou@bing.com,Research and Development,278-422-0723,Songgai
2896,Lenka,Lovelace,llovelaceov@studiopress.com,Support,202-896-2983,Washington
2897,Benni,Attwoul,battwoulow@prlog.org,Research and Development,172-237-2279,Jiḩānah
2898,Brian,Hannaway,bhannawayox@ow.ly,Marketing,439-315-2730,Tateyama
2899,Agosto,Chaddock,achaddockoy@mac.com,Services,585-660-3818,Archis
2900,Maggi,Wastell,mwastelloz@last.fm,Legal,167-801-2700,Kafr ad Dawwār
2901,Cecile,Gerholz,cgerholzp0@oracle.com,Engineering,372-332-1370,Daciyao
2902,Dukey,Labet,dlabetp1@liveinternet.ru,Marketing,111-482-8051,Ayapel
2903,Aileen,Pettisall,apettisallp2@oaic.gov.au,Support,375-316-0154,São João del Rei
2904,Claudetta,Swayton,cswaytonp3@squidoo.com,Human Resources,590-577-0214,Fāqūs
2905,Sib,Rubinfeld,srubinfeldp4@rambler.ru,Accounting,614-941-2119,An Naşşārīyah
2906,Vernen,Lambell,vlambellp5@so-net.ne.jp,Human Resources,941-162-2413,Bacelo
2907,Vivianna,Roobottom,vroobottomp6@hc360.com,Research and Development,908-140-7291,Stan-Bekhtemir
2908,Romy,Grimmolby,rgrimmolbyp7@howstuffworks.com,Training,866-860-6849,Alcaldedíaz
2909,Georgy,Cornels,gcornelsp8@dailymotion.com,Legal,712-692-8319,Tuanshan
2910,Derril,Litster,dlitsterp9@washingtonpost.com,Accounting,526-353-2594,Debre Werk’
2911,Cornelia,Willard,cwillardpa@google.fr,Training,745-699-9975,Strelka
2912,Tadeas,Roalfe,troalfepb@bing.com,Business Development,114-789-6076,Huxingshan
2913,Amandie,Clewer,aclewerpc@joomla.org,Support,718-928-0077,Santos Evos
2914,Eden,Scanes,escanespd@irs.gov,Training,457-596-6159,San Francisco de Yare
2915,Daniela,Lucchi,dlucchipe@wordpress.org,Marketing,918-642-8362,Mont-Dore
2916,Brandy,Helder,bhelderpf@technorati.com,Human Resources,352-180-6297,Zhemtala
2917,Margo,Milesop,mmilesoppg@vinaora.com,Business Development,980-483-7813,Cachada
2918,Maddy,Starling,mstarlingph@ifeng.com,Training,705-213-8893,Duri
2919,Ramsey,Derr,rderrpi@nytimes.com,Services,328-614-0711,Gudong
2920,Adriano,Pellew,apellewpj@google.com.hk,Research and Development,758-831-2770,Lamalewo
2921,Lauritz,McIlenna,lmcilennapk@acquirethisname.com,Legal,419-940-0895,Al Muţayrifī
2922,Corene,Burrage,cburragepl@ftc.gov,Marketing,669-836-8966,Dongji
2923,North,Leggott,nleggottpm@yelp.com,Business Development,953-825-0252,Claver
2924,Paloma,Corteney,pcorteneypn@instagram.com,Services,127-567-0255,Gaoshi
2925,Griffy,Steven,gstevenpo@dailymotion.com,Legal,230-876-6103,Ekazhevo
2926,Banky,Reicharz,breicharzpp@bbc.co.uk,Accounting,699-242-7117,Puma
2927,Roddie,Heining,rheiningpq@symantec.com,Human Resources,357-377-6364,Aţ Ţaybah
2928,Coralie,Eagar,ceagarpr@wufoo.com,Accounting,420-504-4153,Liufu
2929,Nial,Cornely,ncornelyps@rediff.com,Legal,809-174-8907,Goseong
2930,Martina,de Quesne,mdequesnept@prweb.com,Training,146-665-7740,Cabricán
2931,Esmeralda,MacGettigen,emacgettigenpu@ucsd.edu,Business Development,351-536-4051,Varniai
2932,Even,Screas,escreaspv@php.net,Engineering,851-561-6168,Yur’yev-Pol’skiy
2933,Ernie,Cousens,ecousenspw@woothemes.com,Legal,314-257-0959,Ulety
2934,Nichole,Pirson,npirsonpx@clickbank.net,Training,632-366-9480,Pilcuyo
2935,Zulema,Loughton,zloughtonpy@fotki.com,Marketing,830-126-4860,Iñapari
2936,Wat,Griffitt,wgriffittpz@discovery.com,Marketing,421-701-1768,Créteil
2937,Joan,Cheson,jchesonq0@bing.com,Support,628-509-0432,Zuwārah
2938,Jori,Arnefield,jarnefieldq1@google.fr,Sales,509-269-0435,Bangonay
2939,Debora,Hartegan,dharteganq2@springer.com,Marketing,296-478-7407,Mexico
2940,Ignacius,Rahill,irahillq3@buzzfeed.com,Accounting,879-159-3240,Saint-Avold
2941,Marielle,Jerromes,mjerromesq4@harvard.edu,Marketing,831-977-4120,Hougang
2942,Fleurette,Verni,fverniq5@shareasale.com,Support,100-639-8111,Venado Tuerto
2943,Dorena,Calloway,dcallowayq6@google.com.au,Business Development,817-137-5593,Blumenau
2944,Mamie,Skillern,mskillernq7@cdbaby.com,Business Development,409-257-3769,Simpanganduwet
2945,Reinwald,Seif,rseifq8@archive.org,Engineering,399-826-4415,Mshinskaya
2946,Pancho,Joint,pjointq9@biglobe.ne.jp,Research and Development,617-492-0756,Guadalupe Victoria
2947,Ariela,Askell,aaskellqa@scribd.com,Research and Development,444-259-0288,Szubin
2948,Devlen,Coultard,dcoultardqb@wikipedia.org,Human Resources,152-284-6507,Fonte da Aldeia
2949,Brandy,Malenoir,bmalenoirqc@imdb.com,Training,691-773-0148,Sanli
2950,Mersey,Jeyes,mjeyesqd@so-net.ne.jp,Sales,974-491-7807,Kan’onjichō
2951,Rivalee,Houchen,rhouchenqe@ycombinator.com,Services,410-671-7669,Wuyanquan
2952,Rhys,Hellmore,rhellmoreqf@dagondesign.com,Research and Development,756-396-8732,Kumla
2953,Kathye,Ornils,kornilsqg@theguardian.com,Research and Development,282-716-8533,Caridade
2954,Gloriane,Temprell,gtemprellqh@uiuc.edu,Engineering,131-207-9933,Kizhinga
2955,Carin,Buckthorp,cbuckthorpqi@ihg.com,Support,608-785-0147,Bystra
2956,Michel,Gainsburgh,mgainsburghqj@cyberchimps.com,Accounting,345-258-5117,Tyrnyauz
2957,Shawn,Obey,sobeyqk@sciencedaily.com,Sales,776-516-1162,Shamva
2958,Talbot,Blackborn,tblackbornql@scribd.com,Human Resources,352-176-6284,Toulouse
2959,Cam,Borg-Bartolo,cborgbartoloqm@bloglines.com,Marketing,493-257-0906,Moxi
2960,Lora,MacCostigan,lmaccostiganqn@answers.com,Support,477-437-3821,Kilinochchi
2961,Karol,Patty,kpattyqo@clickbank.net,Legal,923-585-7298,Shangganshan
2962,Creighton,Tome,ctomeqp@dropbox.com,Product Management,995-689-7604,Huangzhou
2963,Joelynn,Thurlby,jthurlbyqq@slashdot.org,Services,250-533-9699,Jiazhi
2964,Wilfrid,Redsull,wredsullqr@hud.gov,Training,496-525-2961,Grabów nad Prosną
2965,Leontyne,Pagin,lpaginqs@usgs.gov,Accounting,129-336-7847,Brumado
2966,Suzette,Lawles,slawlesqt@irs.gov,Marketing,232-481-6429,San Vicente
2967,Ediva,Orkney,eorkneyqu@infoseek.co.jp,Business Development,933-434-3087,Sotíra
2968,Elwyn,Snipe,esnipeqv@shop-pro.jp,Business Development,517-776-5428,Lansing
2969,Yard,Widd,ywiddqw@e-recht24.de,Sales,442-957-8181,Yanagawa
2970,Iosep,Masse,imasseqx@npr.org,Sales,225-515-7139,Alīpur
2971,Amandie,Eouzan,aeouzanqy@about.com,Engineering,563-309-5459,Miryang
2972,Amandi,Fleet,afleetqz@wordpress.org,Sales,580-560-3287,Ladoang
2973,Sisely,Shoard,sshoardr0@blogger.com,Marketing,446-441-9220,San Agustin
2974,Moira,Hann,mhannr1@latimes.com,Marketing,261-657-8377,Orléans
2975,Jacob,De Banke,jdebanker2@zimbio.com,Engineering,868-562-6225,Krebet
2976,Benton,Bleas,bbleasr3@aboutads.info,Services,422-302-0335,Salsipuedes
2977,Rickert,Rodgier,rrodgierr4@twitter.com,Engineering,753-845-9916,Xianzong
2978,Ailyn,Doul,adoulr5@php.net,Accounting,620-756-8326,Storozhynets’
2979,Jamaal,Gitthouse,jgitthouser6@nifty.com,Support,134-786-6873,Chengmagang
2980,Beryl,Staining,bstainingr7@example.com,Support,909-380-1472,Xinxu
2981,Fulvia,Arkill,farkillr8@reference.com,Support,310-556-0319,Zhongxi
2982,Ranee,Zanioletti,rzaniolettir9@dedecms.com,Engineering,970-207-8679,Lazaro Cardenas
2983,Dayle,Matus,dmatusra@t.co,Sales,977-722-6538,Pidvynohradiv
2984,Bevin,Courtin,bcourtinrb@cnn.com,Support,357-400-2813,Slyudyanka
2985,Massimiliano,Suermeiers,msuermeiersrc@over-blog.com,Accounting,556-858-7370,Pailitas
2986,Nolan,Stiell,nstiellrd@webmd.com,Legal,409-419-5748,Ban Thai Tan
2987,Shel,Magrane,smagranere@sogou.com,Legal,840-511-4013,Tiyuguan
2988,Lynde,Laughton,llaughtonrf@amazon.de,Services,871-528-3147,Nancang
2989,Beret,Mathewson,bmathewsonrg@linkedin.com,Product Management,541-951-1614,Polje
2990,Arty,Duncan,aduncanrh@icq.com,Support,508-246-0275,Shimeitang
2991,Bibbie,Andrys,bandrysri@typepad.com,Accounting,880-820-6590,Pyhäntä
2992,Irita,Walklott,iwalklottrj@shinystat.com,Sales,380-927-1080,Melissochóri
2993,Ailbert,Astman,aastmanrk@dell.com,Human Resources,458-898-0513,Talcahuano
2994,Merle,Larder,mlarderrl@xrea.com,Sales,513-983-7080,Zhanghua
2995,Patrica,Zelland,pzellandrm@eepurl.com,Research and Development,752-714-3887,Henglan
2996,Gaby,Sands-Allan,gsandsallanrn@t.co,Training,957-510-6071,Anling
2997,Mirelle,Copplestone,mcopplestonero@npr.org,Engineering,503-502-3971,Majāz al Bāb
2998,Saleem,McCaig,smccaigrp@etsy.com,Product Management,336-315-5952,Sibubuhan
2999,Pam,Arnott,parnottrq@123-reg.co.uk,Training,126-122-2101,Jabat
3000,Lanny,Franzonello,lfranzonellorr@psu.edu,Marketing,788-674-3202,Rukungiri
