id,first_name,last_name,email,department,phone_number,city
4001,Florence,Buffin,fbuffin0@loc.gov,Services,970-916-7893,Saharna
4002,Cordie,MacBean,cmacbean1@tumblr.com,Sales,414-714-6400,Dashiju
4003,Shelley,Bodsworth,sbodsworth2@whitehouse.gov,Support,676-642-4824,Jiuzhou
4004,Vallie,Wallworke,vwallworke3@unesco.org,Services,700-486-7017,Dzüünbulag
4005,Katti,Rawlins,krawlins4@ox.ac.uk,Engineering,467-699-6111,Envigado
4006,Raynell,Gabb,rgabb5@goo.gl,Engineering,474-769-0683,Xinglong
4007,Cayla,Le Blanc,cleblanc6@amazon.co.jp,Sales,416-255-9631,Chishui
4008,Pembroke,Riccelli,priccelli7@fda.gov,Engineering,664-418-5438,Tomaševac
4009,Mable,Tender,mtender8@slashdot.org,Legal,829-932-6416,Jelisavac
4010,Eldin,Glaum,eglaum9@behance.net,Engineering,592-339-3811,Samacá
4011,Chris,MacMeanma,cmacmeanmaa@cornell.edu,Accounting,995-772-3137,Carepa
4012,Rena,Kowalik,rkowalikb@google.fr,Training,657-916-5622,Vilar
4013,Bibby,O'Hogertie,bohogertiec@umn.edu,Services,451-190-7072,Göteborg
4014,Merl,Trevethan,mtrevethand@un.org,Sales,511-960-2439,Fengcheng
4015,Luciano,Judgkins,ljudgkinse@google.fr,Services,580-281-0113,Tigbaw
4016,Jocko,De Mars,jdemarsf@bbb.org,Accounting,583-228-8130,Nakatsugawa
4017,Walsh,Morcombe,wmorcombeg@dion.ne.jp,Human Resources,324-353-6564,Strzelce Krajeńskie
4018,Kevyn,Puckham,kpuckhamh@sourceforge.net,Marketing,861-664-8525,Wanli
4019,Mimi,Roberti,mrobertii@google.com,Product Management,780-501-5640,Macia
4020,Tomi,Billingsley,tbillingsleyj@livejournal.com,Legal,210-282-8294,Neni
4021,Sapphire,Ellacott,sellacottk@alexa.com,Support,607-132-3569,Nagosela
4022,Carleen,Cowper,ccowperl@biblegateway.com,Support,826-528-1034,Mao’ershan
4023,Maddie,McCoughan,mmccoughanm@yelp.com,Sales,662-456-1134,Łubowo
4024,Fredric,Mish,fmishn@dagondesign.com,Marketing,166-329-2441,Ticaco
4025,Adele,Collyear,acollyearo@godaddy.com,Research and Development,212-364-9983,Buzuluk
4026,Rustin,Skrine,rskrinep@booking.com,Product Management,601-484-8304,Pedra Azul
4027,Hanni,Ashworth,hashworthq@umich.edu,Human Resources,150-278-0351,As Salţ
4028,Shae,Balffye,sbalffyer@gov.uk,Business Development,848-344-4371,Medan
4029,Gian,Bridewell,gbridewells@csmonitor.com,Accounting,709-610-3629,Gikongoro
4030,Kara-lynn,Chastand,kchastandt@last.fm,Product Management,666-919-5081,San José
4031,Marti,Stroder,mstroderu@sun.com,Engineering,590-767-3494,Yandang
4032,Hattie,Rulf,hrulfv@ca.gov,Product Management,713-218-1349,Liushutun
4033,Brett,Tirrell,btirrellw@yolasite.com,Human Resources,386-849-8689,Sergeyevka
4034,Chilton,Duffus,cduffusx@sciencedaily.com,Research and Development,179-715-9590,Alma
4035,Alfi,Wodeland,awodelandy@hexun.com,Accounting,305-700-8309,Karobokan
4036,Marcia,Peacock,mpeacockz@cocolog-nifty.com,Services,801-525-6978,Beylagan
4037,Klement,Westmoreland,kwestmoreland10@adobe.com,Services,683-498-9351,Andongwei
4038,Allx,Norker,anorker11@pen.io,Human Resources,660-844-7433,Shuanghe
4039,Burlie,Pinyon,bpinyon12@vkontakte.ru,Human Resources,670-550-5389,Sobreira
4040,Shantee,Mertsching,smertsching13@typepad.com,Product Management,112-189-2356,Hurghada
4041,Sawyere,Pottiphar,spottiphar14@bizjournals.com,Legal,337-696-3817,Bandungan Timur
4042,Kass,Caudrelier,kcaudrelier15@exblog.jp,Support,763-225-1190,Sawankhalok
4043,Isa,Hubane,ihubane16@xrea.com,Research and Development,982-835-0126,Santa Cruz do Rio Pardo
4044,Waly,Salt,wsalt17@addthis.com,Training,572-910-2530,Acatenango
4045,Krissie,Sherrocks,ksherrocks18@vk.com,Engineering,965-413-2564,Baiyun
4046,Loree,Wyard,lwyard19@dyndns.org,Support,197-801-6816,København
4047,Angelico,aManger,aamanger1a@nature.com,Accounting,864-121-7799,Novoselë
4048,Patience,Magne,pmagne1b@slideshare.net,Accounting,845-773-2500,Igaraçu do Tietê
4049,Ewart,Ivan,eivan1c@google.com,Sales,982-276-1890,Xingtai
4050,Eddy,Mucklo,emucklo1d@com.com,Legal,386-311-5600,Mērsrags
4051,Cristy,Brabender,cbrabender1e@icq.com,Training,257-929-0979,Paisha
4052,Krishnah,Yaus,kyaus1f@mashable.com,Product Management,938-381-3684,Gordon Town
4053,Melitta,Brosoli,mbrosoli1g@dailymotion.com,Support,696-440-3376,Hultsfred
4054,Amelie,Wagon,awagon1h@blogs.com,Accounting,553-620-1105,Arai
4055,Vivian,Hearon,vhearon1i@i2i.jp,Research and Development,304-380-4468,Ryazan’
4056,Ivie,Tailour,itailour1j@ameblo.jp,Legal,341-243-9296,Soledar
4057,Aimil,Edmonston,aedmonston1k@whitehouse.gov,Support,564-630-7260,Bharatpur
4058,Caressa,O'Haire,cohaire1l@purevolume.com,Services,208-550-4228,Los Frentones
4059,Kristo,Steeden,ksteeden1m@psu.edu,Product Management,256-758-6805,Khon Buri
4060,Christin,Dell Casa,cdellcasa1n@desdev.cn,Support,502-446-4250,Serebryanyye Prudy
4061,Karla,Farrington,kfarrington1o@drupal.org,Research and Development,849-461-7991,Emiliano Zapata
4062,Rufe,Dickie,rdickie1p@nymag.com,Human Resources,665-589-4209,Idi Iroko
4063,Reyna,Cosbey,rcosbey1q@state.gov,Research and Development,806-834-6822,Shaozhai
4064,Flemming,Itschakov,fitschakov1r@scientificamerican.com,Business Development,329-963-2729,Oltintopkan
4065,Wolfie,Driffield,wdriffield1s@ask.com,Legal,483-486-2131,Jiaoxie
4066,Reginald,Batecok,rbatecok1t@wikia.com,Accounting,531-717-0982,Telangi Satu
4067,Dave,Kinsey,dkinsey1u@google.cn,Training,998-681-3970,Xijiao
4068,Brent,Vinas,bvinas1v@hatena.ne.jp,Training,267-561-7418,Oehala
4069,Marilyn,Shepherdson,mshepherdson1w@canalblog.com,Research and Development,538-504-9424,Liuzhi
4070,Nelie,Greenhill,ngreenhill1x@msu.edu,Support,313-157-3411,Micheng
4071,Zacharia,Ellerey,zellerey1y@house.gov,Business Development,817-235-5132,Arlington
4072,Yovonnda,Bontine,ybontine1z@flickr.com,Business Development,475-864-3481,Logon
4073,Simmonds,Halksworth,shalksworth20@free.fr,Accounting,121-559-5200,Lipu
4074,Fremont,Zuanazzi,fzuanazzi21@homestead.com,Business Development,667-488-5003,Huangbayi
4075,Caspar,Hulcoop,chulcoop22@biblegateway.com,Human Resources,925-133-2391,Murovanoye
4076,Fremont,Altamirano,faltamirano23@unesco.org,Support,701-482-0012,Zharkent
4077,Adolphus,Fancutt,afancutt24@networkadvertising.org,Support,802-743-6942,Saint-Laurent-Blangy
4078,Romona,Parlett,rparlett25@walmart.com,Research and Development,439-484-3945,Chishui
4079,Adrian,Lee,alee26@google.cn,Engineering,199-114-6404,Arapongas
4080,Kristel,Chitty,kchitty27@cbsnews.com,Legal,928-504-9622,Shuiyuesi
4081,Joshia,Drever,jdrever28@is.gd,Marketing,662-278-3552,Kirovskaya
4082,Ly,Smallpiece,lsmallpiece29@linkedin.com,Accounting,148-884-3977,Zyukayka
4083,Amberly,Meynell,ameynell2a@goo.ne.jp,Services,227-748-7391,Dianzi
4084,Reese,Peatheyjohns,rpeatheyjohns2b@wordpress.com,Support,200-688-5354,Manika
4085,Lynnet,Dunnion,ldunnion2c@chicagotribune.com,Training,456-750-6561,Guaíba
4086,Grady,Skittrall,gskittrall2d@weebly.com,Training,690-957-6572,Sigavé
4087,Doro,Beinke,dbeinke2e@comcast.net,Legal,366-131-2205,San Andros
4088,Richart,Reubel,rreubel2f@yellowbook.com,Training,821-151-5698,Roi Et
4089,Wynn,Logsdail,wlogsdail2g@livejournal.com,Support,886-685-7601,Varpaisjärvi
4090,Abdel,Burgoyne,aburgoyne2h@tumblr.com,Business Development,244-887-4000,Honghe
4091,Essy,Oxer,eoxer2i@yelp.com,Research and Development,419-395-6333,Brikama
4092,Bobbie,McGrey,bmcgrey2j@ask.com,Sales,635-664-1963,Jinghai
4093,Rafaelia,Frigot,rfrigot2k@engadget.com,Business Development,175-616-5448,Sukabumi
4094,Osgood,Weightman,oweightman2l@yahoo.co.jp,Research and Development,547-908-9481,Basen
4095,Tallia,MacAlester,tmacalester2m@desdev.cn,Human Resources,742-803-8291,Jietou
4096,Yule,Brockbank,ybrockbank2n@tinypic.com,Research and Development,693-679-9844,Jingchuan
4097,Jacky,Drury,jdrury2o@indiegogo.com,Human Resources,187-130-7631,Balazar
4098,Britt,Kincla,bkincla2p@sphinn.com,Legal,335-489-1101,Balally
4099,Loydie,D'eath,ldeath2q@unc.edu,Product Management,123-917-6413,Frontignan
4100,Brittni,Samper,bsamper2r@deliciousdays.com,Training,430-412-4344,Sendangagung
4101,Nerita,Pamplin,npamplin2s@globo.com,Legal,507-133-0040,San Jacinto
4102,Siana,Gouldthorpe,sgouldthorpe2t@cargocollective.com,Accounting,306-629-7124,Zambujeira do Mar
4103,Arielle,Jedrzejewicz,ajedrzejewicz2u@github.com,Human Resources,635-152-2510,Kallithéa
4104,Stan,La Grange,slagrange2v@usa.gov,Support,359-809-6344,Oliver
4105,Melamie,Zold,mzold2w@yellowbook.com,Sales,795-702-3198,Arcena
4106,Matias,Clows,mclows2x@eventbrite.com,Accounting,651-817-2002,Dogbo
4107,Lark,Cockling,lcockling2y@shop-pro.jp,Training,412-786-6924,Yangjiao
4108,Cullen,Macura,cmacura2z@springer.com,Sales,349-644-9509,Kalatongke
4109,Chicky,Beeching,cbeeching30@apple.com,Services,583-712-9787,Jeżów
4110,Beverlie,Brettor,bbrettor31@furl.net,Training,168-975-1907,Pasirnangka
4111,Berny,Crowcher,bcrowcher32@ebay.co.uk,Sales,256-521-1290,Severobaykal’sk
4112,Hillery,Sundin,hsundin33@washington.edu,Training,276-121-9381,Jamao al Norte
4113,Gunilla,Ambler,gambler34@baidu.com,Marketing,410-995-0494,Qingchuan
4114,Ignacio,Silmon,isilmon35@networkadvertising.org,Marketing,895-918-2077,Újezd
4115,Philly,Albisser,palbisser36@comsenz.com,Sales,841-737-3754,Birātnagar
4116,Alanna,Redhills,aredhills37@csmonitor.com,Human Resources,666-349-1095,Payaman
4117,Garvin,Quarmby,gquarmby38@typepad.com,Services,904-781-8695,Oepula
4118,Deanna,Sawl,dsawl39@exblog.jp,Training,343-901-3073,Cidima
4119,Augustina,Nottingam,anottingam3a@census.gov,Support,270-454-9175,Sakaraha
4120,Clarey,Panketh,cpanketh3b@webs.com,Support,875-213-7798,Horní Libina
4121,Harcourt,Steabler,hsteabler3c@desdev.cn,Legal,987-383-6208,Cevicos
4122,Filberto,Janoschek,fjanoschek3d@skype.com,Product Management,428-493-7565,Provins
4123,Bartholomeo,Eyam,beyam3e@blinklist.com,Marketing,588-583-1778,Lendan
4124,Jennette,Whillock,jwhillock3f@quantcast.com,Legal,441-137-8450,Macinhata da Seixa
4125,Dolley,Tibols,dtibols3g@ameblo.jp,Engineering,116-718-8831,Klinan
4126,Fitz,Millthorpe,fmillthorpe3h@house.gov,Legal,895-200-9611,Vidnoye
4127,Wilmar,Stonuary,wstonuary3i@people.com.cn,Services,769-962-5792,Tambarangan
4128,Von,Daughton,vdaughton3j@bloglovin.com,Product Management,773-135-1103,Lanigan
4129,Laure,Reucastle,lreucastle3k@discuz.net,Product Management,545-436-0010,Gaigeturi
4130,Park,Minto,pminto3l@weebly.com,Support,336-632-8575,Nice
4131,Frasquito,Shadfourth,fshadfourth3m@skyrock.com,Legal,157-453-0846,Carrigaline
4132,Serene,Kenworth,skenworth3n@acquirethisname.com,Research and Development,205-707-4611,Cendagah
4133,Myranda,Verner,mverner3o@netlog.com,Training,280-749-0196,Kilcullen
4134,Laughton,Northcott,lnorthcott3p@si.edu,Business Development,462-290-0685,Vuokatti
4135,Yettie,Battell,ybattell3q@tuttocitta.it,Legal,798-840-9532,Clones
4136,Rickard,Halshaw,rhalshaw3r@ebay.co.uk,Research and Development,979-516-3411,Parang
4137,Sherry,Lowbridge,slowbridge3s@amazon.co.jp,Human Resources,312-318-8381,Chicago
4138,Timothea,Goldsmith,tgoldsmith3t@nyu.edu,Human Resources,823-674-1358,Kozlovice
4139,Tiffani,Raveau,traveau3u@sciencedaily.com,Support,270-299-3145,Tongjin
4140,Letizia,Lalonde,llalonde3v@shutterfly.com,Product Management,903-256-2378,Vlissingen
4141,Feliza,Rishman,frishman3w@yellowbook.com,Business Development,910-212-9096,Berezanka
4142,Dulcea,Joret,djoret3x@upenn.edu,Accounting,915-164-9874,El Banco
4143,Sheffy,Gentner,sgentner3y@phpbb.com,Research and Development,561-412-6083,La Charité-sur-Loire
4144,Stacie,Manwaring,smanwaring3z@dot.gov,Accounting,275-381-8911,Astara
4145,Miof mela,Claypoole,mclaypoole40@kickstarter.com,Accounting,661-192-9957,Ribas
4146,Etty,Bowshire,ebowshire41@utexas.edu,Legal,122-881-4763,Los Cóndores
4147,Shell,Florez,sflorez42@columbia.edu,Research and Development,359-785-0923,Áno Liósia
4148,Andrej,Relton,arelton43@arizona.edu,Legal,974-638-9399,Menghai
4149,Correna,Andre,candre44@wired.com,Sales,529-438-5107,Qincheng
4150,Tull,Cicchetto,tcicchetto45@netscape.com,Support,904-308-4126,Nagiba
4151,Lorenzo,Benadette,lbenadette46@gravatar.com,Training,926-817-5901,Rybarzowice
4152,Brand,Toyne,btoyne47@etsy.com,Accounting,187-333-0937,Arteche
4153,Arabela,Wigan,awigan48@clickbank.net,Services,581-141-2425,Bryansk
4154,Carlie,Stachini,cstachini49@canalblog.com,Training,734-544-8326,Kastsyukovichy
4155,Peggie,Mallebone,pmallebone4a@plala.or.jp,Legal,190-483-1998,Linköping
4156,Rahal,Freebury,rfreebury4b@springer.com,Engineering,219-590-5276,Jagistay
4157,Rubina,Wyeth,rwyeth4c@globo.com,Services,206-750-0487,Cullhuas
4158,Joannes,Van den Bosch,jvandenbosch4d@vinaora.com,Marketing,968-417-6451,Mirpur Khas
4159,Mahala,Stopps,mstopps4e@histats.com,Product Management,531-791-6043,Shanmu
4160,Kaye,Sybbe,ksybbe4f@omniture.com,Marketing,543-378-0479,Leuwayang
4161,Shell,Santos,ssantos4g@wp.com,Business Development,470-145-2991,Kapan
4162,Donny,Dellenbrook,ddellenbrook4h@github.io,Engineering,704-549-3506,Sam Phran
4163,Georgina,McCrystal,gmccrystal4i@4shared.com,Services,275-985-9845,Niška Banja
4164,Clarita,Kilmary,ckilmary4j@sciencedirect.com,Marketing,365-723-4929,Apostolove
4165,Wallas,Washtell,wwashtell4k@dailymotion.com,Legal,970-839-0210,Nekla
4166,Kile,Sproat,ksproat4l@rambler.ru,Marketing,797-310-2669,Cherga
4167,Timoteo,Cattow,tcattow4m@apache.org,Training,295-102-2938,Makoua
4168,Danie,Shelp,dshelp4n@google.ru,Product Management,484-806-4870,Qintang
4169,Vaughn,Fergusson,vfergusson4o@ameblo.jp,Research and Development,304-374-8096,Sigou
4170,Scot,Damant,sdamant4p@hc360.com,Sales,360-163-2281,Negara
4171,Jaquelin,Kinney,jkinney4q@g.co,Marketing,698-521-4318,Cache Creek
4172,Ingrim,Skillett,iskillett4r@bravesites.com,Sales,730-993-8379,Babiak
4173,Janey,Umpleby,jumpleby4s@wsj.com,Human Resources,495-321-8903,Limoeiro de Anadia
4174,Fidel,Heifer,fheifer4t@seesaa.net,Human Resources,189-809-1991,Yono
4175,Marilin,Dunnet,mdunnet4u@wiley.com,Support,394-297-2681,Wudui
4176,Eadith,Tunnah,etunnah4v@imdb.com,Training,464-721-0951,Colos
4177,Valma,Braunds,vbraunds4w@dagondesign.com,Legal,116-154-5726,Sáchica
4178,Franny,Dye,fdye4x@time.com,Training,772-629-1010,Shishang
4179,Basilio,Tasker,btasker4y@xing.com,Research and Development,156-630-2869,Zhangjiafan
4180,Calypso,Dublin,cdublin4z@hatena.ne.jp,Legal,355-968-3913,Ḩawf
4181,Elly,Heiton,eheiton50@prnewswire.com,Accounting,965-961-6114,Mentoro Wetan
4182,Bart,Parram,bparram51@cnbc.com,Training,253-350-1349,La Rochelle
4183,Sabina,Katte,skatte52@tinypic.com,Sales,233-164-7215,Aplahoué
4184,Saundra,Shotbolt,sshotbolt53@flavors.me,Marketing,534-536-1848,Kulia Village
4185,Roarke,Wymer,rwymer54@princeton.edu,Engineering,935-900-8088,Klokot
4186,Perla,Gooda,pgooda55@census.gov,Human Resources,435-908-2230,Sengeti
4187,Briano,Lutzmann,blutzmann56@tinypic.com,Support,265-538-9858,Dayan
4188,Adelaide,McShea,amcshea57@hubpages.com,Sales,861-616-4207,São Pedro de Muel
4189,Jessie,Facchini,jfacchini58@imgur.com,Accounting,381-795-0605,Sakhipur
4190,Laurette,Huonic,lhuonic59@washingtonpost.com,Human Resources,893-702-1304,Kupang
4191,Frannie,McCulloch,fmcculloch5a@macromedia.com,Marketing,600-263-6738,Jedlová
4192,Worth,Heaselgrave,wheaselgrave5b@sina.com.cn,Services,807-686-1258,Al Maşlūb
4193,Marchall,Fielders,mfielders5c@liveinternet.ru,Legal,900-946-9932,Pouso Alegre
4194,Lida,Calbrathe,lcalbrathe5d@google.com.br,Product Management,694-987-7772,Futu
4195,Jane,Domanski,jdomanski5e@simplemachines.org,Engineering,567-891-5335,Banyuurip
4196,Myra,Shorthouse,mshorthouse5f@opera.com,Human Resources,774-523-1765,Tantamayo
4197,Noel,Snalum,nsnalum5g@telegraph.co.uk,Support,401-264-0247,Lecherías
4198,Tabitha,Jayes,tjayes5h@seesaa.net,Human Resources,323-226-0737,Wucheng
4199,Alysa,Lossman,alossman5i@marketwatch.com,Training,185-992-4431,Changjiang
4200,Mollee,Cottrill,mcottrill5j@seattletimes.com,Support,136-869-0759,Kawm Umbū
4201,Garald,Mordue,gmordue5k@webnode.com,Training,392-952-9618,Povorino
4202,Essie,Maharey,emaharey5l@icio.us,Training,881-586-9603,Gayabaru
4203,Jacquelyn,Stambridge,jstambridge5m@globo.com,Engineering,585-548-7610,Bankeryd
4204,Annabell,Mackinder,amackinder5n@tripadvisor.com,Services,532-810-2550,Dogonbadan
4205,Rosemonde,Stiegers,rstiegers5o@amazon.com,Legal,732-588-7569,Ryazanskaya
4206,Dalston,Wateridge,dwateridge5p@istockphoto.com,Support,417-979-0156,Sölvesborg
4207,Randal,Drieu,rdrieu5q@wp.com,Research and Development,607-235-3053,Mae Charim
4208,Alberta,Teggart,ateggart5r@homestead.com,Legal,579-493-2834,Huancapallac
4209,Theo,O'Farrell,tofarrell5s@pbs.org,Business Development,695-292-9519,Medina Estates
4210,Marillin,Malletratt,mmalletratt5t@spiegel.de,Marketing,208-649-8197,Pasirputih
4211,Danie,Heineking,dheineking5u@amazon.com,Business Development,207-130-7091,Kuvshinovo
4212,Boone,Ramshaw,bramshaw5v@spiegel.de,Services,621-761-2637,Umuquena
4213,Hetti,Sauven,hsauven5w@networksolutions.com,Human Resources,421-240-3042,Laba Goumen
4214,Haley,Neild,hneild5x@reuters.com,Training,639-937-2585,Kuznetsovs’k
4215,Dolorita,Pleavin,dpleavin5y@paypal.com,Accounting,854-986-7146,Chennevières-sur-Marne
4216,Devy,Crosen,dcrosen5z@buzzfeed.com,Marketing,580-427-0099,Cipesing
4217,Shem,Lomasna,slomasna60@wikimedia.org,Engineering,573-105-2889,Tandaltī
4218,Dene,Tyndall,dtyndall61@homestead.com,Business Development,644-592-6811,Dongobesh
4219,Devora,Glading,dglading62@businesswire.com,Legal,907-354-0757,Letlhakane
4220,Faina,Chadburn,fchadburn63@blogspot.com,Engineering,114-487-1116,Vilar do Pinheiro
4221,Natala,Karel,nkarel64@cdc.gov,Engineering,356-771-8509,Pszczew
4222,Vernor,Dinesen,vdinesen65@ucoz.com,Marketing,706-349-7858,Columbus
4223,Aarika,Renison,arenison66@shutterfly.com,Services,112-419-5739,Sutukoba
4224,Jeanie,Riolfi,jriolfi67@twitpic.com,Accounting,588-450-8979,Mūsa Khel Bāzār
4225,Eddy,Earwicker,eearwicker68@vimeo.com,Services,786-982-7628,Kalývia
4226,Lorianne,Oswell,loswell69@jigsy.com,Marketing,245-318-8454,Tomislavgrad
4227,Tam,Dechelette,tdechelette6a@noaa.gov,Research and Development,657-196-3906,Yayva
4228,Roshelle,Mason,rmason6b@webnode.com,Human Resources,604-634-3082,Dzików Stary
4229,Hogan,Westmerland,hwestmerland6c@drupal.org,Product Management,437-980-6042,Kim Sơn
4230,Franchot,Duligall,fduligall6d@cbc.ca,Sales,130-665-6042,Vassouras
4231,Hestia,O'Shirine,hoshirine6e@businessinsider.com,Training,568-601-2414,Penanggungan
4232,Rodrique,Davidov,rdavidov6f@skyrock.com,Business Development,797-973-9129,Oussivo
4233,Fabien,Leahair,fleahair6g@squidoo.com,Engineering,950-932-7492,Pingshan
4234,Nanette,Gullyes,ngullyes6h@reference.com,Legal,231-249-4823,Novopokrovskaya
4235,Neely,Crathern,ncrathern6i@yahoo.co.jp,Product Management,179-515-2204,Banjar Medura
4236,Cristy,Laflin,claflin6j@mtv.com,Engineering,520-670-3724,Tandayag
4237,Corny,Clemente,cclemente6k@walmart.com,Business Development,145-909-9006,Biwer
4238,Frasier,Eade,feade6l@usa.gov,Services,731-741-1786,Picoto
4239,Rourke,Simonnot,rsimonnot6m@cam.ac.uk,Business Development,552-610-6167,São José do Rio Preto
4240,Nichole,Everson,neverson6n@1688.com,Support,572-583-3194,Sopla
4241,Nikki,Beaglehole,nbeaglehole6o@booking.com,Support,929-815-5669,Sindangrasa
4242,Hoyt,Gayther,hgayther6p@pbs.org,Human Resources,607-323-0783,Otukpa
4243,Reube,Clear,rclear6q@xinhuanet.com,Engineering,176-990-1419,Iwakura
4244,Flinn,Struis,fstruis6r@sun.com,Legal,793-231-1865,Montpellier
4245,Tiena,Enders,tenders6s@rediff.com,Sales,622-880-9332,Arnhem
4246,Ginelle,Ferriere,gferriere6t@wsj.com,Sales,586-790-9359,Ansheng
4247,Gustaf,Duffill,gduffill6u@wordpress.com,Legal,923-362-5540,Singapore
4248,Cooper,Hunnicutt,chunnicutt6v@cocolog-nifty.com,Support,338-240-0312,Karangturi
4249,Emmi,Copplestone,ecopplestone6w@google.com.br,Product Management,178-800-1859,Mekarjaya Satu
4250,Gabrielle,Boot,gboot6x@unicef.org,Business Development,437-670-2197,Pasirjengkol
4251,Sheridan,Sculpher,ssculpher6y@issuu.com,Product Management,902-938-4511,Palompon
4252,Patric,Haucke,phaucke6z@instagram.com,Business Development,298-705-1060,Sattahip
4253,Joby,Camlin,jcamlin70@quantcast.com,Accounting,517-651-7077,Léfka
4254,Aldis,Linsley,alinsley71@networksolutions.com,Legal,995-194-0509,Charopó
4255,Franz,Springle,fspringle72@theglobeandmail.com,Business Development,615-857-5968,Nizhniye Achaluki
4256,Ashlan,Beathem,abeathem73@about.me,Marketing,821-279-0444,Shiogama
4257,Craggy,Daynter,cdaynter74@gnu.org,Human Resources,597-368-6009,El Tablón
4258,Allen,Mattaus,amattaus75@weather.com,Accounting,886-618-5884,Capela
4259,Reynolds,Pepperill,rpepperill76@mozilla.org,Sales,485-411-4938,Seren
4260,Louis,Gauchier,lgauchier77@scribd.com,Product Management,418-918-9986,Burqah
4261,Idette,Behnecken,ibehnecken78@walmart.com,Research and Development,537-658-2832,Ruy Barbosa
4262,Olga,Yonnie,oyonnie79@google.de,Research and Development,145-624-3354,Raków
4263,Everard,Pietrzak,epietrzak7a@huffingtonpost.com,Marketing,682-618-2225,Cikadu
4264,Liz,Summerbell,lsummerbell7b@netvibes.com,Support,325-345-0261,Piojó
4265,Gwyn,Halbert,ghalbert7c@wisc.edu,Product Management,730-250-9599,Tvarožná
4266,Jobi,Gothard,jgothard7d@woothemes.com,Business Development,704-565-9003,Viengxay
4267,Colman,Scrivner,cscrivner7e@about.com,Support,979-807-8980,Gaokan
4268,Mendy,Arondel,marondel7f@globo.com,Sales,730-437-4984,Taverny
4269,Maritsa,Isaacson,misaacson7g@google.com.hk,Legal,585-546-8856,Tāndo Mittha Khān
4270,Ardeen,Bruyns,abruyns7h@reuters.com,Services,761-827-9215,Canaman
4271,Artemus,Quince,aquince7i@chron.com,Business Development,298-958-6526,Karangpaningal
4272,Burg,Milvarnie,bmilvarnie7j@cbsnews.com,Engineering,520-291-8929,Nakhon Chai Si
4273,Jenine,O'Donovan,jodonovan7k@hhs.gov,Services,840-767-7690,Munturkaju
4274,Pammi,Folli,pfolli7l@amazon.co.uk,Sales,890-463-9150,Beiping
4275,Cynthie,Seamans,cseamans7m@drupal.org,Training,844-900-7640,Žagarė
4276,Ariela,Ceeley,aceeley7n@pagesperso-orange.fr,Marketing,964-242-8990,Daohe
4277,Ingrim,Scawen,iscawen7o@tinypic.com,Product Management,686-232-2410,Jintao
4278,Edythe,Van Arsdall,evanarsdall7p@newyorker.com,Legal,138-497-7428,Karanganyarkrajan
4279,Damita,Pirnie,dpirnie7q@google.de,Product Management,306-999-6851,Vazhiny
4280,Talbert,Tym,ttym7r@dot.gov,Sales,916-877-6480,Mazatenango
4281,Forester,Arnull,farnull7s@timesonline.co.uk,Training,951-209-5142,El Hamma
4282,Lilas,Menier,lmenier7t@ucla.edu,Training,199-664-3755,Tambo
4283,Lorianne,Yellowlee,lyellowlee7u@yandex.ru,Support,810-515-4941,Sanjwāl
4284,Reinaldos,Leason,rleason7v@tripadvisor.com,Accounting,388-419-4221,Décines-Charpieu
4285,Meta,Worsall,mworsall7w@photobucket.com,Legal,238-717-1093,Makur
4286,Trev,Gherarducci,tgherarducci7x@google.nl,Engineering,443-839-8847,San Fernando
4287,Kacie,Beese,kbeese7y@artisteer.com,Product Management,429-806-0597,Aubenas
4288,Kahlil,Janes,kjanes7z@cyberchimps.com,Services,850-655-9529,Ornontowice
4289,Hewett,Bruckent,hbruckent80@techcrunch.com,Product Management,397-495-3002,Dzhebariki-Khaya
4290,Darci,Oulner,doulner81@tinyurl.com,Human Resources,751-596-6778,Arrah
4291,Rutter,Molden,rmolden82@zimbio.com,Accounting,829-436-0294,Midland
4292,Rodger,Diament,rdiament83@feedburner.com,Engineering,347-861-9180,Kista
4293,Forest,Storr,fstorr84@networksolutions.com,Services,253-260-6950,Brades
4294,Giana,Callen,gcallen85@reuters.com,Marketing,801-309-8374,Krajan Tengah
4295,Sara,Happel,shappel86@creativecommons.org,Product Management,836-299-3066,Baruny
4296,Lorna,Palke,lpalke87@jugem.jp,Product Management,735-485-7914,Vale da Bajouca
4297,Dorian,Schruurs,dschruurs88@purevolume.com,Business Development,109-536-5176,Sherpur
4298,Sim,Windows,swindows89@gnu.org,Services,626-609-1833,Banxi
4299,Ferdy,Sleightholm,fsleightholm8a@blogspot.com,Product Management,109-268-6001,Jatimulyo
4300,Emilia,Wallace,ewallace8b@bigcartel.com,Research and Development,709-790-0999,Yoshkar-Ola
4301,Aurilia,Welberry,awelberry8c@sitemeter.com,Product Management,252-736-0792,Siaya
4302,Kipper,Cullabine,kcullabine8d@house.gov,Product Management,337-646-7613,Lindi
4303,Morgana,Emtage,memtage8e@tumblr.com,Business Development,152-731-0148,Coroico
4304,Juliet,Huntley,jhuntley8f@wikipedia.org,Engineering,850-335-3886,Talshand
4305,Saunder,Dawidsohn,sdawidsohn8g@google.de,Product Management,403-922-5374,Paris 11
4306,Bran,Worham,bworham8h@shutterfly.com,Product Management,935-251-5115,Taavetti
4307,Lesly,Lamberts,llamberts8i@illinois.edu,Product Management,169-391-8814,Prang Ku
4308,Lydia,McGeouch,lmcgeouch8j@geocities.com,Training,195-204-6643,Thành Phố Thái Bình
4309,Zacharias,Kynge,zkynge8k@redcross.org,Research and Development,577-409-0334,Blimbing
4310,Ryan,Durrans,rdurrans8l@plala.or.jp,Product Management,527-430-8298,Hüremt
4311,Haze,Dufaur,hdufaur8m@pagesperso-orange.fr,Research and Development,201-539-4509,Pajo
4312,Ashli,Wateridge,awateridge8n@wix.com,Legal,984-294-4698,Shunling
4313,Elsa,Felten,efelten8o@aboutads.info,Product Management,159-635-0339,Yebaishou
4314,Noelani,Rodrig,nrodrig8p@shareasale.com,Engineering,286-508-2477,Hlusk
4315,Alick,Bloxsum,abloxsum8q@archive.org,Services,368-333-0471,Bao’an
4316,Antonie,Leeman,aleeman8r@hud.gov,Services,401-261-6211,Hwawŏn
4317,Nanon,Bithell,nbithell8s@wix.com,Business Development,144-757-5153,Caen
4318,Donelle,Gentner,dgentner8t@unblog.fr,Sales,478-674-9548,Maisí
4319,Lane,Hawe,lhawe8u@prlog.org,Sales,215-537-7897,Salimbao
4320,Stefa,Grogono,sgrogono8v@dropbox.com,Human Resources,786-468-5918,Na Wa
4321,Teodoro,Rutter,trutter8w@etsy.com,Product Management,736-141-9231,Tiksi
4322,Marcille,Iacovozzo,miacovozzo8x@weebly.com,Marketing,705-469-7163,Shchelkovo
4323,Erek,Deniskevich,edeniskevich8y@deviantart.com,Business Development,802-505-7333,Floirac
4324,Ramona,Garrad,rgarrad8z@t.co,Sales,680-975-7235,Petrovo-Dal’neye
4325,Kata,Mitchall,kmitchall90@vinaora.com,Marketing,304-646-9859,Yugawara
4326,Karoly,Brownsea,kbrownsea91@hud.gov,Business Development,563-181-0997,Yuezhao
4327,Manon,Ropars,mropars92@arizona.edu,Legal,206-703-4199,Seattle
4328,Janela,Girardengo,jgirardengo93@twitter.com,Business Development,508-586-7208,Aleksandrovskiy Zavod
4329,Philippa,Kirton,pkirton94@godaddy.com,Sales,968-178-9199,Canoinhas
4330,Fionna,Reisen,freisen95@paypal.com,Legal,678-714-4128,Lima
4331,Lita,Adin,ladin96@edublogs.org,Research and Development,740-231-1944,Duqu
4332,Florance,Vost,fvost97@rambler.ru,Sales,578-114-2041,Tiyingtali Kelod
4333,Eada,Yakunchikov,eyakunchikov98@t.co,Product Management,748-367-0804,Hafnarfjörður
4334,Marvin,Ware,mware99@livejournal.com,Support,466-266-1795,Chartres
4335,Oona,Strainge,ostrainge9a@redcross.org,Sales,103-887-4933,Al Qurḩ
4336,Sibilla,Clarey,sclarey9b@loc.gov,Support,890-106-8495,Chlumec nad Cidlinou
4337,Moll,Marcum,mmarcum9c@opensource.org,Marketing,382-897-6865,Tohong
4338,Rolf,O'Duilleain,roduilleain9d@ustream.tv,Sales,803-105-3915,Labuhan Deli
4339,Marcelle,Klossmann,mklossmann9e@engadget.com,Research and Development,681-468-3583,Lakshmīpur
4340,Tallou,Davidsson,tdavidsson9f@arizona.edu,Services,732-368-5830,Vénissieux
4341,Erminia,Barrar,ebarrar9g@ebay.com,Services,708-819-7386,Stan-Bekhtemir
4342,Brigham,Hatherleigh,bhatherleigh9h@marketwatch.com,Services,200-368-8814,Świętochłowice
4343,Jean,Ghilks,jghilks9i@jalbum.net,Research and Development,921-841-3389,Dahu
4344,Maddy,Popping,mpopping9j@squidoo.com,Marketing,553-185-3500,Nevel’sk
4345,Wiatt,Raspison,wraspison9k@netvibes.com,Marketing,951-194-2030,Corona
4346,Delmore,Cromwell,dcromwell9l@amazon.co.uk,Marketing,646-525-4089,Hilversum
4347,Agace,Pressdee,apressdee9m@imageshack.us,Marketing,101-625-5958,Santarém
4348,Rube,Lamort,rlamort9n@hexun.com,Business Development,816-788-8518,Xiqi
4349,Karita,Schops,kschops9o@digg.com,Sales,867-663-9314,Severnoye
4350,Vivian,Greenhill,vgreenhill9p@army.mil,Legal,820-442-9925,Río Segundo
4351,Bertina,Dawidowsky,bdawidowsky9q@accuweather.com,Business Development,436-706-7216,Pueblo Nuevo
4352,Carolee,Eleshenar,celeshenar9r@xrea.com,Engineering,494-911-4102,Blantyre
4353,Sampson,Tunder,stunder9s@bluehost.com,Marketing,336-436-1871,Aragua de Barcelona
4354,Georgetta,Tyne,gtyne9t@wix.com,Services,485-846-9339,Salamá
4355,Pincus,Leipnik,pleipnik9u@usgs.gov,Product Management,886-386-4043,Ḩajjah
4356,Becki,Yelden,byelden9v@surveymonkey.com,Product Management,551-625-5391,San Felipe
4357,Eugenia,Whatham,ewhatham9w@alexa.com,Support,313-593-5334,Arvayheer
4358,Lura,Limeburn,llimeburn9x@feedburner.com,Research and Development,680-234-3583,Qinjia
4359,Gal,Dykas,gdykas9y@nba.com,Product Management,600-721-7657,Zghartā
4360,Orelia,Goldson,ogoldson9z@uiuc.edu,Training,800-801-4324,Heshi
4361,Goldie,Louth,gloutha0@deliciousdays.com,Accounting,764-459-6005,Biting
4362,Berky,Schrieves,bschrievesa1@pen.io,Training,481-140-9826,Kerema
4363,Marrilee,Gavrieli,mgavrielia2@japanpost.jp,Services,309-729-3013,Nybro
4364,Kittie,Schuler,kschulera3@blogger.com,Support,806-921-7875,Amagbagan
4365,Dunn,Penney,dpenneya4@quantcast.com,Human Resources,334-993-2287,Gwaram
4366,Marta,Rastall,mrastalla5@google.co.uk,Product Management,742-635-1199,Ngujung
4367,Kameko,Hardan,khardana6@mapy.cz,Product Management,998-675-8463,La Cañada
4368,Crin,Van Driel,cvandriela7@purevolume.com,Business Development,990-962-6815,Cotuí
4369,Vinson,Beels,vbeelsa8@etsy.com,Product Management,730-153-3232,Bayanhoshuu
4370,Frederico,Feragh,fferagha9@vkontakte.ru,Research and Development,898-646-9879,Omīdcheh
4371,Armand,Guarnier,aguarnieraa@amazon.com,Legal,436-207-0990,Monteros
4372,Kahlil,Banner,kbannerab@earthlink.net,Training,215-748-1535,Pizhma
4373,Loria,Bilborough,lbilboroughac@delicious.com,Engineering,893-263-2968,Jiuchenggong
4374,Francine,O'Hallagan,fohallaganad@homestead.com,Accounting,729-513-9174,Thị Trấn Lâm
4375,Adrea,Charman,acharmanae@google.es,Research and Development,404-720-8139,Yanggang
4376,Tove,Swedeland,tswedelandaf@scientificamerican.com,Engineering,425-111-3546,Palma Gil
4377,Orelia,Grenkov,ogrenkovag@microsoft.com,Human Resources,339-538-3836,Ранковце
4378,Belvia,Fatscher,bfatscherah@amazon.co.jp,Research and Development,742-509-7312,Kiruna
4379,Veda,Solway,vsolwayai@ft.com,Product Management,556-376-2909,Amgalang
4380,Glen,Warr,gwarraj@bbb.org,Sales,523-941-3926,Jiang’an
4381,Manolo,Perfitt,mperfittak@cbslocal.com,Accounting,168-861-7001,Čelopek
4382,Almire,Blatchford,ablatchfordal@comcast.net,Support,980-406-6821,Hanjiashu
4383,Brinna,Roskeilly,broskeillyam@hao123.com,Legal,694-767-9918,Khun Han
4384,Farra,Preshous,fpreshousan@adobe.com,Product Management,870-722-4979,Sanzhang
4385,Kermie,Templman,ktemplmanao@wix.com,Business Development,394-488-8833,Zall-Herr
4386,Maryjo,Twoohy,mtwoohyap@sohu.com,Support,778-925-0825,Chejiazhuang
4387,Inez,Kernermann,ikernermannaq@nsw.gov.au,Product Management,461-251-8360,Ḩalwān
4388,Claudina,Keyden,ckeydenar@drupal.org,Research and Development,533-778-2586,Qushi’an
4389,Korry,Hendrich,khendrichas@seesaa.net,Services,621-209-7547,Morocelí
4390,Linet,Denniston,ldennistonat@npr.org,Business Development,877-841-4930,Poá
4391,Vittoria,Lysons,vlysonsau@purevolume.com,Training,851-338-3130,Bailizhou
4392,Pebrook,Boland,pbolandav@diigo.com,Sales,266-397-2192,Palagao Norte
4393,Randi,Feaveer,rfeaveeraw@t-online.de,Services,883-878-7063,Zomba
4394,Lucian,Sunley,lsunleyax@ca.gov,Research and Development,698-175-4643,Panalingaan
4395,Rici,Pluthero,rplutheroay@engadget.com,Human Resources,459-587-0685,La Dicha
4396,Arleta,Kroin,akroinaz@unblog.fr,Human Resources,451-615-8065,Kashihara-shi
4397,Edmund,Langfat,elangfatb0@theglobeandmail.com,Sales,790-201-5235,Wucheng
4398,Vania,Frisch,vfrischb1@trellian.com,Legal,965-308-8077,Vyatskiye Polyany
4399,Wallie,Westwick,wwestwickb2@bbb.org,Engineering,304-772-2012,Xinwan
4400,Lauree,Muzzi,lmuzzib3@telegraph.co.uk,Product Management,262-604-5534,Pingdu
4401,Isiahi,Brannon,ibrannonb4@huffingtonpost.com,Business Development,467-537-7577,Tugu
4402,Jacynth,Cadden,jcaddenb5@xrea.com,Business Development,518-123-6837,Talavera
4403,Phil,Loughhead,ploughheadb6@google.ca,Marketing,668-494-5570,Hrochův Týnec
4404,Karissa,Johnston,kjohnstonb7@list-manage.com,Human Resources,460-890-0770,Lelystad
4405,Lorita,Lyttle,llyttleb8@mit.edu,Services,759-264-9228,Tamaki
4406,Haily,Kits,hkitsb9@bbc.co.uk,Support,996-198-2413,Qiaojia
4407,Lorri,Keems,lkeemsba@artisteer.com,Business Development,851-729-5926,Ruokolahti
4408,Shirline,Karpe,skarpebb@nba.com,Legal,775-577-6752,Jiji
4409,Tessa,Gajownik,tgajownikbc@people.com.cn,Product Management,754-877-3460,Gandorhun
4410,Dagmar,Exter,dexterbd@npr.org,Training,774-423-1431,Kaeng Khro
4411,Lira,Ellerker,lellerkerbe@adobe.com,Sales,600-631-6479,Jājarm
4412,Madelina,Mellhuish,mmellhuishbf@mozilla.org,Human Resources,711-712-3536,Luna
4413,Heriberto,Rubinfeld,hrubinfeldbg@answers.com,Support,299-517-4314,Kuripan
4414,Sidnee,McQuarrie,smcquarriebh@wp.com,Research and Development,975-574-6504,Johor Bahru
4415,Tess,Puller,tpullerbi@merriam-webster.com,Services,829-358-1329,Amieira do Tejo
4416,Alden,Fawthrop,afawthropbj@blogger.com,Business Development,845-111-3245,Xarsingma
4417,Engelbert,Durant,edurantbk@wiley.com,Support,615-905-3089,Ilhabela
4418,Corbet,Logesdale,clogesdalebl@slashdot.org,Research and Development,683-438-7056,Sokhumi
4419,Dixie,Bahde,dbahdebm@sogou.com,Product Management,224-280-6754,Muḩradah
4420,Elga,Harrie,eharriebn@comsenz.com,Accounting,446-577-4289,Trondheim
4421,Thedrick,Kelberer,tkelbererbo@1und1.de,Business Development,574-647-8141,Ciudad Bolívar
4422,Brendon,Piggott,bpiggottbp@google.com.hk,Research and Development,179-547-7157,Vargem Grande do Sul
4423,Izak,Stobbes,istobbesbq@lycos.com,Engineering,947-920-9482,Gardawice
4424,Noby,Dilworth,ndilworthbr@friendfeed.com,Product Management,484-967-2476,Mangga Dua
4425,Luce,Everett,leverettbs@google.com,Sales,513-357-6957,Thị Trấn Hát Lót
4426,Nikolia,Poter,npoterbt@mozilla.com,Product Management,660-618-6153,Banhā
4427,Desmund,Judd,djuddbu@pagesperso-orange.fr,Support,874-952-2782,Volovets
4428,Elga,Keerl,ekeerlbv@opera.com,Business Development,369-668-3382,Singapore
4429,Heriberto,Denver,hdenverbw@slideshare.net,Sales,760-996-6425,Tāfuna
4430,Keven,Northley,knorthleybx@php.net,Legal,204-628-0321,Ban Houayxay
4431,Amabelle,Merryfield,amerryfieldby@alexa.com,Legal,254-939-4752,San Antonio de los Baños
4432,Norton,Gurrado,ngurradobz@cnbc.com,Engineering,914-739-2654,Lafiagi
4433,Cesar,Putson,cputsonc0@altervista.org,Human Resources,816-590-8960,Acaraú
4434,Arlyne,McArthur,amcarthurc1@mapy.cz,Product Management,644-799-0755,Kainantu
4435,Elfie,Levicount,elevicountc2@time.com,Research and Development,488-612-1752,Santa Cruz Balanyá
4436,Bud,Gamble,bgamblec3@live.com,Legal,778-452-5946,Rojas
4437,Yancy,Launder,ylaunderc4@nytimes.com,Services,887-999-6755,Capinzal
4438,Melina,Riditch,mriditchc5@miitbeian.gov.cn,Engineering,201-581-4477,Chixi
4439,Dee dee,Batho,dbathoc6@illinois.edu,Marketing,452-754-2783,Sifala
4440,Rudolph,Connaughton,rconnaughtonc7@webeden.co.uk,Services,553-177-2589,Dordrecht
4441,Sherrie,Bodsworth,sbodsworthc8@unblog.fr,Business Development,399-918-8302,Padre Paraíso
4442,Radcliffe,Durward,rdurwardc9@trellian.com,Services,109-491-9849,Gujun
4443,Miranda,Garrique,mgarriqueca@example.com,Human Resources,157-284-0832,Qinglin
4444,Nonah,Callaghan,ncallaghancb@nba.com,Support,896-195-2944,Liuhu
4445,Bobby,Malecky,bmaleckycc@cnn.com,Marketing,776-783-1699,Podosinovets
4446,Silvanus,Crooke,scrookecd@hatena.ne.jp,Product Management,924-881-3343,Serra da Silveira
4447,Vin,Camoletto,vcamolettoce@noaa.gov,Services,869-308-2715,Takaka
4448,Jacques,Wallwork,jwallworkcf@csmonitor.com,Product Management,188-417-4066,Kamenica
4449,Brennen,Flanders,bflanderscg@census.gov,Marketing,757-508-2857,Cabuyao
4450,Marvin,Prothero,mprotheroch@newyorker.com,Support,466-760-2224,Turku
4451,Suzy,Abbitt,sabbittci@prweb.com,Human Resources,984-973-9446,Tulu Bolo
4452,Ivar,Plaxton,iplaxtoncj@cpanel.net,Legal,863-745-4490,Xiaoyi
4453,Alleyn,Innocent,ainnocentck@samsung.com,Product Management,583-659-3575,Hanyū
4454,Aloisia,Prantl,aprantlcl@ebay.com,Training,686-171-2282,Paris 15
4455,Kalila,De La Salle,kdelasallecm@nifty.com,Human Resources,722-608-8203,Ivyanyets
4456,Ewan,Dolling,edollingcn@google.fr,Research and Development,980-951-0889,Vanves
4457,Tiphanie,Deinhard,tdeinhardco@mac.com,Human Resources,308-123-8912,Beltinci
4458,Hermina,Aldington,haldingtoncp@cocolog-nifty.com,Research and Development,333-286-6123,Wolometang
4459,Sibeal,Souness,ssounesscq@trellian.com,Business Development,687-160-9975,Kema
4460,Rockie,Carbert,rcarbertcr@mlb.com,Product Management,770-943-9443,Sukamahi Satu
4461,Antonin,Ninotti,aninottics@pagesperso-orange.fr,Training,979-109-6921,Nanshi
4462,Lynea,Ebbs,lebbsct@imageshack.us,Training,289-561-4074,Minjian
4463,Ardisj,Chart,achartcu@rakuten.co.jp,Product Management,501-741-3976,Cekcyn
4464,Ileana,Karmel,ikarmelcv@miibeian.gov.cn,Services,816-730-4934,Torres Novas
4465,Emily,Menghi,emenghicw@simplemachines.org,Support,973-361-4885,Libacao
4466,Gabrielle,Muzzillo,gmuzzillocx@geocities.com,Research and Development,974-742-1909,Handan
4467,Alessandro,Rudolph,arudolphcy@pen.io,Business Development,382-149-8768,Maogang
4468,Bond,Schieferstein,bschiefersteincz@sun.com,Training,923-457-5513,Bojano
4469,Lazarus,McElane,lmcelaned0@mashable.com,Marketing,600-815-8570,Burträsk
4470,Fenelia,Dobell,fdobelld1@paginegialle.it,Marketing,461-917-2356,Saverne
4471,Giulietta,Stubbes,gstubbesd2@deviantart.com,Research and Development,183-342-5836,Yakimovo
4472,Margo,Blunsom,mblunsomd3@usgs.gov,Sales,232-921-9594,Xingang
4473,Timothea,Ivic,tivicd4@1und1.de,Business Development,291-792-7432,Zorgo
4474,Celle,Jeandon,cjeandond5@4shared.com,Marketing,185-289-5177,Bangui
4475,Cosme,Febre,cfebred6@mapquest.com,Training,453-962-9680,Tây Đằng
4476,Mikkel,Inwood,minwoodd7@economist.com,Human Resources,410-112-7918,Baltimore
4477,Howie,Aveline,havelined8@behance.net,Marketing,626-146-7461,Pasadena
4478,Allie,Drever,adreverd9@canalblog.com,Accounting,251-216-6832,Mobile
4479,Clarette,Geekie,cgeekieda@people.com.cn,Product Management,123-722-4854,Ganping
4480,Maddalena,Spawton,mspawtondb@hp.com,Product Management,782-966-6208,Wola Sernicka
4481,Laney,Porter,lporterdc@odnoklassniki.ru,Training,981-991-7686,Wadi
4482,Ernestus,Cheeld,echeelddd@wp.com,Support,978-879-0238,Vinica
4483,Yance,Oller,yollerde@liveinternet.ru,Marketing,573-577-5533,Panitan
4484,Derron,Jenner,djennerdf@rakuten.co.jp,Engineering,679-552-3006,Dazhigu
4485,Montague,Yong,myongdg@geocities.jp,Marketing,455-756-6479,Dubovka
4486,Shell,Oakenford,soakenforddh@skyrock.com,Product Management,372-493-1062,Castelli
4487,Gardener,Antwis,gantwisdi@prlog.org,Research and Development,231-962-5938,Batken
4488,Stephi,Downing,sdowningdj@ucoz.com,Human Resources,790-328-4952,Raczki
4489,Leonhard,Bowden,lbowdendk@cnet.com,Services,191-150-8716,Beruniy
4490,Mickie,Ticksall,mticksalldl@networksolutions.com,Business Development,823-428-9160,Kristiansand S
4491,Lowrance,Duchart,lduchartdm@odnoklassniki.ru,Sales,149-161-0383,Hucun
4492,Care,Atlee,catleedn@github.com,Sales,340-574-9215,Las Piñas
4493,Falito,Woodthorpe,fwoodthorpedo@behance.net,Support,578-946-9045,Tufang
4494,Keir,Swaffield,kswaffielddp@pinterest.com,Human Resources,786-429-0755,Ganjur
4495,Ximenes,Tyght,xtyghtdq@themeforest.net,Legal,307-341-6408,Itaquyry
4496,Miguelita,Btham,mbthamdr@europa.eu,Marketing,877-937-1391,Tuanchengshan
4497,Alika,Strathman,astrathmands@mapy.cz,Support,793-284-0914,Teryayevo
4498,Tisha,Bromfield,tbromfielddt@guardian.co.uk,Support,956-917-5197,Tvrdonice
4499,Giordano,Camous,gcamousdu@prlog.org,Product Management,701-988-7117,‘Izrā
4500,Judas,Lathleiffure,jlathleiffuredv@infoseek.co.jp,Services,960-290-2300,Jepuro
4501,Katharina,Torel,ktoreldw@msn.com,Product Management,771-331-8045,Júlio de Castilhos
4502,Aretha,von Hagt,avonhagtdx@arstechnica.com,Legal,962-833-8851,Panggulan
4503,Susanetta,Cloy,scloydy@sciencedaily.com,Human Resources,904-138-1416,Orerokpe
4504,Ellwood,Axton,eaxtondz@digg.com,Research and Development,411-886-8670,Franca
4505,Lesli,MacAless,lmacalesse0@reference.com,Business Development,847-849-7924,Cabeço de Vide
4506,Dorian,Ferre,dferree1@huffingtonpost.com,Support,546-365-5706,Maojiadian
4507,Niven,Waycot,nwaycote2@unesco.org,Legal,331-775-8075,Pom Prap Sattru Phai
4508,Marc,Novill,mnoville3@ucoz.ru,Sales,529-466-9725,Naebugis
4509,Lannie,Osmint,losminte4@wikispaces.com,Services,427-531-6749,Aracataca
4510,Elwood,Strutton,estruttone5@edublogs.org,Legal,186-764-7968,Kalumpang
4511,Vyky,Davidof,vdavidofe6@nifty.com,Sales,522-734-6787,Spånga
4512,Claire,Sara,csarae7@vkontakte.ru,Support,931-748-7174,Stockholm
4513,Colet,Eagling,ceaglinge8@friendfeed.com,Services,915-768-2164,El Paso
4514,Sid,Vatini,svatinie9@cnn.com,Services,908-325-0003,Tangjian
4515,Parrnell,Colby,pcolbyea@reuters.com,Research and Development,581-298-6449,Las Flores
4516,Lloyd,Gantlett,lgantletteb@jiathis.com,Sales,773-592-0451,Kuanheum
4517,De,Scargle,dscargleec@state.tx.us,Sales,345-404-6431,Lleida
4518,Chrystel,Seymer,cseymered@ft.com,Human Resources,274-759-4483,Sandu
4519,Hope,Lamplugh,hlamplughee@walmart.com,Legal,699-858-9859,Zhaobei
4520,Alecia,Peattie,apeattieef@economist.com,Human Resources,950-795-9008,Plesná
4521,Abbey,Myrtle,amyrtleeg@flavors.me,Sales,889-819-7845,El Quetzal
4522,Decca,McWard,dmcwardeh@chronoengine.com,Marketing,446-321-1293,Shashemenē
4523,Danya,Duligall,dduligallei@newyorker.com,Engineering,305-992-6116,Ulaanbaatar
4524,Rolland,Farrance,rfarranceej@about.me,Research and Development,400-678-5497,Gramoteino
4525,Judy,Willcocks,jwillcocksek@geocities.jp,Product Management,614-673-1868,Yelizavetino
4526,Tyrone,Trimmill,ttrimmillel@opensource.org,Legal,548-839-0372,Chulakivka
4527,Flo,Stamper,fstamperem@blogspot.com,Services,753-219-8876,Vicuña Mackenna
4528,Amelina,Oguz,aoguzen@dot.gov,Training,671-559-4173,Željezno Polje
4529,Benedict,Cansdell,bcansdelleo@bloglovin.com,Business Development,812-772-8013,Garoua
4530,Emmey,Legon,elegonep@indiegogo.com,Support,252-253-6593,Aksakovo
4531,Leah,Himsworth,lhimswortheq@globo.com,Services,682-168-3713,Cañas
4532,Carma,Leate,cleateer@tiny.cc,Human Resources,839-939-1952,Huangmao
4533,Vassili,McKeney,vmckeneyes@feedburner.com,Sales,512-951-6787,Austin
4534,Babita,Beaulieu,bbeaulieuet@yelp.com,Marketing,643-278-1304,Qinshan
4535,Kelsy,Parysiak,kparysiakeu@cam.ac.uk,Business Development,266-104-5821,Altos
4536,Erich,Haythorne,ehaythorneev@flickr.com,Sales,499-564-5695,Jiulong
4537,Tiffi,Prator,tpratorew@mac.com,Research and Development,398-664-5856,Tayginka
4538,Fergus,Ricold,fricoldex@w3.org,Business Development,512-728-0427,Lawa-an
4539,Dianne,Foxhall,dfoxhalley@bbc.co.uk,Marketing,316-740-5212,Ekerö
4540,Abby,Roderighi,aroderighiez@adobe.com,Accounting,598-432-1446,Shnogh
4541,Ibbie,Crevy,icrevyf0@bizjournals.com,Legal,292-427-9851,Bilüü
4542,Wilfred,Mussard,wmussardf1@wufoo.com,Human Resources,727-528-0083,Guangdu
4543,Margie,Annon,mannonf2@patch.com,Legal,706-205-9609,Amargosa
4544,Neddie,Tilliards,ntilliardsf3@squarespace.com,Engineering,156-862-8633,Xinshi
4545,Fields,Streetfield,fstreetfieldf4@google.com,Services,782-313-0435,Beigang
4546,Simeon,Culpan,sculpanf5@umich.edu,Business Development,204-472-5726,Jiangkou
4547,Shandee,Serjeant,sserjeantf6@tmall.com,Sales,320-566-2165,Katsina
4548,Barnabas,Timbridge,btimbridgef7@a8.net,Business Development,169-526-4992,Fengsheng
4549,Lola,Cossum,lcossumf8@gmpg.org,Business Development,302-688-0242,Wilmington
4550,Ancell,Wimpenny,awimpennyf9@yelp.com,Business Development,270-157-2427,Abeokuta
4551,Maurizio,Werner,mwernerfa@qq.com,Support,935-671-6510,Chaloem Phra Kiat
4552,Chilton,McKeowon,cmckeowonfb@jiathis.com,Services,940-145-8152,Guamo
4553,Melissa,Tanser,mtanserfc@narod.ru,Research and Development,126-348-2354,Putun
4554,Tait,Leynton,tleyntonfd@zdnet.com,Training,464-150-0591,Lysekil
4555,Liam,O'Cannon,locannonfe@xing.com,Product Management,590-340-7560,Xinfang
4556,Petr,Wrassell,pwrassellff@scribd.com,Product Management,711-919-8895,Setono
4557,Rustin,Harmson,rharmsonfg@ted.com,Legal,375-167-9856,Bulalacao
4558,Merrel,Holborn,mholbornfh@miibeian.gov.cn,Training,244-799-0674,Balad
4559,Ophelia,McQuillan,omcquillanfi@hc360.com,Legal,404-614-2307,Nezlobnaya
4560,Karyn,Springthorpe,kspringthorpefj@google.cn,Business Development,514-465-0098,Yangju
4561,Quentin,Blitzer,qblitzerfk@hud.gov,Legal,853-245-3704,Mingzhong
4562,Lyssa,Charnley,lcharnleyfl@liveinternet.ru,Engineering,491-185-0604,Göteborg
4563,Michael,Blaxeland,mblaxelandfm@free.fr,Support,629-881-2164,Andrézieux-Bouthéon
4564,Eleonora,Dagworthy,edagworthyfn@independent.co.uk,Services,841-551-9299,Demir Hisar
4565,Hamlen,Mauser,hmauserfo@dion.ne.jp,Product Management,170-367-6563,Dar es Salaam
4566,Joscelin,Hunnawill,jhunnawillfp@facebook.com,Marketing,828-668-1860,Jiyang
4567,Raquela,Bumphrey,rbumphreyfq@unblog.fr,Sales,708-262-9655,Tiberias
4568,Beitris,Guinery,bguineryfr@yellowbook.com,Marketing,892-126-8208,Siyang
4569,Vernor,Luckcuck,vluckcuckfs@booking.com,Sales,311-596-8910,Combita
4570,Emlyn,Seebert,eseebertft@tinypic.com,Training,871-615-0924,Chaiwan
4571,Dorri,Veljes,dveljesfu@histats.com,Business Development,819-492-0196,Toufang
4572,Hilde,Brosnan,hbrosnanfv@elpais.com,Product Management,880-239-6864,Talisayan
4573,Pearle,Badman,pbadmanfw@issuu.com,Legal,123-859-4566,Nowogard
4574,King,Myers,kmyersfx@admin.ch,Human Resources,127-848-3579,Mörrum
4575,Datha,Wickendon,dwickendonfy@alexa.com,Product Management,127-413-5307,Lloydminster
4576,Kippie,Keyes,kkeyesfz@eepurl.com,Human Resources,235-436-4816,Pimentel
4577,Chrissie,Symcox,csymcoxg0@phoca.cz,Research and Development,463-473-2135,Kisanga
4578,Shepherd,Salzberger,ssalzbergerg1@1und1.de,Sales,242-874-4004,Bezenchuk
4579,Wyn,MacDunlevy,wmacdunlevyg2@surveymonkey.com,Human Resources,998-785-7387,Novodmitriyevskaya
4580,Natala,Woodyatt,nwoodyattg3@about.com,Marketing,304-700-9007,Qixian
4581,Dorelle,Busek,dbusekg4@com.com,Sales,791-305-0088,Repnoye
4582,Sibyl,Likly,sliklyg5@narod.ru,Legal,836-395-9726,Zhenqian
4583,Vernen,Cahillane,vcahillaneg6@accuweather.com,Training,390-768-9029,Panggunguni
4584,Conney,Silkston,csilkstong7@cloudflare.com,Training,671-980-2260,Ashibetsu
4585,Lorain,Rottger,lrottgerg8@usatoday.com,Engineering,310-820-0015,Cuba
4586,Elroy,Dyne,edyneg9@miibeian.gov.cn,Research and Development,767-581-5104,Gordeyevka
4587,Weider,Petken,wpetkenga@gov.uk,Human Resources,804-545-3805,Bontoc
4588,Maurice,Bonwell,mbonwellgb@hhs.gov,Research and Development,615-996-7078,Bacelo
4589,Lia,Waplinton,lwaplintongc@over-blog.com,Engineering,517-442-1725,Corralillo
4590,Myranda,Chung,mchunggd@tmall.com,Accounting,535-387-6779,Koba
4591,Jami,Ferdinand,jferdinandge@vimeo.com,Accounting,683-110-4721,Dijon
4592,Gwenni,Petters,gpettersgf@kickstarter.com,Sales,490-889-9044,Marseille
4593,Austin,Episcopi,aepiscopigg@devhub.com,Accounting,246-323-2306,Dalongzhan
4594,Revkah,Klaves,rklavesgh@yellowpages.com,Engineering,614-191-4714,Yuetang
4595,Cymbre,Tidcombe,ctidcombegi@cam.ac.uk,Engineering,975-185-6927,Huangbu
4596,Aprilette,Acres,aacresgj@scientificamerican.com,Sales,827-836-3719,Ezhou
4597,Sigismondo,Tomaini,stomainigk@wordpress.com,Business Development,111-611-4863,Gobō
4598,Conan,Reily,creilygl@spiegel.de,Human Resources,605-326-7307,Ágios Matthaíos
4599,Alessandra,Bacup,abacupgm@time.com,Human Resources,650-988-2792,Hīsh
4600,Cesare,Ludford,cludfordgn@homestead.com,Marketing,984-753-8795,Jieznas
4601,Marleen,Entwistle,mentwistlego@nytimes.com,Human Resources,252-709-6469,Tripoli
4602,Agnes,Frede,afredegp@dyndns.org,Sales,562-607-5250,Whittier
4603,Sax,Bowness,sbownessgq@japanpost.jp,Sales,731-699-9643,Tsuruoka
4604,Buiron,Bonnesen,bbonnesengr@tamu.edu,Support,143-402-1450,Jiuzhai
4605,Adeline,Scurr,ascurrgs@studiopress.com,Accounting,372-188-2228,Yawata
4606,Fidelio,Snipe,fsnipegt@google.com.au,Human Resources,939-752-2166,Bāgh-e Maīdān
4607,Guntar,Stemson,gstemsongu@kickstarter.com,Human Resources,564-556-5935,Araripina
4608,Tiff,Seegar,tseegargv@ebay.co.uk,Marketing,805-450-6363,Przybiernów
4609,Marion,Worpole,mworpolegw@google.de,Product Management,237-938-7891,Kamifukuoka
4610,Luciano,Buttfield,lbuttfieldgx@imdb.com,Sales,406-556-2175,Lamas
4611,Nealy,Couvet,ncouvetgy@ycombinator.com,Human Resources,714-639-8469,Bagadó
4612,Derk,Taffe,dtaffegz@forbes.com,Engineering,676-643-7559,Épinal
4613,Mirna,Klammt,mklammth0@bbb.org,Engineering,958-142-6653,Khŭjand
4614,Kerrill,Hotton,khottonh1@fema.gov,Human Resources,158-953-4293,Tumpang
4615,Rafael,Baike,rbaikeh2@wp.com,Product Management,942-368-5286,Dongjiang Matoukou
4616,Reinhard,Wicks,rwicksh3@abc.net.au,Marketing,910-682-8166,Jaboticabal
4617,Thacher,Tomalin,ttomalinh4@ftc.gov,Human Resources,439-456-4935,Annaka
4618,Teddy,Banghe,tbangheh5@nature.com,Support,838-451-7677,Krivaja
4619,Danila,Hundall,dhundallh6@nytimes.com,Product Management,933-740-3372,Yu’erhong
4620,Archibold,Staziker,astazikerh7@indiatimes.com,Support,256-416-9593,Antonio Toledo Corro
4621,Goddard,Palphramand,gpalphramandh8@parallels.com,Support,887-673-5563,Esfarāyen
4622,Petronia,Renad,prenadh9@histats.com,Product Management,761-346-0636,Cotuí
4623,Shalom,Cadden,scaddenha@godaddy.com,Product Management,677-955-0900,Gagarin
4624,Stafani,Longman,slongmanhb@icq.com,Support,599-382-7677,Ngunguru
4625,Ty,Verheijden,tverheijdenhc@google.es,Support,627-836-5018,Pamotan
4626,Garth,Llopis,gllopishd@europa.eu,Product Management,167-102-7739,Jatirejo
4627,Ulrike,Melbourne,umelbournehe@usa.gov,Research and Development,320-880-5629,Orlová
4628,Tess,Tzarkov,ttzarkovhf@themeforest.net,Support,772-279-8128,Landivisiau
4629,Sunny,Mariel,smarielhg@ox.ac.uk,Research and Development,917-262-3460,La Falda
4630,Kort,Bridgestock,kbridgestockhh@hp.com,Marketing,231-904-7640,Tassin-la-Demi-Lune
4631,Kinsley,Neary,knearyhi@paypal.com,Business Development,443-672-6939,Sukasenang
4632,Thibaut,MacCallum,tmaccallumhj@mysql.com,Product Management,284-562-2720,La Rochelle
4633,Larissa,Baccas,lbaccashk@amazon.com,Research and Development,873-829-2316,Angasmarca
4634,Johnathon,Kemm,jkemmhl@163.com,Sales,311-783-6950,Tala
4635,Kenon,Jaulmes,kjaulmeshm@princeton.edu,Marketing,205-135-3786,Guinticgan
4636,Nevil,Izkovicz,nizkoviczhn@unblog.fr,Legal,637-415-1444,Qianshan
4637,Dolley,Esselin,desselinho@statcounter.com,Business Development,284-752-3005,Zharkent
4638,Dan,Nijssen,dnijssenhp@vk.com,Marketing,809-474-6777,Figueira dos Cavaleiros
4639,Moll,Gallardo,mgallardohq@sfgate.com,Training,911-204-4765,Saguing
4640,Cherish,Littlemore,clittlemorehr@army.mil,Engineering,785-826-4396,La Molina
4641,Lottie,Haslen,lhaslenhs@4shared.com,Sales,628-878-3821,Lukunor
4642,Conny,Hodge,chodgeht@cornell.edu,Research and Development,421-854-9590,Nifuboko
4643,Reinold,Garnson,rgarnsonhu@time.com,Support,360-672-3652,Inčukalns
4644,Berta,McLaughlin,bmclaughlinhv@phoca.cz,Legal,689-633-2098,Göteborg
4645,Jarrod,Covelle,jcovellehw@livejournal.com,Legal,956-827-4308,Balung
4646,Jemie,McFayden,jmcfaydenhx@mapy.cz,Services,280-983-7736,Pameungpeuk
4647,Audrye,Boarleyson,aboarleysonhy@blogtalkradio.com,Business Development,697-993-1612,Baćkowice
4648,Paxton,Palmby,ppalmbyhz@newsvine.com,Legal,209-316-3168,Krasnolesnyy
4649,Rhea,Ivanets,rivanetsi0@admin.ch,Marketing,298-612-8009,Lhokkruet
4650,Lynnette,McMurraya,lmcmurrayai1@liveinternet.ru,Legal,269-590-5862,Araripina
4651,Casey,Staves,cstavesi2@indiatimes.com,Legal,771-581-7735,Pasuruan
4652,Regine,Mabe,rmabei3@time.com,Business Development,627-611-8550,Horní Čermná
4653,Whitney,Dabels,wdabelsi4@dell.com,Marketing,814-928-7552,Melchor de Mencos
4654,Gilberto,Friedlos,gfriedlosi5@moonfruit.com,Marketing,669-428-8149,Megalochórion
4655,Deonne,McKeown,dmckeowni6@yellowbook.com,Sales,321-889-0101,Pinellas Park
4656,Quintilla,Riccio,qriccioi7@samsung.com,Training,392-910-1750,Ar Rahad
4657,Harald,McLarens,hmclarensi8@mapquest.com,Business Development,766-687-3633,Barengkok Hilir
4658,Mellisa,Ninotti,mninottii9@nbcnews.com,Engineering,374-126-6750,Žeravice
4659,Felisha,Mityushkin,fmityushkinia@blogger.com,Marketing,692-633-4992,Andop
4660,Irvin,Banton,ibantonib@diigo.com,Research and Development,714-107-9995,Miribanteng
4661,Nedi,O'Lenechan,nolenechanic@yelp.com,Legal,930-915-3667,Kabac
4662,Merissa,Ling,mlingid@yelp.com,Services,651-159-3618,Dushu
4663,Mercie,Wiggins,mwigginsie@vistaprint.com,Business Development,788-183-7808,Colorado
4664,Klarrisa,Shiell,kshiellif@usda.gov,Sales,263-681-1789,El Suyatal
4665,Symon,Wasiela,swasielaig@hc360.com,Human Resources,404-832-5835,Wutong
4666,Ker,Dencs,kdencsih@woothemes.com,Engineering,970-848-7322,Kangalassy
4667,Ardyth,Napolione,anapolioneii@vimeo.com,Human Resources,239-723-1863,La Esperanza
4668,Swen,Knudsen,sknudsenij@cam.ac.uk,Accounting,726-949-6142,Cruz
4669,Hieronymus,Doddridge,hdoddridgeik@mysql.com,Business Development,621-712-7313,Pevek
4670,Hinze,Yuryaev,hyuryaevil@blogtalkradio.com,Research and Development,329-795-5290,Riberalta
4671,Kristien,Schutte,kschutteim@reddit.com,Product Management,586-660-3546,Kanshan
4672,Casar,Foat,cfoatin@spotify.com,Business Development,512-704-0818,Kaya
4673,Neil,Westover,nwestoverio@vimeo.com,Services,842-464-9022,Lae
4674,Sascha,Honig,shonigip@dropbox.com,Sales,482-377-4340,Verd
4675,Vite,Pallis,vpallisiq@marriott.com,Legal,611-291-6671,Ritchie
4676,Roland,Erratt,rerrattir@amazon.co.uk,Human Resources,340-654-9841,San Lorenzo
4677,Vanny,Bartolomeotti,vbartolomeottiis@trellian.com,Legal,809-162-1437,Limbaan
4678,Marga,Derobert,mderobertit@seesaa.net,Product Management,724-982-8661,Cikarang
4679,Flora,Alberti,falbertiiu@imdb.com,Training,211-884-6963,Huangwan
4680,Belicia,Chrstine,bchrstineiv@ed.gov,Engineering,903-134-5864,Cantaura
4681,Hobart,Kondrat,hkondratiw@cisco.com,Sales,380-606-1081,Tuchów
4682,Irv,Forryan,iforryanix@freewebs.com,Support,792-782-3420,Barrancas
4683,Jolyn,Chazier,jchazieriy@hhs.gov,Training,698-738-7813,Azteca
4684,Jo,Meiningen,jmeiningeniz@sphinn.com,Engineering,402-933-0217,Omaha
4685,Abner,Ennor,aennorj0@alexa.com,Legal,771-283-6498,Marsabit
4686,Hamel,Maundrell,hmaundrellj1@cloudflare.com,Engineering,206-803-2847,San Carlos de Bolívar
4687,Tripp,Goadby,tgoadbyj2@wufoo.com,Support,986-441-5093,Pompéia
4688,Stephanus,Kubelka,skubelkaj3@smh.com.au,Training,991-850-4667,Bjästa
4689,Bevon,Burl,bburlj4@cnet.com,Marketing,899-346-3538,Banda Layung
4690,Englebert,Tarbert,etarbertj5@time.com,Accounting,716-800-8411,Dianzi
4691,Prudi,Boni,pbonij6@plala.or.jp,Accounting,462-390-4155,Hongchuan
4692,Marabel,Shortt,mshorttj7@imageshack.us,Marketing,689-363-5153,Nizhniy Kurkuzhin
4693,Maisey,Juszczak,mjuszczakj8@devhub.com,Human Resources,256-739-2601,Yanyang
4694,Glenda,Ragate,gragatej9@arstechnica.com,Training,615-311-9386,Luoyang
4695,Nara,Moorfield,nmoorfieldja@live.com,Human Resources,215-459-0685,Ko Samui
4696,Lilli,Benning,lbenningjb@ft.com,Support,755-224-5687,Jesús Menéndez
4697,Milt,Grog,mgrogjc@youtube.com,Training,529-753-8550,Chotcza
4698,Trudi,Scougal,tscougaljd@about.me,Sales,538-807-2170,Valparaíso
4699,Abra,Obern,aobernje@vimeo.com,Research and Development,135-924-2896,Rzeczenica
4700,Leland,Crichten,lcrichtenjf@domainmarket.com,Human Resources,687-489-6381,Goz Beïda
4701,Stan,Glossop,sglossopjg@microsoft.com,Sales,178-896-3997,Huasta
4702,Danie,Shadrack,dshadrackjh@instagram.com,Accounting,660-294-5955,Satka
4703,Kristoforo,Sharrier,ksharrierji@list-manage.com,Training,890-940-8323,Yanfolila
4704,York,Wittrington,ywittringtonjj@stumbleupon.com,Sales,506-793-4091,Wosai
4705,Mirilla,Pourveer,mpourveerjk@tuttocitta.it,Product Management,106-592-6451,Ḏânan
4706,Orelle,Bidgod,obidgodjl@slideshare.net,Research and Development,700-981-1076,Nkandla
4707,Clair,Brooking,cbrookingjm@umich.edu,Services,688-694-4088,Dalmeny
4708,Lindsay,Fisbburne,lfisbburnejn@google.cn,Research and Development,725-737-9025,Lazaro Cardenas
4709,Lynnelle,O'Reagan,loreaganjo@mozilla.com,Marketing,707-378-4290,San Nicolas
4710,Ado,MacGowan,amacgowanjp@mapy.cz,Training,705-753-9499,Magaria
4711,Jobey,Margarson,jmargarsonjq@wsj.com,Product Management,471-448-5989,Babatngon
4712,Pamella,Berriball,pberriballjr@alibaba.com,Training,408-249-1644,Novyy Starodub
4713,Karel,Syson,ksysonjs@tmall.com,Services,730-257-4190,Quipot
4714,Rhys,Syrie,rsyriejt@mail.ru,Research and Development,568-769-3551,Sankui
4715,Esmeralda,Tapp,etappju@cornell.edu,Legal,133-847-0914,Uwelini
4716,Dorey,Turbat,dturbatjv@narod.ru,Legal,959-921-9972,Dzerzhinsk
4717,Dora,Huckett,dhuckettjw@vimeo.com,Human Resources,711-602-3597,Lukrejo
4718,Adrienne,Wykey,awykeyjx@webnode.com,Accounting,424-426-0388,Vashkivtsi
4719,Morna,Searight,msearightjy@simplemachines.org,Sales,453-852-4478,Hikari
4720,Conchita,Laux,clauxjz@marketwatch.com,Support,122-472-2207,Viligili
4721,Jamison,Sargant,jsargantk0@sphinn.com,Training,250-394-6223,Penza
4722,Waylan,Jarley,wjarleyk1@nytimes.com,Support,919-320-4138,Raleigh
4723,Channa,Wordesworth,cwordesworthk2@huffingtonpost.com,Business Development,159-293-6953,Malimaneek
4724,Conney,Boddie,cboddiek3@cdbaby.com,Human Resources,550-668-6053,Jucás
4725,Rasia,Atheis,ratheisk4@netscape.com,Sales,417-197-6891,Kostanay
4726,Florence,Sorro,fsorrok5@dailymail.co.uk,Sales,212-121-9776,New York City
4727,Pippy,Cheeke,pcheekek6@indiatimes.com,Research and Development,559-505-0212,Kowingir
4728,Gay,Pritchitt,gpritchittk7@gizmodo.com,Services,167-759-9738,Zopilotepe
4729,Bev,Dmitr,bdmitrk8@gizmodo.com,Business Development,689-377-7739,Uryupinsk
4730,Nigel,Lowless,nlowlessk9@is.gd,Support,881-768-3296,Aveiro
4731,Gordan,Burgyn,gburgynka@jigsy.com,Accounting,827-306-8952,Pasirbitung
4732,Jacquie,O' Dooley,jodooleykb@bizjournals.com,Sales,804-680-3597,Richmond
4733,Calley,Stilliard,cstilliardkc@xinhuanet.com,Marketing,368-970-2766,Purac
4734,Darell,Chapell,dchapellkd@fastcompany.com,Research and Development,437-518-2712,Tiang
4735,Terrijo,Sweetnam,tsweetnamke@digg.com,Accounting,467-642-6291,Pedra Branca
4736,Maurizia,Paddon,mpaddonkf@whitehouse.gov,Human Resources,484-221-5706,Razumnoye
4737,Otha,Dimitru,odimitrukg@nih.gov,Accounting,497-699-0090,Wencheng
4738,Garry,Utton,guttonkh@list-manage.com,Marketing,339-979-9296,Opařany
4739,Clevie,Critchard,ccritchardki@prnewswire.com,Sales,943-413-6510,Kortesjärvi
4740,Norris,Chellam,nchellamkj@springer.com,Engineering,495-731-5347,Pacobamba
4741,Truman,McUre,tmcurekk@nationalgeographic.com,Training,235-552-7583,Tomsk
4742,Lyon,Owens,lowenskl@newsvine.com,Training,594-928-6582,Nanto-shi
4743,Broddy,Dugald,bdugaldkm@house.gov,Engineering,496-316-9314,‘Awaj
4744,Elia,Spelman,espelmankn@cbsnews.com,Business Development,189-217-9426,Beidu
4745,Ewell,Guiso,eguisoko@aboutads.info,Services,714-643-1694,Fucha
4746,Lee,Ortiger,lortigerkp@gov.uk,Marketing,317-612-7828,Lykóvrysi
4747,Tammy,Connew,tconnewkq@zimbio.com,Accounting,734-107-7550,Diaopu
4748,Sullivan,Lamshead,slamsheadkr@elpais.com,Product Management,566-829-3906,Caucagüito
4749,Pippo,Grzegorecki,pgrzegoreckiks@europa.eu,Legal,791-457-1328,Dežanovac
4750,Datha,Feldfisher,dfeldfisherkt@google.com.au,Marketing,888-845-5281,Rubio
4751,Hyman,Considine,hconsidineku@163.com,Accounting,323-634-4388,Gualaceo
4752,Chryste,Nellen,cnellenkv@naver.com,Engineering,245-281-6845,Sremska Mitrovica
4753,Alida,Danneil,adanneilkw@who.int,Training,426-302-8124,Cimaragas
4754,Edan,Maidment,emaidmentkx@naver.com,Research and Development,537-722-7893,Remedios
4755,Jeanelle,Lissandre,jlissandreky@miibeian.gov.cn,Human Resources,172-130-6427,Viitasaari
4756,Killy,Batte,kbattekz@xing.com,Engineering,730-341-4869,Wulan Hada
4757,Justinn,Nickless,jnicklessl0@sogou.com,Accounting,891-470-5597,Bolanon
4758,Marti,Kristiansen,mkristiansenl1@cdbaby.com,Research and Development,248-427-9669,Trieste
4759,Pen,Godart,pgodartl2@oakley.com,Accounting,527-679-5057,Zrenjanin
4760,Melantha,Daldry,mdaldryl3@trellian.com,Sales,982-932-6492,Kan’onjichō
4761,Fleur,O'Feeny,fofeenyl4@cafepress.com,Sales,351-326-0516,Manika
4762,Harlen,McQuaide,hmcquaidel5@sourceforge.net,Human Resources,156-189-2536,Le Port
4763,Aylmar,Thompsett,athompsettl6@over-blog.com,Research and Development,221-756-4216,Laâyoune / El Aaiún
4764,Rudy,Lobe,rlobel7@mozilla.com,Human Resources,858-430-7970,Río Guayabal de Yateras
4765,Cecily,Norcop,cnorcopl8@domainmarket.com,Marketing,556-334-7110,Sovetskaya
4766,Poul,Huyhton,phuyhtonl9@flickr.com,Support,674-173-2732,Xiongguan
4767,Ginger,Crocetto,gcrocettola@technorati.com,Training,936-568-8018,Parramos
4768,Peta,Hedling,phedlinglb@ox.ac.uk,Research and Development,264-572-1062,Wałcz
4769,Inglis,Drabble,idrabblelc@istockphoto.com,Legal,234-381-3796,Moss
4770,Goldina,Burcher,gburcherld@cnn.com,Sales,197-988-0575,Nice
4771,Hermon,Kubal,hkuballe@oaic.gov.au,Services,605-746-2917,Murzuq
4772,Kirsteni,Aylett,kaylettlf@digg.com,Engineering,105-552-2441,Kadujajar
4773,Alida,Eskell,aeskelllg@indiegogo.com,Sales,114-848-0240,Huansheng
4774,Richy,Henze,rhenzelh@si.edu,Training,536-459-4463,Cái Dầu
4775,Garrick,Street,gstreetli@businessweek.com,Legal,298-440-4706,Jinlong
4776,Deloris,Deverall,ddeveralllj@themeforest.net,Product Management,154-692-2690,Três Corações
4777,Jaymee,Breawood,jbreawoodlk@flickr.com,Business Development,398-763-7109,Morondava
4778,Penni,Pietesch,ppieteschll@tuttocitta.it,Human Resources,599-844-8501,Shitun
4779,Morris,Bengochea,mbengochealm@macromedia.com,Training,537-219-9324,Rojas
4780,Karlik,Blenkensop,kblenkensopln@biblegateway.com,Services,960-392-0631,Cabanaconde
4781,Kit,Memmory,kmemmorylo@storify.com,Sales,852-755-3365,Yuanlin
4782,Edie,Randell,erandelllp@msn.com,Accounting,195-286-6695,Karangtengah
4783,Sayre,Learmont,slearmontlq@blogspot.com,Training,161-193-3123,Ishikawa
4784,Mariel,Wheatley,mwheatleylr@youtube.com,Marketing,864-576-3628,Riangwale
4785,Lita,Barhems,lbarhemsls@biblegateway.com,Marketing,283-641-4135,Rublëvo
4786,Vasili,Malletratt,vmalletrattlt@prweb.com,Research and Development,489-849-3087,Kayl
4787,Gustaf,Aizikowitz,gaizikowitzlu@instagram.com,Sales,224-448-2301,Všeruby
4788,Natalya,Bodimeade,nbodimeadelv@bbc.co.uk,Support,455-199-4950,Ghāro
4789,Mildred,Skeete,mskeetelw@imdb.com,Accounting,336-305-1105,Maguyam
4790,Daffy,Pestell,dpestelllx@reuters.com,Services,754-425-6134,Fort Lauderdale
4791,Leslie,Richens,lrichensly@sun.com,Legal,579-981-3871,Diang
4792,Hertha,Czaple,hczaplelz@fema.gov,Human Resources,682-227-5093,Telsen
4793,Cazzie,Chatenet,cchatenetm0@ustream.tv,Sales,979-888-0648,Thị Trấn Thọ Xuân
4794,Susana,Aindriu,saindrium1@zimbio.com,Accounting,697-968-1139,Vitrolles
4795,Lawton,Casbourne,lcasbournem2@gmpg.org,Research and Development,287-137-5809,Zrenjanin
4796,Terencio,Duffy,tduffym3@rakuten.co.jp,Product Management,106-276-0440,Rukem
4797,Ricki,Elwin,relwinm4@apache.org,Product Management,648-277-8555,Waihibar
4798,Jillana,Pedrocco,jpedroccom5@hugedomains.com,Support,544-415-0654,Eido
4799,Tiffi,Dunseath,tdunseathm6@cornell.edu,Accounting,396-804-3960,Taraz
4800,Bailie,Muat,bmuatm7@baidu.com,Support,761-414-6551,Gueset
4801,Babita,Adrien,badrienm8@linkedin.com,Training,683-540-8357,Mullovka
4802,Ezechiel,Glitherow,eglitherowm9@uol.com.br,Training,489-808-8249,Gaur
4803,Sandor,Reschke,sreschkema@mashable.com,Marketing,953-742-1466,Tarczyn
4804,Larissa,Holdey,lholdeymb@sphinn.com,Business Development,300-468-2471,Pochinki
4805,Lauri,Osmant,losmantmc@pagesperso-orange.fr,Engineering,767-945-7582,Fukuroi
4806,Henryetta,Hyndes,hhyndesmd@paypal.com,Training,557-296-9097,São Carlos
4807,Luciana,Ludlow,lludlowme@163.com,Human Resources,652-542-4050,Huai’an
4808,Dacie,Stoakley,dstoakleymf@mediafire.com,Business Development,123-796-6107,Doña Remedios Trinidad
4809,Yule,Powder,ypowdermg@sciencedirect.com,Marketing,203-970-2142,Krajan Tanjungrejo
4810,Starlene,Francklin,sfrancklinmh@slate.com,Training,223-183-6399,Caieiras
4811,Teodor,Davall,tdavallmi@hhs.gov,Business Development,747-730-4737,Rivadavia
4812,Adelice,Wrighton,awrightonmj@un.org,Support,967-533-3338,Tutut
4813,Torrence,Wildish,twildishmk@economist.com,Marketing,167-314-5064,Tata
4814,Eziechiele,Inkpin,einkpinml@123-reg.co.uk,Legal,144-685-0247,Klang
4815,Leonie,Wenman,lwenmanmm@time.com,Product Management,426-780-7622,Xihuaiba
4816,Morten,Circuitt,mcircuittmn@ocn.ne.jp,Services,686-251-3262,Alarobia
4817,Marianna,Spare,msparemo@craigslist.org,Engineering,628-396-5077,Colca
4818,Jeri,Glowinski,jglowinskimp@cloudflare.com,Marketing,780-914-5956,Bombardopolis
4819,Demott,Seawell,dseawellmq@yale.edu,Human Resources,639-817-3284,Al ‘Awjā
4820,Lorrie,Rapier,lrapiermr@alibaba.com,Legal,200-334-7249,Ménaka
4821,Towney,Hinnerk,thinnerkms@businesswire.com,Sales,253-764-6704,Illkirch-Graffenstaden
4822,Frasier,Tym,ftymmt@51.la,Legal,225-331-9428,Stalowa Wola
4823,Fleurette,Kaley,fkaleymu@aol.com,Training,876-845-8468,Zhezqazghan
4824,Sollie,Lavens,slavensmv@hhs.gov,Product Management,633-545-8879,Divnoye
4825,Sheffield,Seppey,sseppeymw@who.int,Human Resources,664-896-3141,Magdaleno Aguilar
4826,Nil,Konmann,nkonmannmx@netlog.com,Research and Development,825-708-7143,Kuroishi
4827,Ashley,Von Helmholtz,avonhelmholtzmy@home.pl,Marketing,159-304-7635,Zhuravka
4828,Reid,Burchard,rburchardmz@g.co,Accounting,273-131-3100,Yaté-Barrage
4829,Idalina,Churchin,ichurchinn0@dagondesign.com,Product Management,771-475-9615,Gaolong
4830,Sadye,Lorenz,slorenzn1@ox.ac.uk,Legal,349-965-6464,Tartagal
4831,Sigismondo,Paintain,spaintainn2@wordpress.org,Human Resources,791-370-7921,Kiarajangkung
4832,Allin,Adamkiewicz,aadamkiewiczn3@springer.com,Research and Development,739-615-8202,Mzimba
4833,Bertrand,Martins,bmartinsn4@hexun.com,Research and Development,423-861-9749,Sebadelhe
4834,Klarrisa,Tomlett,ktomlettn5@hibu.com,Training,376-896-9970,Taipingying
4835,Stillman,Dacca,sdaccan6@ihg.com,Sales,177-230-7184,Kalýves Polygýrou
4836,Liana,Jenman,ljenmann7@over-blog.com,Sales,436-194-9297,Paraipaba
4837,Tedie,Robke,trobken8@rakuten.co.jp,Business Development,352-346-6171,Biyang
4838,Eveline,Sidwick,esidwickn9@dell.com,Accounting,807-656-5672,Jomboy
4839,Orton,Dudmesh,odudmeshna@people.com.cn,Product Management,158-734-6478,Llazicë
4840,Kirsti,Pinilla,kpinillanb@cdbaby.com,Research and Development,970-381-2698,Shuanggang
4841,Corina,Garfit,cgarfitnc@acquirethisname.com,Legal,939-355-8445,Fūman
4842,Ree,Kybert,rkybertnd@census.gov,Marketing,876-169-9934,Longbo
4843,Corbett,Christofol,cchristofolne@amazonaws.com,Accounting,372-298-1095,Stepnica
4844,Karlens,Lainton,klaintonnf@npr.org,Legal,601-390-9875,Rafaḩ
4845,Imogene,Ruler,irulerng@scribd.com,Business Development,270-192-3364,Hongmei
4846,Cristabel,Allgood,callgoodnh@huffingtonpost.com,Accounting,150-815-9890,Koshki
4847,Donnajean,Simakov,dsimakovni@live.com,Services,276-324-6257,Barcelona
4848,Caesar,Measham,cmeashamnj@addtoany.com,Sales,933-937-0315,Ashchysay
4849,Vivianne,Ogglebie,vogglebienk@craigslist.org,Research and Development,290-711-3142,Kwaluseni
4850,Tamma,Crowdy,tcrowdynl@wunderground.com,Legal,614-303-9203,Unaizah
4851,Gabi,Ivancevic,givancevicnm@pinterest.com,Business Development,524-706-1015,Fkih Ben Salah
4852,Monique,Caesman,mcaesmannn@apple.com,Sales,364-742-5281,Palomoc
4853,Chadwick,Hovy,chovyno@unc.edu,Research and Development,818-289-6238,Oslo
4854,Melicent,Downes,mdownesnp@thetimes.co.uk,Legal,553-301-7652,Hongyang
4855,Bibby,Dainton,bdaintonnq@pagesperso-orange.fr,Human Resources,932-266-4921,Mesopotamía
4856,Ruggiero,Coster,rcosternr@bloglines.com,Business Development,756-965-3351,Nigríta
4857,Melly,Mayworth,mmayworthns@ask.com,Human Resources,239-443-0949,Naples
4858,Winthrop,Notley,wnotleynt@omniture.com,Legal,900-797-5217,Ciheras
4859,Wilhelmine,Ranger,wrangernu@omniture.com,Marketing,983-443-1747,Szubin
4860,Conn,Moulson,cmoulsonnv@guardian.co.uk,Marketing,785-307-3391,Yug
4861,Dixie,Alejandri,dalejandrinw@opera.com,Research and Development,346-157-6942,Wuluo
4862,Sarge,Ableson,sablesonnx@bloglines.com,Services,696-488-7938,Locminé
4863,Murvyn,Deniseau,mdeniseauny@mapy.cz,Research and Development,909-774-0978,Prislonica
4864,Agnes,Firbank,afirbanknz@msu.edu,Training,560-700-8604,Blatná
4865,Kaja,Blinman,kblinmano0@hao123.com,Business Development,298-128-5966,Erdaojiang
4866,Millard,Ragg,mraggo1@slideshare.net,Business Development,295-353-7402,Tiantai
4867,Gabe,Frapwell,gfrapwello2@sakura.ne.jp,Marketing,967-340-3418,Tielong
4868,Eirena,Beadnell,ebeadnello3@utexas.edu,Services,455-457-5880,Songnan
4869,Ellissa,Gai,egaio4@t-online.de,Business Development,929-985-1073,Plateliai
4870,Bernadine,Filpo,bfilpoo5@a8.net,Sales,917-445-2531,Seixal
4871,Leonerd,Churcher,lchurchero6@unicef.org,Accounting,484-488-3851,Zamoskvorech’ye
4872,Marve,Cowwell,mcowwello7@rediff.com,Marketing,210-683-1413,Yabēlo
4873,Edi,McCoveney,emccoveneyo8@kickstarter.com,Services,146-157-8945,Blagoveshchensk
4874,Janella,Templeton,jtempletono9@sciencedaily.com,Business Development,251-871-3992,Carabamba
4875,Bob,Dewire,bdewireoa@ox.ac.uk,Legal,612-189-5884,Apače
4876,Shanta,Leijs,sleijsob@gravatar.com,Training,718-839-0392,Limoeiro
4877,Alleyn,Boothby,aboothbyoc@cnn.com,Legal,919-199-4555,João Pessoa
4878,Jeane,Garnsey,jgarnseyod@is.gd,Marketing,694-244-0053,Ballsh
4879,Anne-corinne,Kubu,akubuoe@archive.org,Sales,460-426-5108,Mirsíni
4880,Job,Galpin,jgalpinof@geocities.jp,Legal,843-966-9905,Pasvalys
4881,Marissa,Smylie,msmylieog@bloomberg.com,Accounting,765-172-0441,Miguel Pereira
4882,Esteban,O Mullen,eomullenoh@shop-pro.jp,Sales,297-661-8406,Hyżne
4883,Glenn,Waddam,gwaddamoi@google.de,Business Development,381-447-2129,Xinan
4884,Adolphe,Heiden,aheidenoj@craigslist.org,Legal,930-871-7875,Sinŭiju
4885,Norry,Surman,nsurmanok@themeforest.net,Training,836-773-7097,Gotemba
4886,Sybil,Foulser,sfoulserol@elegantthemes.com,Business Development,354-497-3851,Bahía Honda
4887,Audy,Marjoram,amarjoramom@vkontakte.ru,Sales,153-976-4662,Morelos
4888,Melicent,Quipp,mquippon@youtu.be,Support,534-807-0350,Planeta Rica
4889,Casie,Edgington,cedgingtonoo@ox.ac.uk,Sales,457-399-4013,Lacabamba
4890,Shaine,McKleod,smckleodop@census.gov,Legal,161-211-1217,Mölndal
4891,Tabitha,Crosdill,tcrosdilloq@ihg.com,Marketing,581-804-3867,Pederneiras
4892,Elwin,Beetham,ebeethamor@chronoengine.com,Human Resources,986-925-8912,Iksha
4893,Woodrow,McRobbie,wmcrobbieos@vistaprint.com,Marketing,273-291-3797,Molagavita
4894,Ansley,Lintill,alintillot@technorati.com,Services,483-508-3323,Kroczyce
4895,Tamra,Fairbrother,tfairbrotherou@statcounter.com,Sales,613-310-8434,Lin’an
4896,Mitchell,Zavittieri,mzavittieriov@telegraph.co.uk,Business Development,597-472-7990,Solna
4897,Ysabel,Quenby,yquenbyow@ca.gov,Services,691-852-0286,Shtip
4898,Emelita,Ferreo,eferreoox@vkontakte.ru,Training,178-947-4022,Esperanza
4899,Gloria,Domican,gdomicanoy@freewebs.com,Human Resources,377-316-2835,Dobre Miasto
4900,Wenonah,Haithwaite,whaithwaiteoz@auda.org.au,Sales,272-424-1313,Padova
4901,Alberta,Grzeskowski,agrzeskowskip0@rakuten.co.jp,Research and Development,397-394-0067,Santiaoshi
4902,Charmion,Bernon,cbernonp1@usnews.com,Support,674-699-8330,Mauraro
4903,Almeta,Bleckly,ablecklyp2@nydailynews.com,Sales,329-260-8618,Ḩalwān
4904,Teressa,Oldknowe,toldknowep3@independent.co.uk,Services,650-466-0769,Oakland
4905,Koo,Gowling,kgowlingp4@admin.ch,Engineering,559-578-5631,Shikārpur
4906,Oliver,Laverick,olaverickp5@hud.gov,Legal,163-860-4071,Newtown
4907,Joline,Gamwell,jgamwellp6@va.gov,Marketing,510-140-1190,Perstorp
4908,Jerome,Dillingham,jdillinghamp7@ning.com,Engineering,105-741-6766,Dongshi
4909,Justin,Kornalik,jkornalikp8@hexun.com,Research and Development,628-695-0616,Lavaur
4910,Lisa,Loder,lloderp9@wufoo.com,Support,722-320-8895,Ginowan
4911,Sonnie,Dinsey,sdinseypa@nba.com,Legal,148-278-9643,Hässelby
4912,Rona,McBoyle,rmcboylepb@slashdot.org,Marketing,696-552-4359,Buriti Bravo
4913,Enrique,Stannis,estannispc@last.fm,Accounting,252-406-6052,Talnakh
4914,Ermentrude,Cannan,ecannanpd@cam.ac.uk,Sales,407-981-9721,Suba
4915,Elliot,Offener,eoffenerpe@usatoday.com,Engineering,797-379-9293,Brumadinho
4916,Kiersten,Duigan,kduiganpf@icio.us,Support,820-634-9948,Kavýli
4917,Gaby,Proudlock,gproudlockpg@godaddy.com,Research and Development,122-420-9506,Saramech
4918,Sal,Earey,seareyph@360.cn,Legal,328-241-9246,Aībak
4919,Merrielle,Lorrimer,mlorrimerpi@ebay.co.uk,Marketing,399-509-9526,Laguna Limpia
4920,Pascal,Lenoir,plenoirpj@bloglines.com,Engineering,308-179-7357,Cikondang
4921,Stacie,Manderson,smandersonpk@princeton.edu,Research and Development,539-507-5576,Balatero
4922,Boycey,Olyfat,bolyfatpl@macromedia.com,Accounting,367-456-8211,Shangwuzhuang
4923,Davon,Palfreman,dpalfremanpm@blogs.com,Accounting,604-634-2693,Devitsa
4924,Vale,Vasnetsov,vvasnetsovpn@spiegel.de,Support,942-311-2539,Cotorra
4925,Nissy,McCullogh,nmcculloghpo@xrea.com,Marketing,162-835-2771,Olafulihaa
4926,Ricky,Keemer,rkeemerpp@nps.gov,Human Resources,819-559-0699,Kstovo
4927,Law,Standish-Brooks,lstandishbrookspq@squidoo.com,Engineering,963-346-1720,Tampocon
4928,Hill,Handslip,hhandslippr@toplist.cz,Business Development,761-395-4596,Bunirasa
4929,Carmen,Ramalho,cramalhops@list-manage.com,Engineering,582-980-9853,Pucón
4930,Sharleen,Goring,sgoringpt@sakura.ne.jp,Sales,167-345-2198,Borås
4931,Barbie,Myrkus,bmyrkuspu@samsung.com,Human Resources,170-487-6663,Outeiro
4932,Ruddy,Gallone,rgallonepv@cmu.edu,Human Resources,698-954-8583,Abū Mūsā
4933,Fae,Chisolm,fchisolmpw@mozilla.com,Services,979-749-2722,Porirua
4934,Evvie,Georgeson,egeorgesonpx@unicef.org,Product Management,340-153-3650,Duanjia
4935,Tabby,Whawell,twhawellpy@xinhuanet.com,Accounting,149-790-2818,Saint-Ouen
4936,Devy,O'Cahey,docaheypz@amazonaws.com,Business Development,339-188-9969,Uddiawan
4937,Janet,Biggam,jbiggamq0@istockphoto.com,Legal,826-652-5177,Águas de Lindóia
4938,Noelle,Lindblom,nlindblomq1@vistaprint.com,Engineering,269-899-9662,Kaolinovo
4939,Donni,Bovingdon,dbovingdonq2@google.pl,Training,860-493-4719,Sivaki
4940,Salem,Dovinson,sdovinsonq3@hibu.com,Services,911-633-5581,Corpus
4941,Randee,Byrch,rbyrchq4@free.fr,Sales,239-891-8923,Jõhvi
4942,Michail,Maxwale,mmaxwaleq5@nyu.edu,Training,992-799-4425,Trzcińsko Zdrój
4943,Kelsey,Cordingley,kcordingleyq6@imdb.com,Training,962-530-4742,Sulūk
4944,Sayre,Hehnke,shehnkeq7@youtube.com,Support,626-426-5926,Alhambra
4945,Corella,Maton,cmatonq8@mlb.com,Support,194-156-2915,Haghartsin
4946,Isaac,Jonah,ijonahq9@aboutads.info,Training,806-389-2890,Aksha
4947,Townie,Squelch,tsquelchqa@jalbum.net,Accounting,587-983-9927,Djambala
4948,Ken,Stoffers,kstoffersqb@ycombinator.com,Product Management,360-248-8383,Liucheng
4949,Glory,Mendel,gmendelqc@fastcompany.com,Services,766-844-3254,Sebegen
4950,Pooh,Autie,pautieqd@thetimes.co.uk,Sales,950-326-8998,São João das Lampas
4951,Ariella,Emmot,aemmotqe@oaic.gov.au,Human Resources,636-420-0147,Tankhoy
4952,Sibella,Harte,sharteqf@washington.edu,Human Resources,463-654-0183,Hvozdná
4953,Farlie,Hedaux,fhedauxqg@about.com,Legal,794-706-9813,Talalayivka
4954,Urbain,O'Fairy,uofairyqh@dailymotion.com,Business Development,587-542-4811,Muro
4955,Broddie,Absolon,babsolonqi@msu.edu,Product Management,568-962-7939,Palkino
4956,Iosep,Brunnstein,ibrunnsteinqj@feedburner.com,Human Resources,872-561-7741,Xianxiang
4957,Berkeley,Wedgwood,bwedgwoodqk@netscape.com,Accounting,652-198-6405,Bahāwalpur
4958,Jasmina,Deavall,jdeavallql@cmu.edu,Human Resources,982-233-0402,Fatumnasi
4959,Phil,Leates,pleatesqm@blog.com,Business Development,370-567-3646,Porto União
4960,Raf,Kull,rkullqn@hud.gov,Accounting,708-457-2347,Portão
4961,Jori,Baudino,jbaudinoqo@hugedomains.com,Engineering,442-999-3002,Taiyigong
4962,Anastassia,Bennet,abennetqp@techcrunch.com,Engineering,712-236-5454,Peristerá
4963,Fred,Mobius,fmobiusqq@latimes.com,Product Management,246-178-8620,Sabang
4964,Ellary,Nouch,enouchqr@techcrunch.com,Legal,459-512-5298,Tafí del Valle
4965,Clary,Richford,crichfordqs@nifty.com,Sales,889-831-3574,Junbu
4966,Cecile,Nibley,cnibleyqt@seattletimes.com,Training,544-689-8553,Eskilstuna
4967,Aharon,Marchenko,amarchenkoqu@shop-pro.jp,Research and Development,375-311-6737,Khulm
4968,Quinta,Kopman,qkopmanqv@cdc.gov,Accounting,692-678-6077,Presidente Médici
4969,Corrinne,Bedwell,cbedwellqw@nifty.com,Support,373-962-0405,Sumberagung
4970,Lucian,Jahndel,ljahndelqx@cmu.edu,Engineering,125-593-6964,Kamo
4971,Meyer,Chyuerton,mchyuertonqy@timesonline.co.uk,Accounting,338-132-6045,Paucar
4972,Poul,Waryk,pwarykqz@theguardian.com,Accounting,650-587-3425,Mountain View
4973,Vidovic,Insley,vinsleyr0@spotify.com,Services,708-837-3371,Cuijiaqiao
4974,Nedi,Bayston,nbaystonr1@opensource.org,Services,693-868-9818,Baicheng
4975,Jillian,Sikorsky,jsikorskyr2@rediff.com,Marketing,751-334-2789,Awilega
4976,Trueman,Ryan,tryanr3@usgs.gov,Research and Development,408-693-8674,Lecherías
4977,Virgil,Adderley,vadderleyr4@guardian.co.uk,Sales,808-130-5677,Honolulu
4978,Jorrie,Kellart,jkellartr5@rakuten.co.jp,Human Resources,163-505-7473,Pacucha
4979,Clayton,Spellar,cspellarr6@ed.gov,Sales,449-496-0912,Wangjing
4980,Way,McLay,wmclayr7@google.com.hk,Support,470-322-7109,Pajić Polje
4981,Ruggiero,Caverhill,rcaverhillr8@t-online.de,Human Resources,836-836-6722,Novyy Oskol
4982,Cristionna,Saye,csayer9@sbwire.com,Services,317-514-1949,La Rochelle
4983,Thorn,Dearnaley,tdearnaleyra@php.net,Research and Development,954-906-5999,Baoziba
4984,Isiahi,Doutch,idoutchrb@spiegel.de,Services,717-664-1232,Gapuk
4985,Rose,McDonogh,rmcdonoghrc@wix.com,Training,525-219-5782,Dvin
4986,Carree,Bethel,cbethelrd@spotify.com,Support,116-471-6940,Asquipata
4987,Cheslie,Feechum,cfeechumre@slashdot.org,Sales,911-793-1707,Saint-Ambroise
4988,Elspeth,Alibone,ealibonerf@vistaprint.com,Marketing,737-580-4577,Gagarin
4989,Barnaby,Calderwood,bcalderwoodrg@stumbleupon.com,Support,241-426-0881,Mizhhir’ya
4990,Correna,Dumphry,cdumphryrh@intel.com,Legal,500-866-9813,Pukou
4991,Emilio,Paulazzi,epaulazziri@symantec.com,Research and Development,104-915-4951,Las Matas de Farfán
4992,Stephenie,Hawse,shawserj@hubpages.com,Marketing,488-633-9524,Kalchevaya
4993,Sharyl,Van Giffen,svangiffenrk@cbc.ca,Sales,865-659-3357,Baoshui
4994,Ruggiero,Coldridge,rcoldridgerl@cloudflare.com,Services,451-364-9193,Kotauneng
4995,Adi,Paulet,apauletrm@ustream.tv,Services,198-648-6389,Severskaya
4996,Jo,MacCracken,jmaccrackenrn@seesaa.net,Training,951-787-5542,Vila de Sal Rei
4997,Silvana,Dalyell,sdalyellro@drupal.org,Support,800-251-0248,Bromma
4998,Alis,Garrould,agarrouldrp@free.fr,Business Development,974-794-6963,Ajoyani
4999,Dimitry,Finnis,dfinnisrq@pbs.org,Training,835-115-0563,Krasnyy Profintern
5000,Elinor,Mara,emararr@youtu.be,Product Management,235-920-0710,Xianshui
